445,839 2126
11672,604 12798
109,111 15232
461,1215 12713
2610,524 13606
2946,12058 14467
566,104 6974
98,273 9873
365,510 16281
84,497 15849
407,408 3693
476,600 9272
3117,1159 4327
4598,284 13353
1146,501 5591
70,2758 16000
8954,491 13802
6364,392 8119
1714,1950 9380
352,1501 2402
1666,309 3878
32,92 262
410,1931 15669
9861,3599 10866
278,614 12422
272,101 3892
1943,1827 7313
3941,1057 8764
105,870 4498
2223,259 10341
703,1493 3444
5011,758 7329
6542,1442 8395
327,109 2462
633,115 1637
1944,2366 5455
623,299 1015
391,361 5433
845,1597 9218
326,309 3996
307,265 622
363,101 4738
47,5231 10430
7055,7890 10458
2175,1009 8689
119,3016 7770
328,6228 8688
70,70 3730
466,48 4619
558,700 5268
361,312 10340
357,304 773
1513,324 2690
301,101 527
1722,666 12429
4197,449 10186
2598,3652 13143
32,637 14865
288,644 6560
104,682 10789
2120,355 6432
834,320 15425
1035,6765 8475
564,1873 8671
3650,483 9863
281,288 2209
1522,1522 5002
919,102 8009
372,297 499
5338,1187 7001
6673,1407 8164
310,1424 8819
2246,520 2352
1404,1948 10158
32,120 1329
326,1032 13936
3025,427 15284
259,520 10149
1349,595 1957
1011,568 3157
75,69 9088
1087,4314 4402
570,47 3830
2098,40 13376
447,120 13523
6478,121 12612
5837,1202 13666
6470,1407 15462
69,76 4953
507,5194 7653
5851,501 8731
69,89 4972
1092,553 2203
302,120 377
97,116 267
1076,1398 2164
1295,546 15125
386,973 4631
340,388 7815
263,351 4690
6142,941 15486
402,103 2826
79,80 12565
291,115 5898
269,97 12963
279,1800 13136
5279,3069 15468
89,83 8040
4651,7195 9503
2305,4371 12913
6010,325 7711
435,276 14736
313,110 638
4093,5130 5633
461,101 1137
4101,10448 14902
673,321 14569
328,6261 12576
410,97 13729
267,705 13586
365,630 5180
318,499 12230
2911,98 11364
268,264 5963
893,624 13962
302,464 9945
1079,2361 3518
119,860 2510
924,831 15436
310,961 5251
273,121 446
110,522 12874
372,350 8928
109,98 1132
4326,1056 8708
268,6242 12135
66,65 11556
612,1852 5452
283,418 1213
3562,4084 16020
327,103 1209
411,450 6596
111,110 264
549,99 2121
71,83 12898
416,53 3236
463,320 5328
3114,320 6846
4854,272 11271
195,162 13440
114,473 2786
4042,11360 15843
8014,394 16273
2155,1157 5998
5437,285 10973
4908,1179 7522
459,289 11857
316,325 1443
340,1158 8232
9543,596 10485
746,351 5421
3959,274 9679
810,2542 6788
360,4162 10412
277,3179 4068
8001,115 15636
7809,7809 13132
919,2312 7319
391,3050 7660
638,1295 6517
641,110 9005
3943,652 11170
306,2256 3242
3362,3362 7322
69,108 14802
106,2464 9362
798,115 4196
4135,97 8288
316,364 3284
330,347 13757
283,928 1283
812,527 2142
784,47 14806
57,57 3135
3584,115 7705
2454,1838 7342
1127,3840 9597
283,483 12587
2075,604 11022
342,626 12890
752,50 9474
328,332 2127
919,1972 11859
91,105 3597
261,2085 13808
7111,1075 15075
477,1597 2751
4014,1041 10462
7208,97 14417
356,9182 9346
954,2538 9669
289,1053 7903
261,345 1381
3596,3784 10267
1149,7770 10927
1126,12347 16007
3231,105 15173
2860,392 7189
857,627 1753
374,263 9085
2145,9842 9930
104,525 14033
365,932 6319
2978,3366 5498
447,682 3894
1581,941 5530
322,731 4259
5090,7633 11566
5296,520 12218
294,1883 10608
7898,140 11406
117,108 350
306,421 1149
45,84 8035
399,1688 1744
1770,1016 9083
372,553 3848
69,5236 6429
697,116 1428
3691,1414 6160
1996,118 10808
10709,8298 14879
2910,299 3649
80,1628 9811
4014,1002 10474
7344,351 13168
11288,11288 13208
589,8477 14553
3035,680 8287
4053,11897 13713
71,76 16040
333,108 2515
268,3172 4487
70,659 14697
10820,69 15633
342,304 775
48,56 5051
558,414 5486
410,372 15821
1739,267 12088
1472,782 12220
401,868 2361
6623,97 8884
281,486 6333
1835,3258 10581
40,944 1791
1350,714 3887
303,1004 15827
603,99 1154
326,260 3270
5668,121 7974
77,350 12986
272,116 408
371,116 2085
340,8539 8952
1610,393 3006
1560,3640 8921
873,794 12211
40,120 2624
95,2473 14775
58,58 1522
878,813 9093
857,331 1194
280,285 6318
363,469 608
303,595 7900
283,289 13354
114,666 5333
2839,472 5553
377,796 2547
319,10073 10599
257,1012 8947
1403,6103 9839
2243,3921 10719
86,314 16022
1204,321 8361
259,263 9698
6662,1187 14814
4201,546 9154
15528,14846 15835
445,104 4995
1810,115 5842
56,49 9418
276,409 6344
7331,289 13741
1649,699 15515
284,115 637
812,856 1252
580,1994 9408
4168,735 15020
919,2222 4275
1751,414 15013
290,492 8593
5534,7890 14887
463,765 2375
365,1356 4702
1816,3237 14118
1751,12414 15972
1717,1163 13862
100,120 9691
300,264 1778
318,7905 16047
348,148 2013
338,288 13349
398,530 12517
117,291 1801
268,1678 3368
2099,637 14277
55,55 4385
259,3692 8254
329,714 9979
11410,2776 13072
398,388 6793
72,2354 14704
1236,171 13365
11756,109 15890
616,5046 13991
2838,84 6925
2856,520 10205
507,7259 10311
271,273 468
271,492 5865
8912,2758 14026
1133,275 15268
4364,3365 5847
3785,351 16268
283,408 2115
694,3381 5788
771,112 803
2221,322 9877
465,314 14597
6169,2446 11080
68,69 5828
318,84 12221
99,301 6979
1096,690 11136
2821,1705 4400
5640,520 14709
323,45 11633
294,510 7935
716,105 6858
447,1219 9190
40,1088 13627
3067,1576 12007
4944,321 11836
208,184 13740
5710,361 12829
638,637 13584
9301,351 15939
72,83 9731
9165,1179 11529
2672,394 5278
580,1801 6250
1722,321 8279
3378,8802 8897
762,1089 2526
2509,644 8984
1894,401 6666
343,1266 3468
2429,353 3547
97,605 5906
83,1698 13665
1356,1830 12840
2288,285 9664
103,680 10448
7785,7785 11305
461,280 6928
3079,511 12312
687,117 1884
1084,115 5439
2232,121 3851
84,3604 8602
1165,501 2616
306,2801 10024
292,311 6775
2541,2541 5593
5242,5242 10983
1730,370 7059
391,276 15022
435,339 11496
116,560 1319
337,714 14648
5187,280 7043
7063,401 11686
461,363 4070
2394,97 14777
283,3949 5769
411,288 2534
98,263 557
318,2791 13324
1527,329 15295
459,73 9447
4019,3325 12511
1677,347 3161
641,719 855
289,482 4060
336,105 13828
843,1099 3687
1179,115 3733
946,1382 7362
687,263 11312
459,1143 13537
1915,97 3303
1635,628 6796
5261,321 10520
290,269 2455
45,103 4527
76,80 7742
547,115 2406
2014,7796 11967
271,456 14540
3564,274 14948
261,112 8937
925,8818 12292
1538,115 3238
67,3118 12019
425,304 12750
99,107 601
52,2789 14479
5504,5365 15253
105,108 308
32,195 7867
786,1139 4443
41,42 14191
1916,2601 3651
263,393 3408
89,296 7275
326,1312 10984
399,418 13562
1570,2110 4468
40,78 14998
577,288 9200
5309,814 14258
478,7945 10397
4920,280 12526
290,259 1108
275,285 3514
1986,7414 10607
257,689 12584
507,440 2371
263,274 1902
318,2574 6534
724,2304 5288
6459,274 10968
526,895 2217
101,115 272
943,115 2524
618,1856 9878
278,856 11153
4878,557 11230
9335,269 13442
102,8933 15783
100,272 4403
325,473 12110
687,768 13245
2261,97 11796
333,1742 5675
1907,3593 3957
259,288 15336
481,687 1463
294,334 13335
8967,1365 11073
1560,7174 7752
2802,705 10019
61,36 8128
435,424 9801
3871,867 6403
443,1123 9290
7559,347 10818
316,522 1913
118,571 892
712,115 1027
3093,8236 9985
1086,3163 4071
5770,3116 11219
289,351 5827
1059,261 15649
12658,288 13360
272,1442 13706
226,136 5385
1518,259 6074
670,120 7732
1191,431 8533
2778,731 3739
328,66 5406
1095,4981 16338
5492,3813 10058
6337,285 13877
281,97 4273
111,336 4886
1154,5247 12615
934,5628 7856
337,500 2079
257,424 15146
872,280 2678
1573,272 4314
46,97 14722
538,4259 7697
316,2035 14735
679,2675 14991
2537,101 11144
845,312 5229
1323,55 14173
1560,2171 10522
316,111 1121
1919,89 9044
391,693 7901
40,97 3066
98,2229 7982
80,86 13050
7176,5034 7611
729,768 9430
391,11247 15139
356,571 806
9338,394 12472
1182,2137 5245
46,5750 5868
78,4032 15191
943,5901 7758
713,329 13913
3158,3481 13588
276,2749 13704
317,3354 15485
339,2359 14501
115,559 2566
2942,2012 8829
79,646 927
303,1974 8827
869,3226 14177
512,117 9962
263,758 15511
325,820 1652
411,2311 2477
6021,5512 13844
281,101 508
974,267 4694
318,553 10746
271,3283 11753
258,902 2174
6330,115 15854
108,269 10466
5576,473 10420
1126,1402 10909
42,125 12735
3361,8488 8601
365,1995 10422
3096,1002 8256
5109,3274 12440
399,4082 10763
918,320 6705
2156,285 3774
330,272 2749
46,119 9563
1761,393 10403
797,5000 8110
582,272 11105
5369,490 6818
290,677 10322
676,699 4272
720,280 2652
1783,357 8402
5933,1824 11037
333,1327 6154
3256,5803 15156
96,4176 10088
1936,766 3913
501,320 1129
631,1745 7394
671,1351 4297
504,280 13002
104,497 9530
810,1731 3559
289,264 7487
116,121 909
290,274 6240
119,259 8136
8866,364 10886
1156,277 9421
979,112 1552
91,1364 12404
82,83 12280
278,364 1400
277,112 9277
1037,1145 10514
392,112 3131
67,82 10621
6219,1271 12044
1079,98 14327
112,263 431
627,280 3205
289,280 6167
47,96 7047
6030,590 8246
304,689 8670
406,115 1766
1505,372 7973
97,371 10996
125,95 8076
350,524 4335
388,1927 6616
638,499 7098
279,339 3480
2386,1102 9850
398,4596 12642
1560,522 7139
294,364 1558
95,5333 14161
1509,1598 5005
94,123 1679
9091,320 12067
1418,353 1517
2922,10503 16070
117,280 2110
73,7759 15175
302,490 5922
661,264 1344
49,989 6265
3924,427 8836
3515,604 6474
5186,5382 6646
79,78 1565
2250,1362 12187
268,433 696
68,73 13999
105,2244 5464
326,311 5642
115,104 2473
414,285 6987
652,276 9394
589,314 5447
1521,115 3130
391,372 9755
318,6825 8797
5109,5878 9133
2288,284 8096
124,92 9780
2939,1551 3014
10248,109 12003
572,121 13182
99,299 1111
46,58 13621
418,98 6504
77,68 13752
1279,520 10381
271,1423 14309
661,2228 2431
9497,285 15833
275,370 7259
3681,1116 5590
618,2518 7484
4201,280 14164
98,105 7743
391,687 13452
538,2548 8144
1363,614 7854
1031,347 7280
459,1125 4942
1832,327 6491
1240,1187 11242
268,99 671
288,285 2561
911,471 15228
1451,98 12323
41,44 541
901,121 1281
573,101 6781
290,1727 4667
411,562 4766
410,111 5714
4061,371 10566
111,97 14535
283,274 898
303,1843 5390
2898,334 5355
3900,263 15465
49,57 466
7694,289 14358
41,532 2490
4284,7294 8045
998,103 5104
1874,473 16046
2461,439 6337
447,109 9630
365,330 14326
94,92 10275
98,276 3869
102,403 1368
3301,338 8399
105,97 594
295,117 9045
2494,1824 8828
1456,264 6838
326,5376 9426
1391,2379 11058
316,980 2001
4500,1430 9019
2633,539 12532
459,1004 14387
99,555 6811
1261,115 3688
314,272 3120
1207,100 4770
1286,264 5797
100,269 7103
2972,1402 5200
95,964 9856
594,104 12624
8027,86 15871
3331,13063 15923
302,288 1127
10623,121 15986
1715,2434 2617
294,689 2859
283,406 3409
459,5583 6061
1728,297 8072
944,2776 11785
103,117 11914
112,472 13555
342,312 10506
40,502 4058
1227,936 8988
45,6406 15356
1086,9974 15684
1218,121 8417
1527,644 12857
395,47 807
7237,1021 11202
795,656 15533
974,280 3081
1561,284 3825
377,276 7619
305,2933 4863
298,115 538
108,285 1895
73,70 7500
384,637 8801
32,363 676
80,364 10357
279,614 3961
119,3812 11060
2974,9018 12020
10678,121 15204
4541,275 15314
1395,274 15597
350,329 15745
13613,15785 16076
1848,876 7321
399,267 16308
821,2120 11095
398,273 8445
306,2184 4837
263,115 347
46,4940 5207
543,273 14397
101,112 635
1238,722 2672
8107,4447 10885
80,1100 12258
1878,289 15628
1337,472 6730
465,1327 14520
13487,176 14568
495,36 1237
603,1051 14023
85,728 10561
1079,9890 9990
118,4159 4929
462,338 1754
264,101 689
268,805 2398
5290,1630 6610
558,659 8839
2272,285 11624
351,103 2557
339,1187 11348
44,13 1244
596,103 944
1939,1254 6218
740,7992 8915
1885,3960 7017
112,108 652
4538,115 8895
3970,940 6921
510,454 8705
356,559 3148
2538,1312 12944
3826,633 5052
12463,2602 13052
45,892 13080
268,8002 8742
46,555 5557
3276,136 6468
119,991 7700
110,334 1302
869,297 3923
6435,6435 14955
413,400 554
7010,285 10440
4530,744 5525
1359,320 10628
8788,442 9961
1509,2228 11199
1185,299 11365
3564,909 11646
1141,936 15841
629,285 3237
455,107 1045
5045,576 16008
852,699 7094
6043,392 9039
11635,1096 15623
851,369 3755
7070,5919 9717
429,41 10800
783,1114 3032
480,441 1251
5670,393 13466
283,2171 15355
1702,983 3660
334,272 8834
9196,491 12609
404,1948 2654
93,46 2118
377,431 1128
276,272 2966
303,82 7303
46,75 14342
45,79 14759
41,367 502
577,6356 11673
318,961 6940
372,1519 3485
1205,498 3142
3941,1070 5564
1394,263 6642
2421,637 11782
268,345 13069
296,401 1542
555,947 12748
2355,768 13708
107,1187 9198
8346,320 14204
392,888 8123
112,369 16144
83,309 5035
1036,4629 10648
352,116 3318
1034,432 4153
103,677 15558
2590,116 9569
391,5169 7180
1773,409 7590
396,353 10932
79,67 6563
80,80 12366
2384,688 16085
445,308 8413
309,336 10164
1308,285 5796
401,267 9756
65,764 1106
563,5274 10964
3165,346 11154
268,311 1073
290,1280 10593
392,1020 13795
95,2598 9905
4999,280 11876
283,269 10679
465,374 3189
412,115 1038
722,272 8244
45,4686 5790
1292,2511 7906
8203,499 10315
65,2458 5698
3436,7907 9977
1260,1260 2313
259,644 4021
1795,329 2426
797,2446 5595
5573,882 15766
2520,299 16356
13187,14816 14909
271,606 15838
7973,314 10997
1823,274 2915
70,67 7850
1569,280 7246
1055,329 1372
783,5815 6447
897,285 4533
3437,115 6822
396,280 1745
271,1269 1932
3211,524 5249
1090,320 1299
1692,1692 3296
695,1637 5864
71,2519 15671
105,299 633
563,1192 12455
873,3516 4583
1448,355 7789
1748,353 6195
466,57 615
368,347 8619
278,297 7431
1292,6356 11007
1754,941 4584
2093,261 9937
92,1544 12628
413,100 1183
318,264 919
466,52 3828
435,300 12626
3529,1921 5575
494,44 10137
274,592 12433
1833,11910 14089
2884,115 14368
111,117 296
84,1800 9632
1240,4403 10950
5981,515 7655
303,10857 12119
95,112 4614
1733,499 2987
401,2060 11563
297,628 2215
7374,3492 13755
114,1176 10930
83,1002 9465
291,1345 9939
4164,145 7024
537,1477 10616
77,273 4015
517,378 3287
978,2888 5610
6351,121 14511
11371,10777 12772
114,321 2359
258,2097 5804
381,555 1643
7299,10931 14954
1065,527 8642
312,121 3786
391,330 1548
283,1105 13612
340,1883 10959
1142,320 2756
279,562 4301
336,110 987
279,2131 6599
350,116 519
851,3358 7353
103,299 12117
573,3458 3766
50,1265 12757
3256,427 14267
348,137 12325
73,69 5490
119,528 9770
2865,758 13824
2926,284 15550
1103,3499 11704
47,3342 9208
688,111 12107
1239,336 3846
1720,525 10284
1518,5195 9757
5657,2447 15893
4571,116 5823
4429,267 7402
618,1381 3710
349,2100 7190
259,276 11197
414,104 2024
399,297 14398
1495,774 2696
276,472 6783
928,285 4924
2480,473 3263
32,63 4214
79,84 2948
195,173 8392
9558,793 12618
410,3082 13758
1656,285 15272
686,10785 13375
3709,274 9411
398,105 3910
306,346 13636
334,361 14527
349,2777 10387
48,912 14972
3431,312 4588
270,515 1561
6944,2947 15034
5961,5479 7262
290,630 2691
271,611 4398
1658,288 13093
32,502 4323
3894,983 11062
365,4354 15367
2813,1524 14701
6623,300 12740
108,259 5020
1239,370 3731
1151,666 9440
777,392 13967
341,104 13648
1577,1734 8512
283,486 6114
528,285 8664
3598,362 6389
3448,274 9752
274,97 11645
306,1232 1859
3341,1408 3981
632,269 9025
391,1383 14859
349,2360 7176
268,1867 2273
572,1831 2331
726,644 8428
340,2602 5286
577,624 1612
1347,285 4202
1740,4751 14918
402,345 3836
543,285 2328
52,54 4794
477,1141 9667
845,1020 1638
269,491 4679
435,275 10320
2186,1476 9130
1537,115 6490
305,121 10766
77,2131 13945
1154,415 7631
281,412 1683
333,288 6696
1600,11261 14200
822,5227 6511
327,910 15411
746,321 2781
279,2065 2198
5014,274 8777
871,285 7192
13961,284 14523
301,115 1675
1940,1999 10121
279,311 12479
279,6456 12824
71,73 13014
325,4493 13465
119,424 14881
279,412 15172
10030,299 15424
2491,882 15539
45,73 13680
411,5667 8949
1071,4347 6285
2635,73 6425
2260,501 12210
422,272 1966
279,291 6307
7162,121 7677
455,8417 10163
259,329 10197
3628,34 15429
984,628 3176
1320,1856 15115
4893,280 16069
263,594 5099
869,656 6991
1269,280 3594
41,123 4377
47,5438 5720
73,102 5873
104,3647 16202
4300,299 5059
599,7047 15874
573,15237 16160
1132,314 1566
5982,7400 8960
33,41 13907
658,304 2239
391,89 2765
1277,949 12693
11620,12316 13838
1005,1617 2651
5004,1611 15376
46,59 9003
114,264 1097
479,345 1394
5578,308 6903
3231,1377 14544
34,96 8767
399,1365 15957
229,133 16073
301,274 13049
86,982 14150
11515,1563 16113
2505,373 2508
6457,115 10794
841,84 8922
52,423 4591
3490,115 16374
333,117 1720
49,1064 5911
389,297 7195
108,1259 12358
3629,115 11771
11424,863 16015
1305,2456 11803
273,100 421
3525,272 4120
1585,304 2192
1965,473 5935
5892,116 7440
852,267 1248
2161,285 4501
288,100 525
3981,916 9125
85,67 9235
2843,1276 5936
5859,888 8350
46,494 9253
1151,2876 9030
3500,666 13988
361,115 1485
730,1757 11070
7215,501 13766
318,492 14557
1154,4043 8830
83,796 11923
657,304 5350
5145,115 13744
110,993 2888
589,105 11507
399,3030 13079
497,272 11386
544,555 738
257,826 3834
372,765 1202
122,111 12964
2581,6119 6872
6419,4678 15709
271,330 3040
925,482 3800
512,688 1595
365,263 7354
7811,2099 8174
751,116 14311
3587,7726 9147
67,104 2979
5312,10364 12361
443,324 15490
4433,964 4615
374,280 7675
278,482 15552
2804,275 13119
3378,3215 15767
319,261 9289
1005,393 9928
443,295 1345
1505,820 9330
1320,1057 12324
326,1542 2703
118,263 371
32,102 279
946,388 15589
309,639 7799
257,101 632
260,114 373
862,374 1397
327,5111 14493
767,689 3439
686,299 3121
569,442 4703
1736,870 6457
5191,5097 8727
726,107 13826
397,408 11781
5697,284 14525
279,539 1220
7794,285 12813
657,99 14861
101,1075 4903
3351,693 5616
274,280 4427
804,353 12082
283,3866 4224
1154,10026 14576
1455,1637 12287
544,7892 10305
117,101 441
1063,1063 5025
294,2357 2850
344,261 1306
4445,280 6286
3862,409 5893
1833,308 7418
338,116 5693
537,539 9783
45,2165 15084
46,96 15291
534,263 9207
377,390 1923
569,614 1942
274,121 4921
1632,8071 15042
79,87 5374
9434,861 13494
87,3665 16370
77,83 5392
388,515 3163
3771,2934 3911
618,259 7801
9404,320 12256
903,320 2713
649,626 3224
3148,492 10162
46,329 10372
302,553 11415
277,793 14529
1413,1413 1692
318,111 2687
410,280 4432
32,86 589
1240,716 3359
935,582 12600
946,1438 4898
457,4514 7786
487,166 6352
468,1858 2600
8771,7967 10418
402,772 15970
894,321 2932
603,115 6321
342,103 9527
2677,1384 3449
356,276 4578
5875,2468 7491
809,887 2881
1115,285 2962
1189,347 5016
297,1053 11115
1434,334 9165
512,3358 14225
6933,394 9807
2042,280 10844
2994,353 15433
281,362 381
123,40 14038
913,7938 9603
1446,115 6634
2524,2159 10239
306,1955 14027
538,308 14050
277,596 4475
337,4708 5252
7968,432 10081
45,75 4768
82,338 11989
1509,264 3308
2731,368 12557
1305,3692 12949
10011,2075 15406
328,114 1320
1489,887 13820
11681,1057 15984
4372,107 11184
268,108 2261
1595,2786 5500
445,464 6316
292,120 5758
1649,6971 12027
296,354 439
69,83 841
290,299 10375
1489,1407 15918
305,779 2337
4423,275 10470
495,46 12138
349,102 1603
1279,366 6814
270,6942 11446
398,796 3916
6208,1187 14061
474,263 646
32,771 7525
960,689 7217
294,397 1156
7417,6318 12204
120,105 5039
564,309 15162
46,46 570
391,853 3159
279,320 8759
277,280 2007
465,718 1836
457,121 4173
763,4891 5257
72,73 14822
65,1186 11640
279,105 8604
10846,1565 14811
296,116 555
278,1959 5121
972,263 11669
475,431 2638
755,363 3197
260,354 8860
591,591 1484
268,1206 1696
1444,701 2295
67,69 3588
1099,551 10992
1875,439 12176
4085,285 16214
803,280 15350
346,272 1938
4338,115 10123
484,890 11047
68,1929 12669
105,392 1442
617,355 2069
104,97 4800
9420,299 13300
6001,6001 12478
3313,108 8524
3613,284 9001
120,1430 8888
1445,280 6127
873,6224 12684
494,109 8029
322,347 12181
105,110 259
102,101 10524
356,1136 5883
4070,680 5782
599,1168 1318
45,97 10006
1091,1056 7465
1816,336 15119
1079,621 15296
1086,2265 4090
996,285 10095
407,101 1054
330,637 2457
3383,600 4316
456,394 14205
408,121 14464
114,339 5143
5639,2145 13823
965,110 11808
978,1219 3752
105,120 1529
1360,115 13638
340,325 6419
557,595 11894
32,348 487
1108,285 6756
115,685 7327
5678,10852 13953
290,2165 14298
658,3077 5985
316,2391 5363
3696,3258 11614
389,98 9983
318,394 3680
1396,8796 9747
620,1976 4149
318,101 15135
1937,370 15496
2988,115 14783
7296,2324 10776
682,280 13822
526,299 10991
410,346 12193
68,272 8141
1448,4735 16296
105,109 325
32,79 445
2433,101 3963
465,4933 7004
44,39 13294
2218,527 13451
481,6243 7196
458,6593 11328
11361,79 15171
41,1048 6273
1629,396 14526
287,102 954
329,355 9369
1154,2862 5226
111,525 2924
276,432 3692
623,2548 5918
3856,285 10227
582,347 5222
1190,2752 11793
1452,486 11802
69,112 15077
2436,499 7197
326,314 2047
399,545 3809
523,83 2341
1339,4650 12861
289,321 2895
397,2137 7929
602,115 2314
275,107 1089
85,80 2934
1349,1617 5715
851,2720 6896
407,3016 4416
638,6448 8351
3351,441 10268
445,75 14477
289,524 2676
815,4976 12197
40,66 15234
1236,160 9903
300,280 744
388,97 12528
326,2196 9022
1210,2705 3496
815,280 4983
365,534 3369
364,353 6993
104,346 5111
3988,1622 6520
83,111 9467
9631,9306 10326
1510,1519 2823
257,120 13846
294,491 11893
327,341 7221
84,4032 9051
1215,637 10134
258,366 1815
97,324 614
869,108 2897
1269,499 8499
2317,393 5631
1149,297 6404
1439,57 16319
326,83 12309
411,304 8846
5767,115 14325
975,431 16038
2030,614 10931
3012,860 4037
350,473 4677
1667,115 6249
319,1378 9397
97,4738 10156
257,659 3895
349,1880 5206
7642,263 13692
1830,89 16188
102,263 588
1540,115 2642
45,5403 8709
422,263 16023
5947,289 9728
290,341 3049
32,357 3822
318,82 13596
107,263 5123
71,79 14815
653,442 1987
39,41 4016
387,387 1010
9,13 6045
121,272 6612
125,41 4451
279,3023 3213
444,4084 9746
1167,351 10519
101,121 5471
568,276 11025
326,699 13248
1625,4313 10342
97,368 3310
65,98 12090
3056,1677 6125
2026,297 2284
110,103 1948
105,877 3030
360,4288 5708
327,107 12843
407,3665 11760
6559,11585 12352
118,394 15206
110,263 1258
2109,841 15363
839,735 5403
3986,779 7740
609,432 1429
46,98 9622
271,3648 5023
259,110 6856
77,519 11559
2018,3670 7038
410,527 10304
4116,100 16003
6754,628 10597
697,7002 9210
104,285 3307
1837,110 5281
283,905 1052
5913,100 15812
3211,666 6764
318,1665 9379
98,285 12124
276,273 5867
95,47 13164
106,105 12886
7430,6540 13219
671,890 6944
729,334 4561
1499,1056 10283
123,90 14573
34,642 2439
534,264 8531
9349,12456 15963
4046,524 15922
4687,88 10300
7853,4162 11167
9,587 6065
100,280 3391
99,121 4345
1212,6631 10139
10182,263 12544
1739,2499 12582
851,421 3580
1365,5273 15640
728,472 7725
483,114 12030
3157,353 6865
5492,289 11783
264,665 14714
650,107 1029
114,562 3805
707,13 12457
998,121 5544
257,1501 15807
91,93 2098
360,693 14475
99,104 336
1682,1268 4127
385,103 8788
268,3078 7249
331,354 12619
959,280 12867
1717,666 3223
46,104 5654
4583,320 7115
45,418 8086
271,439 1005
4311,272 6895
372,115 8495
603,9134 12070
724,2039 12647
273,314 13956
713,7751 7772
101,99 796
3198,3086 14768
6882,6794 6949
573,264 15047
7971,4173 15806
380,103 3617
9931,3150 11754
350,115 6968
796,856 4052
2900,4916 11008
1415,2110 4919
56,55 7095
880,12621 16121
5004,1908 9692
399,732 4145
5871,89 9613
111,114 275
792,102 8553
279,7762 13883
514,264 4801
278,280 7380
2753,4375 9416
328,460 11215
1154,3787 6888
47,1729 11283
2976,273 5175
393,116 8015
116,373 490
278,3131 7469
410,338 8195
310,2159 9216
4687,336 14663
32,99 271
365,2908 16155
257,104 305
382,705 1422
816,120 3765
365,79 8176
9882,4701 11595
290,339 5370
4057,514 12428
1679,92 8032
392,557 2931
304,101 5519
920,62 5977
1188,49 14468
563,2831 11609
290,350 4647
283,4047 12858
109,1494 16358
964,71 2766
356,1563 11325
337,108 13718
459,97 4937
971,1480 5384
2341,65 7363
8151,3268 8511
34,44 1433
391,263 7833
6627,6983 15202
6617,1637 8713
290,691 955
110,117 13906
2415,628 8821
6104,289 15948
5476,9479 9907
1229,491 2807
257,121 979
365,10396 11373
923,347 10829
4437,5784 10039
99,1051 3160
3021,169 9345
1086,3389 7883
4024,9811 10620
229,144 13927
458,4853 5290
475,9619 14197
1489,1849 2107
1589,1742 8808
770,121 1503
268,500 3929
2114,284 12547
563,2590 11387
1474,8930 14214
292,1130 6059
775,7221 8892
2050,301 9915
87,327 15266
268,117 475
109,321 6346
102,440 4730
514,280 1041
40,68 9973
4164,151 10191
2917,280 14080
535,132 5292
3535,2702 12114
763,1598 12150
3035,2244 11751
229,136 15931
1082,92 8964
1379,2110 15804
463,263 4295
5384,353 13699
526,2460 13411
40,115 3249
2127,1199 3556
51,57 3732
279,2863 6488
437,1929 13613
582,12296 14354
573,11728 12072
271,1201 1315
117,355 6603
9596,1028 11909
356,907 1336
1835,280 5950
879,115 3259
32,517 6085
2487,284 11818
455,414 2065
1939,1361 3392
111,277 14091
349,443 617
572,5808 13029
398,1106 3994
616,110 857
1980,3109 11214
1103,3540 14256
402,13199 14276
310,2322 3085
422,121 2137
318,361 16376
39,58 7039
265,757 2614
7560,624 11690
8003,10258 11053
40,1852 15779
1212,1803 6185
4849,115 6784
105,473 6482
1073,312 9576
445,3661 7079
34,125 9535
8030,5349 11761
258,108 380
306,301 4796
82,666 13139
300,644 4865
912,55 6976
121,296 13582
65,714 6013
267,4255 14097
46,91 15255
399,500 10953
989,49 13544
326,65 13251
1127,401 4065
873,2007 6689
1192,121 8658
338,101 1989
3010,2298 10985
1279,840 11118
2355,117 4970
399,1192 9887
3123,4141 16220
68,364 14217
459,3043 14921
306,7756 16089
356,543 15276
268,1153 1440
2650,10907 15241
97,115 300
271,9469 11762
1607,285 2748
2666,14352 14653
283,463 12856
111,1757 12239
297,1709 15761
2167,341 4940
6307,5607 9445
1339,2774 5073
388,115 2002
9358,2745 10398
435,15061 15167
2177,9839 15428
6205,308 8175
476,263 1247
328,76 6806
1058,4450 16153
278,121 10127
2461,1738 3416
5552,6344 9435
1207,3391 12704
100,285 2542
398,264 4321
283,1735 3884
696,99 822
1232,347 6144
55,54 9676
1546,6746 10012
274,347 14420
318,575 15055
365,264 3954
2637,598 6845
271,2643 8719
5085,1163 9916
4017,4017 8526
302,109 763
407,72 1805
650,2325 3866
426,95 4925
481,491 5787
896,336 4357
345,683 5451
673,414 7905
392,3767 13748
497,594 14959
333,486 8285
2211,1384 10078
121,112 3323
1365,2083 8216
6654,457 11990
100,1973 13206
356,424 6414
365,341 8816
359,272 6829
564,9488 11023
319,76 13252
328,104 15067
289,768 2906
277,116 390
279,5931 8815
326,392 6021
365,7834 9473
3195,680 11615
11678,5163 12268
956,120 4897
2308,1021 15647
5125,272 9172
311,321 3212
112,322 3516
45,5024 15301
729,297 2735
271,6531 16274
267,274 11987
361,482 5378
729,1973 6906
333,1851 11001
671,3344 16091
7232,299 12143
658,1809 12410
6802,320 8763
372,1105 13214
318,1274 1691
529,274 613
121,115 794
273,804 5503
283,640 8177
1428,7640 9280
911,265 14108
326,3322 14291
5384,263 14438
388,276 14451
82,635 9866
1702,1955 5514
112,483 2744
109,112 5163
829,289 6592
261,119 4648
4401,73 10858
543,264 10240
1185,633 2903
356,4652 5339
95,1528 11319
111,557 2685
105,312 427
896,4345 6997
4988,4988 12118
116,639 5467
9572,115 14350
306,547 5862
117,112 1312
275,3350 12563
4803,6278 9732
32,3343 9942
672,329 14466
913,1134 2068
360,67 7276
1238,1097 5269
32,94 1953
3877,409 5949
589,777 7868
2897,4916 8383
323,39 2681
991,285 3016
6644,272 15724
350,97 3624
340,1045 1945
3795,115 6980
2819,2489 14894
410,272 1526
4757,408 6284
301,109 542
388,1817 9257
1583,8545 10351
300,890 10297
1887,8440 10634
334,280 8624
7048,2427 12850
342,1345 2554
290,957 6226
337,779 11667
3250,1634 12036
3216,320 6816
283,300 1487
32,976 4941
83,104 3650
340,497 4620
900,272 6779
109,1598 2995
119,111 10225
4384,8119 10337
2537,272 7373
6520,284 7496
5316,414 12560
3466,394 10657
53,53 4146
89,272 8660
2166,454 4412
97,366 472
1226,543 6263
2009,121 3451
87,991 8541
1076,274 3501
1128,1057 5006
99,2643 7414
1996,1880 13512
268,585 3181
2775,1009 13499
2500,2893 10147
674,311 4247
2429,628 4945
3478,83 7629
333,261 1645
2175,347 13448
372,105 6565
45,109 2785
335,324 3517
4361,432 6798
288,1856 7184
4531,7379 8953
1168,1168 10963
4769,112 9505
271,486 871
331,97 10073
462,1295 9736
2058,121 3759
1560,5983 11018
333,12755 13373
268,420 10870
290,115 1870
874,1136 3633
481,2960 6989
79,8588 13647
47,1364 5636
1276,412 1849
32,40 323
3981,594 5246
465,300 5157
311,312 12979
111,322 1908
6651,3643 16312
312,714 10960
84,104 2648
291,732 1017
7986,2400 16240
318,104 829
391,1023 11435
694,2302 14910
2585,3897 15339
32,100 294
101,355 2464
40,532 2830
4220,699 4949
6122,3212 10167
290,2440 3203
462,463 13267
11938,722 13980
303,72 2596
1086,3784 13782
118,101 312
258,114 697
4471,351 6964
290,109 9177
1615,288 4986
1146,1116 2157
7279,6418 9243
2280,5133 9581
278,1153 4797
3151,473 12139
294,4596 5947
6749,3960 12212
1723,61 2032
105,104 11333
77,67 7236
260,522 13746
4160,635 15403
1165,594 3754
271,12340 15165
1835,524 15762
32,291 729
4668,13 4806
2211,1002 11278
309,876 8723
2633,112 9701
110,372 11648
4012,628 4442
263,324 10359
11298,8136 15521
295,275 1976
465,261 12574
417,92 7102
32,126 7674
4387,3674 5198
72,4511 4992
729,121 6934
73,82 7269
1653,794 10864
83,112 6544
1786,883 9057
100,263 1147
2218,414 14629
1500,1771 1971
573,510 5001
725,600 10552
76,331 4175
302,99 6878
1344,320 5160
258,102 9223
3336,115 11034
336,288 11901
92,116 12010
257,372 12662
302,4874 10668
4294,3902 4463
836,280 11323
12669,116 14498
271,682 9250
3165,361 5283
3926,285 10211
3123,320 15326
1055,3415 15860
728,371 7088
6772,2128 13637
1238,291 7283
5608,280 15872
2046,280 5996
1460,1430 1606
257,1766 8327
1005,595 1850
72,419 2036
3441,320 4264
1277,1390 6568
32,111 270
1188,53 5323
65,66 1425
2405,8225 11543
3378,3632 14078
108,111 418
119,3247 9929
108,779 12060
1573,274 12285
69,2311 13886
5930,4163 8803
5904,12338 12790
2649,850 12194
1646,3683 8170
5102,115 15605
290,273 725
5207,2329 6129
1108,2749 3987
4707,275 12320
8065,11837 16245
40,67 12837
959,1135 2822
1210,1617 12764
6091,285 12594
77,84 15670
323,41 6203
6766,3161 11304
290,301 4300
2199,1002 15031
77,264 11282
3916,108 12807
73,79 4139
599,34 7523
2047,2457 12022
6334,1110 9760
105,100 322
268,325 1060
4352,4801 8255
6659,1002 11147
3409,280 11284
849,941 12755
6311,104 15345
101,269 985
271,1311 1515
103,1374 13511
298,324 1589
4111,288 12943
36,92 10875
2394,361 13337
2208,637 7554
2796,128 4097
1448,97 7398
110,272 5048
734,1310 13676
6898,10129 16126
115,605 14485
843,1485 4346
283,280 6137
290,9604 13979
39,714 5140
371,329 2867
1773,2187 3569
10379,364 11539
618,1973 11951
4651,3647 10981
437,67 12391
492,699 6262
398,870 2733
7642,1021 13855
294,1198 1523
497,104 3643
3159,804 4150
558,1176 12453
316,269 12538
195,168 14947
1996,782 15332
290,460 15603
115,101 329
2166,4679 5535
3195,6477 7386
5270,863 9506
103,269 2555
682,97 4319
495,40 6257
670,101 6870
378,378 517
123,99 14158
1192,1879 11113
481,2747 6416
357,1057 15364
6173,285 15525
981,11485 15719
1526,2937 6508
1155,1281 4107
1197,2530 10157
348,166 3550
110,361 5413
429,45 10347
7516,1242 10820
83,83 7130
398,101 1058
399,2432 3920
289,2423 8280
262,47 14396
1729,4480 6194
523,78 4195
1188,55 15601
260,304 3219
1087,2369 11223
80,76 4388
1823,473 11872
99,425 14116
290,361 6679
1379,936 2249
103,101 366
271,525 3676
9,352 10404
305,659 1346
330,263 5622
459,1029 10740
313,370 15947
968,1384 2147
1231,3324 8021
281,2165 5440
2484,4931 5449
290,4304 6714
93,1366 6041
401,277 3399
459,3415 7296
1074,560 6803
2656,1442 12836
722,6384 6871
3282,285 8271
679,121 14208
7014,309 14600
465,274 8059
5580,5580 7486
1369,339 5142
4074,284 14700
311,969 3118
65,368 8391
281,1330 11925
1415,441 3138
839,101 5046
1701,1563 7343
9,2623 7281
1975,322 8985
1836,274 2043
435,1423 7823
56,51 10041
652,414 12365
318,314 1862
7601,760 14492
1385,107 1711
81,117 6548
487,162 1225
76,530 12900
66,78 11825
2243,272 14392
654,285 12679
258,98 544
407,364 10487
799,1227 5829
1570,936 3037
2762,510 5604
445,9594 11504
730,121 16290
1733,802 3363
1042,77 1688
1642,414 4369
41,59 532
5712,7151 8753
10488,77 12520
672,1767 1982
2308,263 8264
121,354 12288
9512,1459 15312
105,261 469
4453,6475 14962
707,41 7438
77,267 13364
1509,793 15147
40,95 1144
117,353 1961
1161,502 15435
356,3335 4067
1603,823 11079
1467,3718 4609
304,421 1291
115,99 1464
1768,1768 4017
2568,2003 6217
912,52 7575
3199,432 7662
114,338 14183
398,6401 13878
258,332 724
365,80 16275
433,295 973
8081,11889 14906
268,1032 2387
1795,5428 7042
114,276 853
821,364 14716
102,1218 1544
271,3380 10539
1928,115 4320
269,366 4984
667,1363 7853
57,51 9636
3691,280 13065
616,308 6753
577,273 11694
3269,116 5204
279,276 3802
73,76 4078
6584,3784 15630
671,288 11692
6671,1102 16032
1581,814 10217
694,420 13836
302,118 623
729,330 4381
3376,273 9574
1025,274 7839
299,263 11417
268,8418 9987
3702,863 8574
319,67 8397
3021,183 7008
1510,272 10661
7306,860 11474
671,350 11856
1500,71 12648
618,4485 15556
296,329 1706
402,8249 10733
6527,1424 12780
328,1378 1930
475,4260 6883
2169,1731 15965
1702,121 3497
1834,561 3395
104,372 5528
9289,1179 9611
356,10483 15001
1073,1134 2844
318,640 8248
4684,2456 7113
1090,440 9906
45,1266 4971
263,1134 3324
271,425 4991
276,288 16341
607,626 1669
960,553 5836
8470,321 13401
388,121 6418
1087,3060 3864
1527,636 15478
760,285 15865
422,280 3345
4031,1053 8806
121,297 2564
2969,272 15529
902,115 10994
5835,272 9069
267,111 8761
302,3516 9793
1980,2328 11890
258,99 783
478,291 1350
69,80 8833
462,117 11465
402,102 925
543,263 3109
4363,482 7231
1428,1921 3129
402,2544 10632
3206,501 4077
360,2668 16324
296,370 7445
752,52 12564
399,5190 16379
105,414 3889
281,668 4013
278,3078 8758
964,69 12701
440,280 14059
281,327 9981
365,2983 7057
740,116 13028
1605,719 2158
2424,2424 6675
3410,9011 12968
316,455 894
99,109 9855
284,101 8184
2018,105 5502
523,3020 12387
2381,409 15005
4716,116 13707
434,654 3147
497,5170 15830
5128,6925 8236
1489,1567 13571
4108,394 11063
300,274 9720
349,98 2503
316,1029 2010
227,128 9651
71,1042 16030
49,53 1064
1078,285 1553
1833,68 13032
2382,1471 12917
4476,474 9605
479,6144 6608
2350,10215 13788
283,4762 12531
424,491 15583
271,111 1151
319,102 922
356,334 4431
1874,321 2673
1100,274 6790
3810,263 11272
391,4112 13507
2219,320 15124
1857,3614 3936
1278,1278 2517
266,121 647
2200,644 4834
1048,1048 6851
5536,115 8945
329,295 4858
577,914 15509
843,101 6050
632,735 2381
337,1000 3180
483,354 1873
618,5545 6909
111,371 849
45,104 3797
2969,280 7545
46,4138 11419
746,2138 7025
458,1675 9248
32,559 1915
481,1438 10293
2405,6570 12126
728,392 10277
108,393 2590
44,715 2054
105,1116 9429
283,105 2050
623,308 13197
2802,267 16310
549,901 13686
10819,364 11251
286,588 13129
2175,353 9197
564,115 15729
32,77 365
100,98 11119
4740,272 14842
822,432 1892
2362,285 13091
1154,849 7091
1217,1053 3673
974,350 12045
115,585 7077
10508,34 14515
360,1004 4965
4486,896 5866
294,627 1685
718,321 8996
6594,9355 11012
327,98 6228
2928,6005 11445
78,68 1378
462,285 7683
671,6163 15009
4301,408 15673
507,486 6524
80,1192 7012
360,640 13601
5769,263 16025
2980,121 8562
1019,1476 13481
286,3607 8668
5268,555 15621
4792,482 11644
357,114 8751
762,8171 12156
456,524 5274
1714,3492 7686
1238,114 4048
45,4305 10023
103,111 3679
274,285 4852
937,119 13781
319,109 2305
558,12036 12962
289,97 4741
1145,299 2939
294,309 981
256,32 757
4030,393 9510
4601,76 11145
1035,543 6397
258,118 1164
5844,1827 15526
1769,1102 4781
5468,469 16314
399,964 6569
318,11935 14124
114,351 1304
288,103 980
924,1080 7600
2031,267 11281
2982,285 4303
65,82 780
105,264 284
4956,7085 11875
4497,6322 8372
514,321 1362
2970,308 3414
99,527 3947
111,264 3663
3834,936 8109
41,2139 14674
6898,2237 13835
349,109 2898
896,103 3669
651,274 9095
3167,482 11290
6074,284 7528
281,364 1273
119,582 3179
3712,1924 5662
101,109 388
5001,561 13348
3094,716 9782
512,299 10413
298,2926 4310
421,115 2171
76,482 3861
294,1209 9539
363,430 6436
340,2487 9279
809,1407 5687
408,280 6094
3190,280 8694
572,118 12370
5987,860 13435
3686,285 11984
342,371 4101
322,401 6070
268,8601 9546
303,1033 2106
78,67 8049
461,4365 15322
1011,1838 3092
1752,409 3071
479,273 15518
98,611 1101
2479,2479 11217
1236,163 7785
3782,4674 14055
125,1375 8034
86,68 14428
1454,320 16097
7390,1818 11203
1315,347 2094
390,115 1110
461,274 13242
959,491 13868
2802,111 12916
5144,916 8697
1892,1041 7621
116,280 1053
95,110 3859
325,546 9305
3012,2752 8455
10745,9873 16029
95,329 16041
296,108 7638
14958,3927 16352
277,99 1536
283,2150 7408
360,518 3769
462,351 2048
278,72 12424
562,285 14006
2733,1169 13687
303,1747 15224
2874,280 5132
794,277 1899
1790,2083 15054
435,392 12577
9690,263 12578
318,330 12879
495,123 4325
271,7905 16287
340,1844 16197
466,50 4223
268,314 845
7146,3927 15758
873,261 5103
279,288 2491
913,1227 8518
730,4972 5773
271,5042 6623
3793,520 6131
3122,320 8449
123,80 14943
48,51 4756
327,366 4643
3910,12107 13847
1714,415 16206
1275,941 2248
1270,372 2497
397,274 2820
365,1397 7783
365,114 5677
40,3342 9242
115,5995 9264
77,69 2364
46,2507 3577
3349,320 4452
6212,275 7648
12176,263 14319
116,111 665
1054,98 6040
260,108 5297
1193,263 15801
728,263 6190
410,2302 7330
3508,744 8813
97,1450 3431
1729,2759 5153
390,299 7991
411,109 2710
1357,115 3760
5563,7825 8483
326,288 12431
1464,273 12456
2282,390 10234
415,108 8883
283,350 4372
5639,559 15534
5602,269 15612
279,261 1949
1314,2427 12832
283,8468 15226
821,739 1533
2130,5561 6140
268,3221 8631
2214,274 10705
45,1036 9308
2898,860 13947
1944,347 7148
324,1293 1599
526,10370 13701
298,605 15644
1618,7366 10124
4564,347 16179
40,39 3953
3123,11295 14975
392,259 6043
710,9195 16184
407,1081 1719
352,545 5650
47,65 10105
282,1652 3486
573,1938 6500
1261,285 5105
872,115 6937
1621,440 11898
866,860 7830
1067,916 10619
695,11463 13331
4824,421 9452
2356,439 6411
6022,289 12771
264,115 793
319,1088 2445
98,553 6172
345,916 6481
263,111 1613
10199,421 10289
508,2129 4220
1814,72 13332
465,4388 12165
301,4730 10026
82,841 10750
1229,977 3316
79,98 14003
8140,863 16354
445,490 2746
118,408 2456
9582,274 10296
257,3604 8646
328,450 1779
413,2867 7482
8128,40 15554
57,50 9364
320,285 2399
3489,1593 3604
356,339 13089
455,314 3960
9552,4299 11483
271,684 12543
2144,388 3234
821,13341 14426
6183,10946 16131
3323,373 10410
2180,5512 8714
1024,121 3900
6611,263 9657
271,800 3666
299,1408 13128
487,156 717
65,295 6168
311,105 12224
342,118 4787
66,406 7812
310,420 667
55,49 10007
2636,9530 13925
2303,1102 14282
1279,2799 15863
45,1476 10915
4257,390 4368
8220,876 10827
2117,2720 11402
299,115 731
711,99 8522
422,813 7062
492,112 2030
98,97 9541
413,949 9104
2058,347 11148
569,351 8073
290,940 11227
1651,524 15236
259,666 7378
1269,263 10754
316,352 4256
328,68 6183
259,101 482
276,504 4549
2980,731 5812
5393,421 6926
333,582 8881
365,269 9446
291,322 7316
327,433 8729
3747,285 13213
572,2413 5572
279,4612 5410
649,2790 11592
268,119 1639
410,1819 4573
302,522 4783
309,1530 16053
8695,6870 9902
117,110 338
687,297 4163
2056,107 6158
340,1909 2317
319,78 2666
294,8303 10213
87,362 4005
2618,656 14983
294,121 15559
3423,1797 16088
276,115 823
2554,115 9554
584,280 9553
648,520 14638
65,1006 13406
530,441 11837
9027,414 14419
459,522 8657
10235,96 11718
371,1157 11196
289,473 6479
3748,628 14308
889,1233 1771
5936,863 7735
257,584 3192
263,820 8451
1043,394 10312
481,346 11173
310,522 4572
346,299 4902
291,443 2120
5881,863 15788
279,2432 4186
40,41 707
85,1096 10501
258,295 854
470,4413 15239
1417,289 6107
356,299 4246
290,640 4252
3766,3892 6674
103,327 880
924,7370 8636
259,102 9205
2648,4671 12690
2217,666 12177
323,58 13031
3337,6253 10286
3515,4701 12742
497,297 881
512,932 7644
2850,115 4932
1320,3767 8779
2405,2926 11886
119,273 11191
1043,263 3162
361,285 12244
573,114 12933
3626,1099 11159
3804,519 12821
2146,6136 14715
5987,2007 13188
112,334 15096
329,108 1181
288,596 13918
1024,668 1607
461,272 13990
4914,1147 13026
431,275 11682
95,66 7443
6564,499 9383
70,259 9512
103,6893 11634
8500,289 13893
763,112 5468
1500,84 7708
9075,275 9949
2536,1249 15568
91,92 15036
407,6678 11584
3409,285 9274
99,99 503
8385,9178 12534
318,853 12357
1086,396 8278
95,83 4205
648,1258 4556
4719,280 16031
512,1169 9740
662,4482 8308
414,890 9578
97,2770 12011
2012,289 4469
437,392 11243
328,122 15846
57,53 3882
3515,285 7837
815,272 6380
429,532 10897
3598,430 11847
399,280 12816
391,288 4799
3918,320 14928
2315,765 5399
1152,345 10204
1499,263 7676
47,102 12178
70,1830 10488
103,273 1000
577,3917 13513
445,8589 14503
632,4887 5305
1165,2895 8513
360,309 8202
116,114 8289
302,666 4846
365,1429 8684
3565,10526 14602
2573,1041 9468
258,261 375
1213,601 2319
1686,115 3880
343,324 2930
475,3982 4774
465,6087 7557
435,11111 11944
10027,427 11911
854,115 7701
662,263 8879
110,779 11939
468,1302 2338
1610,1050 4337
40,123 10564
5761,427 14516
694,4319 10868
108,1176 10872
98,408 10974
79,330 4660
4023,280 11915
954,10374 13432
2722,116 11181
1505,263 13564
77,263 13813
8799,491 9618
1415,1180 16048
311,393 4581
272,115 384
269,110 2301
112,261 3934
2281,297 4258
1740,654 16087
337,346 12004
326,112 1925
775,1038 9490
278,421 10556
318,76 14219
2969,637 8702
2394,280 11164
763,654 6266
2348,57 12048
97,103 543
105,524 10460
455,99 10933
279,547 1894
396,97 14571
461,99 1773
365,964 8787
268,3973 6624
399,259 1520
3195,5648 7690
480,4760 7371
267,370 3344
115,277 10517
109,1286 11928
112,611 10461
365,3202 7040
2016,1541 6939
1389,1020 7435
391,114 4161
8179,13202 13422
79,2366 15825
333,2727 2957
306,121 1467
117,118 14514
618,111 8826
697,7713 14395
316,267 4757
437,3839 7795
290,660 3440
1228,883 1461
47,98 5124
2000,9501 13285
40,3330 7131
73,88 12503
261,110 896
686,684 2046
1547,887 3672
274,530 7167
116,100 5583
11512,7145 13260
746,666 2300
1531,1672 14181
296,692 8650
785,390 6035
298,1877 5838
283,1023 1047
1653,1899 2604
310,7329 7874
5282,1147 13386
8615,334 13190
402,274 3282
676,274 5179
657,1319 2197
329,1132 3441
1936,2562 14193
418,332 5148
2522,115 15152
32,90 1933
9279,320 15338
1159,482 10720
2910,680 10013
110,121 7159
380,621 2251
407,327 11809
98,421 8044
453,61 5100
4352,329 8268
108,412 4254
45,80 6789
40,2428 8676
3690,347 7188
45,655 8387
3197,322 4729
2991,285 8638
291,329 14496
382,4368 8181
1816,346 13057
478,454 2886
2475,491 8393
32,122 1314
47,42 9538
1310,637 14655
361,500 4166
1126,1584 2250
661,1598 9516
1722,524 9700
267,115 2021
2588,272 7746
544,115 3195
335,103 10114
279,116 11654
303,728 11703
686,1738 11647
1845,280 14677
1527,346 3103
3762,1056 12753
4585,656 12652
106,2302 4712
6664,2565 9879
45,511 6598
363,10624 16123
53,52 7434
564,528 2475
2111,454 10888
1587,1041 10565
271,13526 15263
292,112 1840
1682,1976 5050
2522,280 7470
44,45 15728
340,327 4780
481,3779 7495
430,2906 15545
356,1908 5902
1133,285 3700
108,289 456
112,534 14016
2058,595 8421
80,430 6066
103,288 3982
2207,1070 9561
54,50 7972
2310,846 13775
5956,280 15626
5641,2966 12838
392,263 3644
4997,1094 12699
334,427 6450
3032,499 10016
1217,120 2608
304,388 719
391,584 9309
2127,384 11572
279,408 11696
2117,3946 15074
32,37 3083
258,6603 11461
279,1294 3690
77,964 8893
32,532 3801
1839,3921 9556
1417,4039 5101
547,329 9508
1146,3948 4279
5261,274 9284
2050,2204 7541
538,1678 2921
435,259 14139
102,2081 16362
1394,802 8570
3712,396 6398
1947,3219 4540
334,2453 10649
95,500 7717
287,588 2156
462,779 12581
319,354 1231
324,108 6143
3331,680 5517
340,2171 9112
114,442 825
3132,4454 9721
946,660 9591
6563,75 11897
269,103 1159
404,114 612
318,6903 7187
279,1192 4928
85,1233 6597
5868,9102 9176
283,372 4030
3541,13 8639
271,4258 5853
107,101 457
5933,273 12625
257,8961 9533
5179,1554 16253
107,347 9610
2250,1041 7902
414,99 11358
601,115 12733
2474,12334 13424
313,116 2315
722,519 3592
5947,876 11574
303,79 4506
1149,115 3104
1513,355 6207
305,4671 6275
1722,624 8186
4315,3170 12841
86,6049 15126
279,8650 11425
2809,704 14762
110,594 15549
5244,758 7124
2227,353 4378
111,312 830
10144,473 10841
370,109 3605
259,304 13075
288,99 2040
95,84 4489
1816,987 3681
3829,92 11569
15243,15261 15543
303,2606 15086
816,2472 2910
3822,853 8982
512,1117 1261
967,1756 1841
259,351 4189
456,351 11737
526,379 13165
399,614 9601
475,276 10993
119,1725 12014
109,515 1601
281,259 6142
549,2846 12731
678,101 9048
310,551 1039
99,373 8950
32,327 873
462,510 13585
2767,499 10759
399,1022 6771
316,112 15308
2645,2645 5009
1062,321 6383
9359,393 13478
422,1051 3772
648,1371 11383
684,263 3435
260,110 1081
603,1573 5640
69,68 2599
413,519 6341
3668,524 9686
298,108 893
730,269 11337
195,161 8347
10591,914 15667
392,110 3555
5912,3630 10258
111,119 331
648,115 2842
5611,2244 7880
4351,273 9496
376,388 4207
2484,6450 7843
1739,534 7875
9872,276 12641
661,276 4031
12415,3207 13381
314,289 3277
1560,421 4804
449,116 522
2691,427 8368
2514,779 8738
909,5814 9016
4431,272 10107
93,754 14712
2638,8472 12936
3464,881 5209
326,104 1621
276,351 15245
105,267 5802
292,2309 8473
346,285 7214
302,401 3353
303,388 10028
326,336 5078
3222,276 4429
2784,280 8503
3862,1102 6648
1646,424 16270
2570,501 4344
2243,285 15503
305,831 1317
398,841 5634
915,590 1177
306,314 13580
66,121 4563
3886,1950 8148
1489,525 15938
49,54 1188
1107,285 5800
259,491 7466
3797,547 15384
5641,699 6972
919,1114 14931
328,1132 16136
569,412 2276
41,36 2740
299,121 5499
5811,4147 7463
2865,274 4034
2258,304 14512
581,112 1338
679,264 4816
2034,8335 10865
431,109 12623
1103,957 13889
747,3070 9834
10984,1827 12448
422,768 14434
360,2301 4832
314,108 2900
3095,670 16355
271,288 1210
346,263 5042
737,737 1297
648,289 1256
385,98 9635
2369,1186 8333
364,2664 10857
271,394 2647
729,601 4331
67,8692 13728
103,408 8411
33,47 13004
437,309 8157
898,2792 11229
762,528 6386
7022,889 7479
713,309 16018
1174,8506 11597
11009,269 15594
4719,285 7365
268,655 2213
839,355 15973
1828,285 15212
41,40 4167
3087,300 8294
391,6121 8462
4733,369 12046
111,100 374
631,439 798
351,371 7888
569,364 1917
65,332 5749
301,2133 11087
290,314 15908
5186,14459 14882
301,263 11801
4067,680 7760
6012,1362 9948
3148,111 3719
278,273 4705
4508,274 10727
1064,55 16090
68,397 10637
333,334 4350
785,393 3579
100,309 13522
391,4052 4373
481,1303 5070
195,188 10554
871,115 5254
2146,267 6902
78,65 3321
654,499 1611
509,888 7618
852,488 6320
435,3527 6804
493,101 4513
437,524 8854
391,111 7377
363,408 2926
785,1129 12208
105,116 276
616,276 7776
326,274 6823
46,68 5554
913,4263 8998
4014,1362 13779
303,2556 15341
3886,630 14307
4385,55 14744
911,757 4835
105,422 16167
923,280 1457
956,1094 13148
1108,325 6659
15663,483 15880
6534,1772 7542
116,260 937
433,99 1761
2213,6210 9854
589,571 7805
461,120 4410
258,363 8710
481,833 1741
286,99 526
274,297 4978
3459,750 4040
913,1399 10126
4205,11020 11994
286,511 816
263,116 721
346,98 4624
1067,107 9108
2396,499 5231
399,659 6658
1149,1322 12706
729,4392 10824
263,118 606
279,420 1935
290,309 1505
377,6409 7244
359,309 3502
117,601 2640
271,2711 3544
1975,630 7387
7383,272 14335
9987,285 12202
2422,1361 14136
503,503 10141
289,636 10840
6042,1037 12147
1836,758 12174
114,4163 11933
1085,2003 3141
3442,2053 13866
497,373 12940
125,92 2162
483,100 1865
7235,320 9874
2998,701 4607
331,263 1004
5025,5025 9471
97,106 7787
3944,5152 9899
9,9 1077
1060,1567 9954
40,341 10615
8162,837 11961
1074,1924 13490
1189,1408 4066
6290,362 7780
78,71 9286
2837,3332 14657
72,991 4981
1340,289 13789
32,61 383
10074,680 14399
2368,1999 15892
411,443 4397
344,357 5791
1403,101 2181
2121,296 4248
278,4446 9151
116,779 13278
257,654 7446
67,506 3152
314,116 11429
51,423 3713
401,677 16333
709,329 856
310,334 493
3253,2112 7002
4296,1259 9114
543,269 12032
1687,1697 1700
747,280 8434
278,957 14926
3891,683 4236
112,1381 9842
1578,101 9991
3008,1496 12635
755,1202 10117
5279,490 15252
276,768 11698
279,584 10833
598,263 6825
935,4162 9450
6772,2562 12739
1495,6318 10672
73,889 11466
58,387 1655
567,3830 15378
109,2030 4853
318,372 16349
572,115 1103
4900,831 12341
1712,1539 2612
1073,3816 7423
270,119 13073
272,394 8172
80,1959 8496
328,1450 5755
2573,3272 6083
971,2277 6757
843,1551 2698
5416,4263 15542
32,84 303
505,472 3398
309,546 5034
66,114 9206
725,6881 10287
390,289 2719
11181,2714 11546
5758,1187 15586
271,499 6260
48,49 1958
271,101 3595
267,105 10067
8830,1672 11297
5748,361 9191
32,115 268
41,34 13873
32,98 283
443,2489 11030
6644,285 14029
328,1190 2970
297,750 3574
3906,6994 11823
365,364 2378
565,329 8769
125,46 4367
631,98 8407
391,350 10629
333,351 12310
4361,393 14137
396,115 1924
377,1110 5007
6335,982 13628
537,1080 12222
411,108 4057
5524,3482 10043
3095,98 12096
327,750 16213
5381,876 8102
308,121 983
99,285 2489
7996,2913 11729
392,97 9144
125,3697 10652
2585,8629 11922
6637,285 7741
657,116 3005
276,414 12343
1078,280 4682
607,109 5721
68,264 12074
8175,5212 14290
1188,50 14636
1107,272 3438
298,110 6151
92,44 11993
79,85 14837
2029,734 6422
95,100 4235
911,8173 11865
424,97 10243
1115,272 4814
2282,748 4491
2974,1028 6690
3832,2463 16156
696,3126 13112
121,1286 4708
259,624 6278
269,280 3919
1048,44 8704
537,108 9036
360,534 4106
2680,8105 9062
278,1579 2383
1715,1167 4185
4322,4322 9194
263,99 1263
964,1233 11658
723,100 5159
1869,394 9273
11781,1045 12808
365,2971 15303
67,84 1233
15950,7028 16208
1970,2689 11404
716,97 4788
4154,105 16077
360,347 9665
302,902 1212
299,274 1727
4110,1818 9914
6382,3226 15750
398,1536 3988
4855,285 7023
3219,263 10477
955,814 2367
462,1109 6595
3743,1652 5408
95,431 10978
1400,285 9215
70,76 14800
1783,1034 14450
391,121 2372
276,1477 3402
32,561 4845
1313,285 12335
9527,4421 14168
1722,351 3110
2408,285 5003
291,119 819
118,277 4618
294,1727 5030
40,1721 6063
11453,3478 15044
13241,758 15392
625,901 6953
1058,803 3698
1292,704 4961
380,500 879
763,3036 5505
807,13 953
721,748 3636
3410,259 8046
2529,314 4985
710,3042 13355
2221,2024 14586
5441,45 15976
1935,263 8452
279,338 428
93,91 2699
306,527 1882
433,355 8506
1152,850 2836
82,388 9673
2144,2002 15773
487,157 16301
645,42 3541
479,744 8213
1314,689 9049
6926,860 8784
798,4660 11381
356,288 6480
279,728 3712
258,355 2630
478,1943 3727
825,588 1033
112,728 2360
828,121 6176
480,121 2234
635,115 5475
1079,8955 9193
50,50 2011
3522,3424 8104
301,121 5927
281,3373 12400
428,2542 5958
386,99 13279
365,83 10025
311,394 2187
268,3643 9702
2649,1377 12880
5174,4129 8196
989,51 9149
36,45 8125
2166,1576 7803
4003,1075 11127
459,105 9398
300,104 991
289,916 10048
1055,9897 16209
40,99 2294
100,6214 11391
5760,594 12373
266,267 15512
271,374 15187
108,263 2309
49,513 4946
311,491 2039
580,311 9558
283,3126 13467
2789,51 15441
264,414 8935
318,83 8027
260,276 15361
898,977 1749
271,2035 4074
1992,117 3227
3629,280 13475
40,3399 3969
312,99 8938
1119,2922 6521
11497,9559 11575
105,309 4688
3035,5664 13932
569,3345 5324
545,115 10783
713,3018 10254
829,833 8414
6305,3443 7126
1415,299 11489
470,115 3726
9718,457 15193
459,455 5261
101,735 1943
326,389 2722
32,39 567
300,370 2131
6734,297 16028
1954,1057 8143
3957,320 5168
304,263 5953
1124,1846 7781
1714,630 7467
554,285 13623
3888,3287 4668
327,295 560
1200,109 1475
445,3634 5534
194,183 11997
873,2468 11851
3096,520 9228
10808,3373 13350
5368,6045 8173
1373,3198 15777
84,1033 2067
68,635 6665
835,614 6955
71,6586 8654
40,1284 5540
359,101 11611
4246,409 6628
459,1969 4576
279,2081 3454
302,7000 7578
98,693 3424
302,1083 1339
1828,280 6645
273,393 2051
2609,285 10193
6786,115 15792
10392,13477 14212
8505,285 12283
493,321 12142
1651,321 11031
1754,115 8360
76,101 3459
4547,472 6044
2028,285 3762
1839,2799 12911
3758,2548 8463
399,288 10393
365,388 6626
444,1321 4784
288,329 13429
5908,321 8277
7989,12287 12934
915,1516 3418
316,3344 8859
5383,105 10910
1121,3647 14333
759,280 11006
110,111 5253
1965,666 10276
671,1327 10500
360,389 7061
281,6070 8958
271,421 5515
110,324 1219
937,261 9029
948,820 11169
342,1111 3906
1277,400 4841
1263,432 2228
1770,630 3641
45,1856 10863
333,392 10266
9576,794 13010
8993,3220 13210
270,5134 5699
405,670 8432
106,8174 11992
14266,284 16049
77,3532 11396
2442,97 7956
372,555 14771
2369,412 3858
1513,993 9466
535,140 9443
291,345 6983
70,1009 3855
497,121 2574
271,361 16207
5868,4005 12322
3314,361 8718
1864,1851 7499
95,123 1562
110,2322 7892
777,492 9479
365,384 13121
80,8499 16011
301,347 10129
10518,576 10848
37,44 5661
603,107 9035
108,804 1824
6301,633 11064
12807,10309 15840
1583,2913 4743
421,301 3082
3808,111 5415
79,76 3776
572,990 6469
261,354 969
32,58 1392
121,263 11982
77,76 11403
5731,3254 7306
7654,977 8229
272,370 9818
333,1641 7990
1722,414 15738
282,1624 2082
2804,322 6557
751,1135 2196
118,285 1597
111,329 831
84,72 3792
1954,116 3581
69,354 14113
2979,2077 16001
893,3258 15990
112,440 1525
980,309 2298
435,525 10587
445,120 10986
5835,280 11986
360,288 3565
1937,1735 2573
95,80 5045
281,322 13374
3681,501 16288
99,553 7652
724,3200 8056
98,101 2351
580,280 859
523,112 3639
3313,2925 4103
2386,409 4515
11809,8619 13993
9089,863 15116
107,109 15145
1014,896 1437
350,1258 6088
271,1029 7436
298,692 12617
257,261 1965
389,910 11493
1349,2447 3208
632,673 12492
3284,555 14734
728,347 6961
1064,51 15836
979,433 1586
462,861 8740
451,44 11724
315,45 4253
851,492 4467
92,4204 11131
69,1215 13066
5141,734 6617
1238,2747 4425
4431,285 8442
83,99 3706
800,275 8692
607,2995 7593
281,482 10936
32,13 438
428,100 4174
3249,585 13053
6782,6782 14115
523,67 15755
79,110 5066
281,104 382
385,401 10272
9250,394 16037
496,13 7116
105,321 2562
1060,3136 3417
104,1232 5859
278,8123 13535
4779,7103 14502
859,297 15954
459,325 3201
46,13 754
2854,353 7274
1108,14281 14624
3595,353 14738
382,267 970
2272,272 7681
555,115 8013
437,89 12136
123,65 15203
360,311 6899
289,272 766
11108,883 14689
294,687 4564
307,622 2737
279,486 2806
6953,393 11877
34,4451 14180
97,330 2237
2436,1202 4199
5758,289 7420
3846,285 9705
1869,274 2023
9447,9088 15287
2683,2328 16318
1191,652 6559
5785,101 13100
349,782 1686
399,308 10395
272,916 14953
276,3047 3784
325,321 8037
268,760 4356
283,4735 7637
4083,491 8926
399,1929 2916
6387,454 11552
32,387 496
46,42 10832
290,3036 13185
572,4993 8357
268,551 1334
549,7252 7471
4464,13483 14949
112,1004 14245
1270,351 3796
1505,347 7895
398,272 2847
278,598 15133
380,5238 7331
45,102 1866
638,2181 3600
410,269 7267
111,374 677
530,297 6133
605,280 2410
629,414 6882
5406,67 15105
756,297 15946
478,3805 6760
513,49 904
109,115 596
2540,863 3403
2788,115 5424
8276,5867 9100
1737,280 4366
399,8887 12853
268,2985 7045
296,110 3327
1183,280 2967
1314,1059 14980
2293,883 4505
1434,1351 13977
261,99 2275
616,1757 4137
49,55 1419
123,109 16083
318,3636 5087
383,61 1044
3151,351 5706
9147,121 13556
73,949 7884
1919,3588 12494
702,363 13323
302,533 2929
759,5190 7242
322,274 11527
73,1626 2812
2262,275 6530
810,3391 10775
34,58 3628
686,2862 14206
493,3307 5202
337,2561 13142
324,2309 5815
276,274 1203
40,4138 7845
13650,191 15822
65,964 14649
4803,1672 15877
2969,101 7052
399,5659 9146
310,408 12608
3015,4136 10020
577,4102 13804
1256,415 2692
95,1880 10541
1448,720 12719
1005,121 9080
8140,321 14623
1595,1408 6986
649,9862 14099
360,440 5766
6776,263 14084
5465,2423 10780
1400,353 5330
2183,280 3390
79,839 8963
101,431 8249
45,689 13273
1328,320 16347
549,115 2907
1406,115 3217
437,861 2102
122,308 7400
437,8574 13720
44,36 15901
85,692 11726
743,743 865
10647,8968 12439
1533,299 1835
35,123 14379
360,2133 9414
257,264 10788
398,83 15318
3410,299 8566
480,2828 9815
2058,5055 5775
2254,99 7015
41,63 12018
609,274 4916
261,103 2114
4702,1333 7793
84,576 16165
632,629 5701
53,50 7326
56,50 9536
1970,1672 14951
291,116 10862
461,2257 6400
46,114 11122
315,43 15998
268,111 679
616,660 2855
277,370 3632
99,330 14087
263,110 1099
3117,4984 6098
361,105 5912
78,551 3042
310,2856 3793
1702,529 8782
122,269 5607
283,553 2500
268,440 5166
688,97 7624
391,2024 15803
264,5927 15985
311,701 3366
572,99 3113
777,111 6230
1704,272 10377
425,115 3917
278,311 1087
298,259 6917
32,47 645
382,301 6836
360,82 13858
340,3514 12969
3942,937 8282
310,828 14163
10941,604 12347
620,285 3847
326,325 3610
310,863 6015
1774,394 6157
101,119 420
114,793 14386
260,601 1847
3479,546 10880
283,1327 12823
277,890 1459
106,97 15150
195,169 3956
1272,280 14229
32,96 599
5613,65 6139
1497,6354 7133
267,347 5366
3887,263 9312
46,12490 13305
363,907 14382
264,97 11550
507,4376 14635
39,109 4528
7768,275 14121
12588,4264 14922
78,576 7198
1746,280 12723
1848,501 2890
363,3780 4987
2550,324 5813
1465,324 12586
318,430 14890
10772,275 13954
273,97 4280
1103,7547 13948
100,121 11960
109,288 5151
465,1338 3315
40,4961 11907
272,3542 7462
9042,1457 15158
543,111 5454
6331,1895 14664
3831,320 5275
116,119 13683
1165,289 9596
309,1129 13734
8082,13773 13963
305,1176 2191
724,1199 2087
4714,5915 9633
480,325 9323
402,12694 15951
327,794 7713
1434,260 10216
1152,430 10112
80,3594 7633
114,522 1772
4291,320 14582
3924,397 15347
466,56 1376
290,308 2056
4562,804 7009
118,1136 8472
268,363 2481
487,152 2119
2911,6639 10165
345,275 12447
264,731 11656
267,1129 4931
377,652 1864
2259,639 5820
445,354 11643
263,371 10082
108,276 5545
791,273 13247
268,299 3035
5755,312 13727
616,424 7142
357,321 7289
4812,768 8063
5477,1050 12830
770,2125 7104
397,321 8036
10339,12613 16198
84,260 1380
5526,369 6672
2408,393 14726
2634,347 9958
481,415 13600
316,5345 12803
5748,1485 8969
83,65 4742
319,86 7068
283,114 1560
507,331 1445
1648,13 8084
4763,6479 8501
363,8098 11555
2146,374 9295
429,64 3549
5174,98 8230
6982,973 11629
260,3723 6367
1272,275 14499
1546,311 2029
1605,2297 11125
95,95 784
48,48 423
50,54 2348
9973,11711 15299
2845,793 10077
45,2104 14082
268,5119 10303
267,1211 3258
275,472 2511
707,96 7551
47,73 11520
1086,629 11553
45,500 16299
46,41 2950
9081,289 16250
329,363 3077
1525,115 8519
1808,394 4420
6113,656 14171
365,82 14075
4729,321 15648
92,665 12363
279,1377 5891
268,8801 11912
1224,561 9282
1632,4233 11873
4578,10452 11482
7559,263 14732
103,275 11804
316,393 8491
7147,312 10889
32,74 573
11357,1829 13048
288,97 5582
73,66 8485
484,110 8919
6684,600 13819
313,354 2008
5371,13 11531
437,551 5291
114,117 568
80,65 4181
1287,115 7075
360,327 14702
606,274 15080
457,635 9838
410,510 12033
3448,285 8762
584,97 10160
582,370 3779
848,1171 2882
2894,320 11632
66,553 4877
309,670 6103
730,325 15211
2515,630 5609
435,486 9127
3310,396 14774
3151,321 8051
279,285 11042
336,454 7498
326,5972 10392
80,68 2435
1521,320 15524
100,388 5672
804,285 6034
110,394 16190
398,390 4110
391,261 8326
295,289 6869
325,272 1249
752,49 7099
1031,280 2279
107,309 12822
2190,1162 5416
3574,421 16331
5572,412 9959
10054,600 11320
1645,609 2808
1839,276 4872
310,301 9493
959,6951 10029
4232,115 11863
308,492 5658
116,273 14201
345,115 4392
442,300 7145
112,109 7921
110,264 7765
80,263 2816
51,55 3838
2509,482 5944
5063,280 13646
5933,1854 13745
9122,288 16157
285,115 779
549,868 2502
411,6685 15530
658,115 1196
325,299 5664
785,121 1116
1773,1871 8286
294,330 8617
82,73 1559
360,6877 9480
783,1477 9966
305,6201 6802
257,275 10943
102,2245 3562
418,329 8431
2356,2325 15557
2868,590 16265
398,322 10568
1187,2039 12877
960,1294 5984
112,288 990
365,274 6740
1137,636 8163
455,274 11265
1676,1118 2919
359,528 712
3038,3038 6001
672,3947 12073
316,1977 13287
537,6576 15600
673,427 3358
92,259 8940
93,36 13326
391,5889 12337
398,3815 15438
573,693 12398
361,720 9350
721,2971 7726
874,261 3508
410,69 3029
333,330 11866
6476,408 14938
3256,833 6754
32,44 2376
303,659 12734
960,2427 12941
8666,473 13312
542,396 9583
257,486 9551
649,520 7334
12103,4172 13538
410,796 3397
1115,274 4283
331,115 3590
7175,61 11902
365,488 4531
657,301 1878
7064,422 14698
77,1397 13998
3040,1070 8606
274,322 4974
1140,515 7587
5314,109 7778
306,392 1389
302,1878 2135
710,65 10747
77,259 5318
1603,384 2262
2952,5345 11773
5825,883 9139
770,393 3124
98,280 13691
878,1880 14917
911,4211 10384
3743,961 13090
108,1950 11433
3388,4549 5183
267,285 666
2008,308 2270
258,116 458
283,3143 9690
294,269 4036
456,473 7610
1536,274 3023
98,991 12162
725,1352 1905
318,10410 13551
294,111 620
117,1416 9111
434,454 12098
658,1319 11253
3285,595 13611
855,115 1535
572,4132 12859
3932,299 7203
77,66 9087
12749,764 13655
1337,1988 3476
67,79 2598
68,3212 11470
2180,882 4923
7947,561 12689
51,52 3842
340,425 1781
100,100 5044
261,8437 15467
2047,867 9813
311,103 3343
3416,320 12681
967,13764 14304
461,514 16118
4737,1457 9587
1625,259 14185
84,79 13439
4747,115 11608
4188,285 7946
99,273 5456
8016,409 10031
12510,588 15700
564,12005 12622
292,116 9566
67,582 10803
261,15742 15820
1543,441 5518
618,334 6463
316,966 1853
463,10084 12123
1782,275 2091
342,2085 6312
98,1304 10364
112,630 8845
109,274 9123
68,351 4880
1770,1950 12266
55,2407 11900
694,693 14184
125,6494 15018
325,101 639
32,59 4184
428,103 11560
41,93 11363
919,99 11076
268,1423 5885
372,4636 8955
461,1141 4892
281,760 11190
268,101 461
271,506 1674
1240,443 5199
2096,1099 3437
919,12530 16124
82,69 1096
259,1258 9302
108,100 464
270,311 908
2860,394 5395
49,423 1290
589,13657 16342
720,722 10110
412,394 8098
384,472 1494
1474,117 2269
399,108 6427
589,276 9931
123,78 14858
411,115 13231
567,3328 12970
1035,346 6713
377,813 4718
1537,280 6248
2654,263 9148
49,1188 15219
6617,633 13071
2319,115 7186
1547,4335 6342
582,285 13909
445,533 4477
47,4179 4739
11676,263 16254
336,980 14123
3631,510 4920
667,927 2289
509,341 2166
3793,633 12432
77,77 1354
34,59 1511
271,7272 8078
3748,353 6768
350,280 7074
727,4881 15443
66,905 15538
257,327 810
306,288 4684
268,388 5383
2843,4035 13726
832,272 14228
6062,115 11920
582,105 13987
1874,861 5445
2419,280 11277
273,105 12052
4896,5752 5939
1264,3325 4813
2737,757 12947
298,4365 5165
318,425 11523
3320,289 10201
2176,115 11345
1296,121 6458
550,766 4560
294,4237 10402
339,321 3927
537,1865 3879
268,274 3158
462,350 9497
228,189 16217
103,3509 3603
568,515 4696
268,301 1666
775,3536 11262
283,2427 8269
333,101 2650
617,993 5597
263,109 791
349,460 15991
693,472 7699
943,8172 9415
46,72 13593
114,325 4043
3998,336 5393
1549,772 11913
98,99 15002
267,116 2780
829,3779 6632
258,330 1126
352,350 6028
274,117 2996
869,4820 14066
1737,4338 8429
2096,9048 14916
698,997 10891
4014,3221 15584
854,1180 3041
1892,1110 16145
76,7333 8726
723,354 7442
45,338 13625
302,121 2433
80,630 12161
105,103 339
702,101 11590
122,264 10777
432,320 1371
274,101 957
32,32 256
865,1236 4164
43,92 6494
57,49 9724
1662,6442 11467
459,2599 12364
63,41 15919
649,3482 4823
283,1883 2723
2067,734 3637
3277,121 7128
325,425 16343
326,957 14469
2910,1872 12269
278,259 10391
1799,1684 2567
261,115 739
462,273 12471
109,110 12819
85,76 2838
261,295 2418
411,99 11462
290,3202 4276
694,1524 3563
9903,9903 14820
355,115 1075
1504,964 2377
455,644 7657
391,6506 15686
921,116 4002
401,285 2774
465,819 10348
45,1634 7948
10625,3226 16200
318,1311 8159
829,2646 3101
2536,325 9808
71,9225 12092
40,36 10508
311,499 10730
763,263 15089
269,115 673
2520,259 7003
2105,1803 4087
115,109 9188
1951,4454 9769
3804,112 12115
45,260 12483
2122,6436 7237
1043,1311 8596
72,655 10731
933,285 11567
289,273 8715
1495,1747 12129
103,585 13000
194,182 9074
109,557 1293
316,463 8721
3708,8297 9814
310,308 13041
2190,501 10976
711,3263 4829
3095,7732 13581
326,97 15101
3027,280 15391
684,115 6514
283,311 4779
8828,285 12942
46,112 4370
5277,280 13414
764,68 7759
100,99 11303
725,472 5542
40,3316 9113
3284,347 8918
833,734 10318
365,4348 6453
276,863 8987
5228,1973 15387
2605,285 4520
114,273 6072
1720,2145 16363
314,100 655
1005,5055 15814
1556,637 2902
283,276 3824
98,802 11231
337,1855 2393
3934,1831 14933
507,6507 10183
461,267 10513
3157,1075 5979
334,1709 7328
77,1330 7622
95,105 5495
7396,1985 10906
2327,1136 4887
728,870 5940
1026,61 11547
4307,833 12712
47,66 14875
296,114 547
4112,285 6121
13167,86 13170
86,277 16315
294,291 7247
258,1075 4871
399,469 10299
675,628 3586
1031,272 1946
509,308 9719
7510,910 13131
4246,1102 13095
424,285 3683
5644,2131 9865
478,1851 6097
45,329 6741
270,98 943
676,334 6301
6414,1157 15517
2710,112 8412
1934,823 3642
2605,347 15749
283,2345 12938
314,482 11261
1234,3921 15856
308,394 765
413,3607 7397
345,97 2601
275,274 6763
465,585 12125
725,3109 7685
78,961 12272
12045,300 14321
292,9366 10653
3666,427 8448
6813,321 11218
67,260 15222
557,1617 15886
346,652 8418
479,116 1900
2755,5649 6606
914,427 13292
1458,347 16014
278,338 7797
46,101 3154
116,2298 9313
283,424 7225
780,68 12729
4006,274 10423
97,99 422
9016,2099 11150
2239,491 8370
256,13 4374
12059,633 15102
2286,427 15996
69,450 9204
2105,427 7617
435,10977 14831
673,272 3274
435,621 13903
407,362 2223
1740,406 8101
685,115 8852
310,940 3463
2819,1123 4994
343,5920 8309
318,1081 15883
1518,269 1979
271,655 4394
600,394 8930
2993,299 15230
2551,1969 3074
1910,263 5079
310,330 13896
316,4027 14088
48,52 4947
828,1479 6532
4389,285 6377
2347,301 7323
722,1053 8545
342,7686 10338
372,862 12466
695,1016 3191
589,780 1687
45,2655 13566
99,384 813
333,274 6751
1263,1371 16335
32,284 10405
305,6932 13474
391,1235 14117
270,114 385
41,46 642
577,704 4927
673,394 4187
310,831 5806
9238,388 12016
445,78 3186
318,66 13825
7204,1824 15070
874,559 8160
2488,5172 15282
227,130 16082
271,991 3420
2913,412 12396
2658,373 10684
288,321 10309
919,304 4123
7869,936 8741
103,110 2413
695,5097 9528
283,689 5994
99,1081 9853
365,424 8565
306,2668 4948
32,95 426
10825,5297 12683
618,704 5401
1932,272 3775
2360,351 2909
435,273 14994
7123,1838 11503
271,575 1160
298,4987 7766
407,780 8848
75,83 15229
1918,325 9425
299,320 1872
4873,826 8823
330,373 13317
954,766 3554
1189,263 3912
340,121 8228
398,346 13524
115,338 15325
280,101 14538
300,272 1105
4282,338 5870
4387,8715 12661
662,6058 10401
340,111 9358
6317,576 14010
268,7638 14283
230,152 14604
268,966 5478
1857,2171 10743
3983,1175 9982
3954,401 10572
385,3869 8261
654,115 2400
111,108 314
261,272 4317
117,297 2271
76,528 14370
759,2333 3952
843,350 9725
276,867 3536
815,561 1826
2650,7658 14389
318,311 6830
1417,4475 9660
507,1045 11487
8765,472 12085
558,2150 11092
281,299 5237
289,101 561
960,114 8212
114,277 7384
1322,366 2810
484,104 6619
97,100 345
10585,412 13749
87,609 13765
2345,285 14761
2121,379 12655
97,341 2971
111,99 455
569,4312 5098
1679,45 6885
77,80 3072
3510,525 15038
360,76 14144
290,288 2509
62,40 7825
82,4278 13421
1396,2795 3375
98,264 2705
99,264 657
105,499 9423
325,98 7340
972,280 5780
125,40 5601
810,750 3490
1632,916 3873
96,96 1168
707,532 8756
380,2848 3483
538,519 897
5049,4189 10232
104,1706 4447
2912,13698 16267
1801,433 2311
1190,860 9344
1624,2787 9689
538,1698 5531
82,272 3804
2390,2112 9460
111,107 3069
268,1529 3174
873,99 12634
2989,280 9376
1449,115 10987
2509,636 14579
1695,1010 14851
72,527 15111
360,101 3464
273,12342 15943
3822,10890 14559
437,2948 4407
306,4313 6032
87,1081 9032
974,321 6649
7380,7454 14105
82,796 4746
2648,277 4092
292,111 1708
316,2801 6737
945,1050 15911
1554,285 5427
46,77 9283
278,267 1185
638,119 10358
623,1034 14995
99,483 4347
2571,10789 14063
398,860 7506
349,3753 15928
104,2917 4672
1074,3358 6900
401,274 11043
7641,7462 8577
6188,3215 9970
101,116 309
1394,347 6892
774,280 6353
65,4172 8066
1932,285 6211
6661,1977 13515
2724,84 3233
414,274 12013
7375,1162 14996
6169,7289 15112
275,839 13617
1191,1114 16063
5721,3036 9980
32,2796 14542
3822,261 11821
270,464 1910
480,2125 6855
305,604 4298
661,3278 7798
114,116 2925
523,75 6132
303,325 8994
3135,57 13848
9949,594 15811
346,105 11072
2632,297 3519
1979,285 7626
672,2020 11794
1505,722 8916
224,166 15087
1965,8437 16302
114,285 704
3681,3579 10626
303,3412 3645
774,272 1977
298,433 5340
405,1040 1545
618,793 10625
568,2366 12282
313,108 14262
454,115 1438
3874,409 5460
334,260 7609
121,99 2281
3804,2159 11835
291,1675 9028
1120,320 5493
1896,1063 6340
678,280 6695
294,4187 6237
281,3247 7122
2573,2719 10173
5860,309 11540
114,300 7601
465,427 11193
4271,275 8583
6469,321 9754
360,263 3008
84,101 4687
3199,1371 15262
3356,849 9549
11856,515 11870
279,406 5552
926,351 5745
2305,5496 11334
715,44 6251
305,277 485
114,421 12854
8285,793 15310
893,666 7110
357,949 9058
276,277 4952
589,11850 13966
82,280 10576
15089,366 16284
279,482 6089
660,263 6549
4271,656 8272
2658,1705 3007
2977,285 6090
257,673 13497
9915,630 14789
462,1012 8223
676,408 1556
948,758 10416
749,6809 16078
463,297 883
83,78 10836
4826,2714 6193
95,322 1412
11477,11832 11858
310,561 9014
340,3647 14085
259,274 2689
122,280 8644
278,108 569
1189,1670 2945
298,109 946
79,83 5012
1645,269 3578
2881,320 6327
1128,116 3939
3008,626 7987
4629,3098 13656
105,274 432
96,46 3976
275,636 8843
8308,275 11331
281,2232 9675
3093,889 12749
121,97 7923
286,116 512
411,5236 12359
360,291 878
45,115 1649
1604,275 3320
435,527 5954
277,1051 6452
8398,415 9900
507,334 10154
95,78 11561
459,1906 14192
275,546 5915
964,68 10951
454,280 1851
1127,115 9729
3025,397 6552
117,104 14287
401,311 14425
308,304 14014
40,3965 11374
8323,1584 10319
1951,304 4180
2450,636 12692
38,38 5600
290,1542 4519
316,1004 2587
97,122 2409
121,100 7366
1364,2893 15519
365,1598 15831
66,1012 10877
373,289 9377
1120,909 2404
305,9992 12008
6280,320 10799
322,394 1020
960,794 1848
324,273 3661
316,289 5109
959,499 3300
6698,269 14603
80,83 4875
4832,5643 5689
3906,1304 14845
536,110 741
283,4237 5453
112,309 9353
6345,1732 7208
447,267 3348
1657,1129 12209
278,518 540
330,284 867
1003,1093 1367
924,2590 5588
328,295 2286
268,1698 2665
117,341 587
547,105 8409
101,118 9417
5065,274 9849
960,8665 10839
420,1089 4726
1155,1517 5033
309,4165 4286
278,562 2476
305,267 358
437,97 14720
660,347 16199
40,98 2264
11003,814 13116
278,275 15940
7914,1070 11954
6021,882 16002
775,3402 13295
91,665 7891
281,361 7352
40,119 11725
2483,115 7911
364,115 805
1410,121 8300
6810,312 12501
6179,3718 12744
1396,793 2293
109,269 6336
6908,473 11294
4061,7487 14166
45,2097 10678
5630,6191 16024
3144,997 13536
78,83 1242
274,909 4553
4547,1157 9372
420,483 11839
1819,329 6448
687,280 5803
6382,425 14296
195,182 9514
1370,3161 6998
86,274 14532
3972,353 12116
5506,311 11970
459,276 9241
73,78 964
302,2215 3701
279,11259 13441
3020,595 14293
2608,394 9407
13324,11136 15300
276,116 8941
915,557 4602
1421,408 11750
3103,2133 5737
8052,628 11172
1980,1335 8976
310,1143 4364
1543,693 3357
410,3396 6310
6929,6536 7143
536,267 11537
3596,309 12709
550,1399 3466
1330,277 11628
110,99 2009
492,269 6243
276,546 3372
411,490 9349
281,932 15161
56,423 5135
117,361 3125
8118,72 13283
2402,594 2434
1443,3153 13667
465,263 15768
32,118 356
470,99 1065
2449,119 4411
86,65 13830
2680,5997 13501
1074,1745 6954
724,384 3748
8228,768 10255
2170,501 11759
459,688 6459
1231,1099 2332
926,473 4805
3178,1114 15488
316,1973 7975
1751,6720 16133
397,280 1681
538,3200 5955
55,423 6254
537,369 12786
762,5176 12818
1417,1002 16276
2384,263 15474
290,440 8840
271,440 13020
9081,1402 15891
865,865 1768
6372,263 11748
61,40 12189
791,267 13599
674,379 5933
310,4329 6528
390,595 3215
1055,3149 15019
271,527 2619
5851,766 13678
328,354 4111
277,499 6255
32,7568 13753
2615,115 5831
314,867 2548
608,100 14445
114,1038 7579
3437,280 7509
6259,1088 10151
259,820 11035
369,409 13960
105,420 706
3841,276 5389
11643,6230 12327
1596,546 3108
309,116 7784
12388,3922 13276
36,123 10749
5844,3098 16381
278,440 2130
497,269 2659
8934,8235 12091
544,297 2154
1463,285 4461
271,3636 7344
290,900 2408
2960,553 7234
335,882 4472
1292,430 6744
2305,472 10253
1464,1050 14316
4645,321 14687
878,910 7667
920,61 1602
316,1211 4079
465,1938 14301
85,1559 2893
328,71 10545
308,97 12991
103,309 1268
462,2947 4664
1526,2159 7942
270,102 287
51,49 1453
301,629 8539
2194,285 6629
7070,1630 12919
268,414 4769
9033,940 14856
83,1299 1384
44,34 1984
523,692 4315
739,1677 4671
374,364 4861
259,121 5603
1305,4413 6577
108,115 4147
6562,473 12475
461,720 4249
770,299 3166
2182,115 9255
1605,1566 12795
102,684 5126
310,275 6357
98,406 7393
360,403 5981
435,2090 15666
318,1847 2584
360,2791 13461
479,828 2760
641,354 5638
437,528 12255
264,1345 8488
46,92 6434
5375,309 8886
3343,501 15926
4036,9916 11860
276,861 13924
300,285 1999
350,272 2947
297,744 15153
125,61 7308
84,4292 15397
5339,115 7429
632,336 15004
2018,463 5592
4168,3604 7764
279,528 6922
101,100 280
45,119 3763
459,421 6981
935,2278 2788
111,104 1618
341,263 2165
832,101 9716
2308,347 6587
44,121 9324
356,1701 11236
603,543 14248
303,408 5150
2853,115 4095
716,689 3635
259,97 2077
603,9570 15654
989,56 5510
4716,5170 12806
11486,12141 12273
479,774 14383
51,3145 15090
349,431 1120
95,6622 7243
316,831 7865
353,594 13199
6151,6304 9861
275,393 1846
398,114 2670
99,432 6224
481,831 12602
271,264 342
46,76 9653
5385,158 11288
6406,927 11514
1115,820 5717
8156,77 12827
3123,297 12653
45,739 10630
282,1245 1787
281,472 14403
326,1698 8090
264,876 14456
787,4650 10278
117,98 389
328,1903 13730
843,2947 11335
411,1141 4723
40,2451 4045
74,2586 8809
391,97 13261
384,284 4575
1237,40 15683
290,3519 5015
3282,347 10860
6733,309 11200
4126,284 8313
676,412 2860
65,330 8323
314,1020 6828
1811,111 16039
3621,1147 6338
110,802 1093
101,295 504
1163,393 10553
459,684 8103
356,277 1839
2660,263 10202
740,10592 15444
4970,823 10382
4106,280 9762
317,1179 6905
2225,263 10523
1121,442 3290
365,1365 3735
2239,977 9247
389,101 5319
118,121 13759
1131,432 9521
1395,264 13318
53,423 2663
1074,396 8970
494,100 9532
946,691 9647
2382,2700 3814
108,121 320
5529,115 12596
266,425 5314
6568,3656 9026
57,48 2772
729,119 4551
390,590 11895
111,120 2229
388,280 9600
852,705 2732
972,2994 11934
105,314 3335
399,760 5359
460,100 4509
349,3319 4589
318,10188 11558
1587,2719 16216
112,1579 2728
539,2851 13450
4489,79 10543
1170,1007 1620
195,179 11221
273,1258 12034
3311,731 8116
618,10516 12295
257,291 4651
2952,766 8026
481,12556 15062
46,71 12525
300,1670 8437
289,291 2440
1056,320 4830
1823,758 6332
2393,941 4340
437,275 6904
1751,1038 15016
537,288 5293
3301,474 12923
298,2867 9824
326,273 4639
2755,840 14728
9652,2675 12722
46,277 12160
681,116 15697
410,301 11036
368,2437 2528
4386,72 9615
257,330 8569
1270,325 3106
1403,1020 7333
7348,499 8243
4914,1000 15170
398,351 5964
39,261 3990
102,3573 8493
290,424 4478
9672,1760 14439
5755,8888 10421
116,297 1539
279,259 1076
3032,280 7105
338,3670 7788
328,368 3123
3764,546 10947
2405,10734 11630
294,120 12999
77,374 6817
1043,469 3122
3188,699 9404
77,1494 3425
1189,4581 7679
77,446 15459
261,100 734
91,3330 8274
415,272 14349
308,285 5682
72,76 15375
510,301 1201
14474,260 16286
386,112 13624
36,44 3694
2576,280 14306
10506,120 14237
4218,314 4473
5293,499 13270
360,12597 13359
309,1057 6794
9157,412 14347
32,35 753
3275,394 3837
119,853 6795
44,98 13433
294,600 13560
851,6222 8346
490,110 3807
8227,355 9674
462,339 7511
2029,704 10119
1112,288 8707
618,6412 14365
371,472 1903
829,486 11744
99,7924 14131
5465,916 9244
318,3964 8041
5993,2548 10273
310,8574 13310
1405,1056 3216
306,264 6164
1835,321 7356
492,716 8665
296,3531 12894
1410,2090 3266
316,9782 11401
4715,633 12331
4063,121 13833
2127,309 10490
1277,100 5205
2466,1399 3405
3908,2053 8540
286,276 1640
4562,115 8700
11264,2668 15394
377,336 10131
257,9015 11264
271,108 695
46,109 4116
398,352 7814
402,4450 10439
2964,115 15270
397,269 1325
1059,415 1592
294,264 1651
310,524 8626
1196,309 13736
365,68 9266
397,432 13799
1531,1259 5404
573,273 2412
391,264 14605
65,2805 12763
303,104 558
1653,121 3601
4067,299 13370
1436,259 3904
2305,1472 10878
292,917 968
4337,320 13821
603,1202 10336
1639,10811 16300
79,533 9918
4226,280 13403
6057,73 11135
103,263 4136
110,545 14628
9,7218 9737
118,1050 1831
3513,370 8303
2585,3653 4862
413,2790 13632
452,280 5232
830,1293 3428
273,636 8807
278,296 11315
1220,1846 15383
333,1325 1668
544,732 9157
84,327 8459
1550,108 9252
550,689 14787
92,2597 8038
78,264 12083
276,104 362
1151,562 5065
333,111 1115
309,347 3790
4771,4958 5458
493,6167 11811
432,115 3978
749,757 13180
607,116 10280
1237,124 15421
5183,1109 15007
51,48 1265
435,331 1150
523,110 792
543,441 9328
398,67 11143
276,280 840
1764,115 8913
283,357 2992
99,259 10567
687,285 8441
519,115 2937
278,109 15522
283,327 6208
278,1312 9652
206,177 15547
5144,594 8544
279,2193 2335
2847,5000 8197
2697,823 5041
1739,525 5743
76,89 9938
1595,263 5388
1523,275 6959
7436,280 16104
826,491 12831
275,644 3812
1161,532 4529
2839,2328 8190
274,644 13437
4959,3196 14048
333,10815 14652
462,624 3557
328,67 6886
256,256 265
1561,1407 10673
851,280 12168
80,261 7775
399,2205 6379
83,585 2717
264,3094 9267
801,121 1414
96,7047 8812
7525,6496 8061
291,117 581
333,454 5539
288,116 430
1348,115 6677
1458,2329 4380
101,274 8166
333,352 11681
3087,13214 14130
1866,2081 14718
274,320 758
3026,285 12516
261,346 2602
3436,831 15337
110,900 3896
1363,704 15190
8169,8000 14314
748,321 2379
810,1455 6465
294,9302 14491
78,66 15816
1427,1852 12664
63,63 10171
810,10960 13001
926,1163 13040
402,640 2958
114,121 595
2031,510 14266
5385,146 10486
294,11729 13529
78,101 10534
271,5299 11423
110,101 839
108,1303 13874
763,276 2005
9538,13 15570
5355,284 15661
478,1818 8679
1081,115 4765
972,347 4901
676,101 13407
630,309 12908
290,1143 14409
895,321 1274
874,4096 6165
342,1114 3076
410,488 6591
603,5301 15573
2306,5612 7224
435,269 7054
558,6325 7477
1114,284 5509
7866,2245 10729
1313,263 15014
102,275 2550
10087,3391 13110
2695,2334 16021
538,7433 13959
1124,464 3891
258,503 674
1238,280 8622
1403,272 3948
7779,263 14911
1394,115 6755
1460,1016 11601
6860,4662 11816
1159,347 11117
108,325 3813
1859,888 2346
410,3321 14424
276,289 15466
98,2419 11952
105,363 1403
316,693 4621
4221,280 10642
40,892 8492
562,876 9794
676,4688 13255
2454,568 13852
292,464 5398
5048,1634 12260
1660,682 2466
350,285 14416
283,3955 15140
631,2409 9381
349,1889 3820
1158,1057 11968
112,396 2472
730,288 10899
12980,11510 14833
270,503 1546
538,606 4311
125,45 11210
2512,52 15964
34,46 3262
391,406 8284
459,1303 12951
1770,259 9595
2543,636 4088
514,861 15327
346,1672 7945
79,3634 7055
108,108 714
7382,4399 7415
5548,1416 6331
1875,314 13413
281,2626 7836
5642,3786 11194
653,273 2028
2130,499 13793
538,264 13062
33,1082 6440
257,7643 13135
112,272 5814
95,72 14441
6024,347 8149
7746,957 9401
338,4068 16380
268,267 4093
9,102 12872
4437,259 14028
5120,850 7855
801,961 5750
4243,2278 8914
462,9565 11756
259,699 6501
100,347 9226
1833,553 11443
839,392 14766
65,78 1919
915,2221 9628
356,357 1642
70,773 9342
311,336 2960
81,85 6685
507,4255 10075
934,977 12105
9573,932 12354
268,336 6498
828,269 9594
290,2442 10316
310,606 7651
68,80 9529
337,263 13891
1752,1871 13725
257,117 13895
2501,299 8427
4937,10300 13831
240,157 15631
268,682 3686
7063,909 16141
7038,473 10902
380,4788 15050
5721,823 12667
267,264 13120
257,2125 15294
318,267 8433
411,1355 1468
10974,492 13155
300,115 630
11173,557 14440
495,2123 7058
725,352 7863
276,321 3153
455,636 14138
1890,412 2006
260,115 1051
676,430 11538
2334,498 15095
916,111 13299
537,8896 15417
921,1539 11427
32,105 1353
257,2606 4728
261,702 6551
3240,789 15507
2837,5085 12056
391,2391 12473
1256,768 6299
76,79 3116
342,1141 7135
285,320 8641
258,1479 4293
111,98 1235
2638,1399 10774
365,629 9542
269,285 3456
1228,2375 8422
2086,115 9621
1260,64 12495
300,109 16054
1505,5451 13626
1782,656 7297
5645,272 12649
3169,1846 6348
3505,500 6007
626,8444 13837
2355,887 11400
897,280 7341
313,3020 4500
2536,3047 11735
799,312 2918
3601,1794 7908
278,630 1737
268,409 2773
1059,9694 9956
97,118 682
577,267 7567
328,3033 8406
2332,274 10390
5293,3018 8595
349,1390 10051
117,109 392
67,72 1333
391,418 14920
539,289 12267
11343,80 11453
298,5528 11524
3580,285 9772
2272,101 6223
5150,4902 15033
1489,3656 10955
649,2995 5462
73,68 1528
411,6473 6773
306,604 4663
102,4749 10675
8069,823 16246
3026,280 16244
266,110 999
2135,289 3360
749,307 6827
6792,115 8623
32,373 1451
549,545 11672
9380,280 16058
114,289 722
279,1424 2233
565,636 2546
261,309 4750
95,548 12493
437,289 14331
9029,392 12638
7091,393 15611
1942,353 13933
46,39 9390
95,114 8362
1875,379 11501
112,291 1472
8150,10906 11607
1537,285 9405
326,3058 3225
6030,1846 13742
459,384 8560
1228,384 9986
69,690 7556
50,51 2253
4792,105 14639
3188,520 4169
6074,637 13673
1108,1477 8862
4705,361 9840
1128,1221 2715
2514,285 6970
102,1755 7339
318,108 1770
4110,2487 6656
54,56 6370
277,100 10972
2843,3656 8201
391,744 5334
2408,272 8986
526,261 1092
537,330 1746
1076,3664 6099
95,67 9996
82,70 16183
3944,259 13870
257,3098 13145
5270,321 9869
604,285 10977
1111,472 12983
2821,373 5216
326,111 1759
475,1186 1405
102,339 6442
8509,6560 12575
41,541 13715
577,460 2980
79,371 12333
810,324 11451
4477,561 6609
3206,876 11102
407,104 852
7118,353 14065
105,666 14254
5009,5009 10622
111,431 5024
85,69 7604
360,1100 11685
346,101 551
294,847 1250
322,366 3640
54,54 5402
509,2413 3596
479,553 5513
271,300 6958
2618,8036 14361
290,1397 1538
6085,315 15606
673,1803 15736
323,34 1104
3010,825 12604
1913,285 10547
294,624 8231
4251,941 6502
296,1219 6304
116,285 1070
298,1972 3288
697,5657 12760
1448,1631 6118
386,121 13770
69,120 2633
2683,1157 12484
115,275 12789
356,1893 4363
32,1441 1782
1391,9028 14970
3610,2136 7737
1613,322 14793
1231,1117 6062
288,110 9145
121,525 14696
357,1167 7272
303,406 12029
1569,285 9704
948,1321 11586
194,178 13690
2393,1258 12906
430,1921 13390
443,304 1172
391,334 15638
1667,263 10343
111,1094 5194
1491,284 15784
8596,353 10692
1740,1766 2044
76,65 6272
1312,1493 10638
112,103 14153
563,2215 4390
319,73 2635
117,2803 13003
100,291 3718
690,72 13472
2182,396 13570
338,670 5810
4536,1203 5801
292,1657 13553
261,267 800
418,103 2260
514,272 3221
374,101 961
888,121 14207
1765,46 7670
1834,766 4324
3430,3430 6396
2041,1745 4073
6328,3350 9584
4939,690 12888
76,73 9181
4416,1709 4605
279,3125 4362
1639,2787 4230
638,102 5483
5618,414 6017
1510,5821 7553
39,59 3140
40,96 6102
112,347 12992
356,721 5851
106,510 8868
648,393 6283
399,728 15907
1625,4883 16378
300,289 3566
426,784 11502
1783,4883 11884
333,1377 7794
5592,5081 8220
111,793 12375
479,1105 6472
116,393 1582
2111,2333 3845
1419,55 10502
630,272 10259
3960,351 11029
7061,1854 11770
319,83 3778
303,269 14682
46,2260 3945
978,354 1131
271,1105 2533
345,285 10644
2874,408 14703
93,13 14747
66,3949 14756
3922,2689 15930
110,961 16297
68,309 7986
2734,115 6571
1360,499 7739
46,13090 14047
9976,208 14175
1235,289 13863
8311,561 11542
3464,614 15980
123,92 2123
279,500 2225
5257,277 9240
11240,10310 14964
9577,83 11257
569,334 7254
279,418 2146
305,700 778
2742,121 3951
298,274 1587
845,322 5792
115,272 5428
1434,633 6334
838,588 8293
934,2976 10208
1608,977 10693
5019,392 15915
226,128 348
1647,887 8878
9421,275 12381
89,547 10655
7776,9853 12443
1635,353 2236
2082,1021 13183
65,1860 2053
451,13 579
975,888 3811
95,3299 4590
1669,285 8191
119,364 1807
276,297 1974
2408,280 5255
5032,2278 16147
326,1262 3720
298,1778 2767
2293,2375 5240
227,129 10680
1828,269 10307
459,420 13311
119,101 2649
49,912 14932
893,351 11573
279,275 335
40,83 10659
705,116 5562
462,833 1960
4398,285 10066
3222,823 6880
946,830 4261
69,110 4497
298,1959 4998
306,1931 9230
114,482 10190
3405,274 12122
733,101 1483
261,4765 5137
290,272 10920
45,408 13702
269,1399 5376
638,1718 5372
1682,104 3529
278,361 12993
108,267 10331
2368,264 14864
4770,114 8320
749,256 10715
288,366 1303
3102,280 5594
257,119 742
1043,347 11292
365,425 3356
1736,101 1939
304,351 3753
47,115 4341
2827,3590 10113
2262,1407 4059
276,2457 5069
279,469 3377
869,275 3209
580,449 5174
780,75 7834
670,269 8204
2355,297 6748
297,273 2325
352,289 748
7112,7350 10001
1550,814 12946
7298,595 13205
97,112 582
4113,501 5239
125,4772 15614
300,1102 15876
4502,1109 6410
275,116 440
116,709 14338
4500,1016 11252
397,272 1211
7206,280 8733
311,116 5666
279,3033 5825
1917,347 7791
3359,289 13693
6387,1438 15988
10769,5729 15675
353,280 11208
1055,325 5049
328,2097 10479
269,329 1169
49,51 1591
565,100 3004
1079,5238 12261
494,46 9142
2753,1684 4405
739,2159 11300
283,322 11338
1217,1070 14234
572,109 4954
363,276 9143
1237,92 2883
638,99 3587
45,937 6003
652,2075 14355
5463,329 15861
2940,390 16280
411,112 11313
111,259 15616
103,4043 16326
115,112 1363
632,297 3100
103,369 3319
45,264 8669
7319,9775 9993
3113,9233 11061
102,115 10279
334,111 12241
360,111 9023
711,392 1944
105,368 5040
390,876 3272
8668,1321 11266
976,976 3471
96,532 7476
300,284 6746
1236,153 13019
301,264 16237
580,103 2540
9945,8444 13604
6982,431 16154
360,7234 13140
4737,394 8028
3119,1995 3261
1758,275 15358
603,1825 2784
305,819 4744
558,1012 10140
1884,472 7154
3874,1102 7820
365,1330 7389
2264,2419 14328
6875,314 6948
286,2777 10221
323,95 6052
945,6871 7966
308,701 1519
4973,285 10433
52,1178 11216
67,483 8481
470,1172 4393
4238,320 16375
616,285 6375
893,393 12591
1043,1617 11649
1082,45 12485
328,110 998
1103,299 1763
11846,3332 15200
437,101 2955
859,280 2872
1632,2423 11792
1625,1259 15912
839,794 9707
526,734 10590
1190,7929 10380
4248,4643 6832
95,665 11959
72,1814 8118
3890,8307 16368
263,121 907
3279,115 5407
787,4989 11852
829,2960 6347
279,4440 5088
377,1114 3613
1589,1211 9994
589,982 1802
447,4852 11452
323,7656 14169
306,1706 3056
1864,3514 11674
611,115 10047
2615,285 6876
362,389 3509
943,782 1928
4242,101 7858
1998,1819 6513
8760,528 16219
339,269 4874
399,1294 8701
4169,115 11074
78,334 5090
652,614 2994
5986,280 9082
345,272 4096
445,12546 12924
278,104 960
461,2002 4212
1074,1827 2629
411,4181 10691
1603,760 14531
365,519 4990
65,80 4481
959,321 10153
6009,414 15643
493,272 4840
1885,10649 15498
380,2037 2504
2269,408 8722
2047,288 10683
111,111 650
2087,473 2707
722,107 7689
84,825 5762
112,492 1573
39,39 5646
10372,7693 13514
2802,699 14300
268,113 10068
880,596 9077
6029,1414 7318
259,2456 12593
4836,115 13900
445,515 8900
507,6446 9586
462,277 1385
47,100 7422
842,299 4628
2176,285 7424
1340,2676 5857
2743,280 8453
5056,272 9712
266,109 832
2927,69 10444
365,101 3376
4882,501 11562
398,111 2537
13203,297 15242
2401,637 12226
391,291 5279
108,1002 13264
5183,409 8108
4879,322 6279
275,121 590
641,7158 8537
289,1070 15753
537,3946 7691
259,907 9018
279,280 9320
1296,115 13290
309,274 10308
123,125 11701
618,440 8578
1939,312 4130
650,636 2892
572,1972 11896
910,109 15083
3655,263 5764
32,457 1140
289,111 3674
582,280 9171
70,108 13968
1607,779 5043
4042,722 6988
105,105 2770
7344,624 11084
58,1433 10726
333,1423 6018
1640,432 2211
955,280 8376
948,6785 13540
1188,54 14509
298,320 9540
289,432 5724
281,483 8107
266,329 817
102,504 3662
46,304 9799
109,276 1809
9052,1670 13015
8404,320 15148
5450,315 14435
2640,121 7468
783,1641 2721
8569,6246 13056
65,503 8024
5877,628 14843
1185,731 12300
334,116 2923
580,601 8946
399,2664 4294
375,110 6660
1555,105 5587
337,309 15541
1113,363 15956
410,522 10795
3123,2831 14860
7543,263 12442
307,307 749
1795,116 6853
46,83 1821
913,539 7286
1025,4132 12191
603,3310 8760
68,84 16138
376,115 578
54,52 2438
2886,263 8165
1124,109 15221
271,274 1124
1099,361 12367
729,345 5740
674,1738 2661
568,112 16056
231,154 9156
481,430 6150
4030,121 5298
3924,1742 13670
2780,1021 15797
298,99 686
912,50 8864
290,1173 1435
32,789 5441
271,819 12685
1410,424 8909
1890,491 10427
327,119 1844
45,259 3426
1079,7956 11051
6349,301 7210
1320,107 11512
1649,6828 11114
3480,409 5131
294,346 2683
1279,276 11541
407,2345 12977
279,297 6733
6438,2271 11528
346,439 1721
117,103 1658
80,3946 14585
681,1709 10192
1607,115 14432
275,103 2507
435,388 14607
3094,6004 14940
3251,446 5794
803,353 15238
32,5175 6460
319,6072 14725
1485,3889 11935
1543,9798 14990
365,430 6558
526,678 733
595,2366 9828
13504,12249 14292
7807,276 9297
32,1757 13739
1998,8247 8590
3706,425 5888
5656,5496 9685
5678,366 11505
271,553 1426
2209,941 6443
572,1123 11232
331,1021 13113
2513,2908 4649
1324,274 2729
259,6176 6408
1824,285 15439
257,639 790
407,668 8030
1405,275 10335
32,75 730
6335,10008 14816
298,758 3028
896,324 6191
311,97 11814
1773,3366 5765
105,491 12041
259,103 285
470,947 9064
360,8499 13731
99,1312 15914
73,73 4401
117,332 1622
1917,285 7620
95,3175 8150
319,66 8156
397,473 9406
7690,280 13850
674,568 16382
228,186 12315
430,269 14377
2956,524 7848
2610,499 11589
326,1626 14627
774,347 8192
3359,115 11983
7667,109 10604
1074,1471 15123
478,9292 11015
313,2876 5637
264,594 11028
528,336 8736
410,1377 13816
105,272 393
1151,684 4803
115,392 5310
900,285 11449
53,48 1178
1728,274 2531
5999,299 7872
478,299 3326
47,3084 12368
543,297 11916
392,101 2304
874,364 8901
104,314 15400
329,99 4155
1191,4524 9654
41,502 3053
105,388 13087
3079,750 14093
573,3381 5494
926,321 4934
334,104 928
486,331 3190
4311,280 10155
1689,1378 11431
407,2088 9791
32,80 360
257,392 6428
5431,276 6780
112,856 12950
337,702 1736
305,2150 3309
10401,774 13574
4920,353 16218
7439,427 16271
459,2108 7338
6552,863 8991
49,49 1323
299,104 6819
308,263 8896
6212,1407 14660
278,640 2912
267,427 863
573,1989 2936
267,373 1377
268,1542 4860
115,113 3313
267,633 9819
398,364 4535
673,275 9470
294,325 4437
276,336 2787
8553,6579 9124
4609,2555 7754
742,101 11375
98,584 14235
4801,97 8408
6282,427 8579
8633,12579 13875
111,118 900
4773,595 12929
101,272 2758
47,76 9548
274,701 9150
302,116 2177
763,901 3691
5337,680 14895
32,41 1648
2012,121 4183
95,103 7563
339,441 11142
1086,693 4819
1443,823 6946
879,977 11937
8517,1356 15065
105,297 705
3337,2244 6512
582,425 14049
3353,501 8489
342,106 7866
398,1727 14691
2860,701 9361
623,731 3400
356,115 8252
1410,1424 15122
3631,8447 9688
277,264 3018
1820,341 4226
468,5461 10982
3587,10771 11014
809,525 2982
4808,4808 9319
281,609 1068
398,361 2695
5381,501 12196
318,486 7449
1036,1110 12399
5095,5978 14159
105,374 1496
226,160 14670
302,629 931
9152,7378 13369
1859,112 4474
40,1368 9662
390,501 8440
32,378 5450
314,371 13458
399,3695 15769
399,114 2637
934,1272 2208
105,106 7163
319,1242 1784
1949,363 2501
967,8071 11932
340,624 2694
722,116 2487
268,997 2280
6726,473 14436
2605,263 7483
523,115 2605
8840,1321 11027
1159,263 8257
328,261 4135
4600,1889 4699
47,99 8047
2486,105 9703
1828,3456 9964
1360,1202 11372
1763,320 11843
958,3156 7157
299,114 8151
1952,320 8972
4080,320 13181
670,346 13488
465,357 15240
46,47 3328
1893,439 3330
481,4498 9155
3931,7304 11622
465,791 3251
7031,3635 14849
407,288 3055
36,36 1048
310,2400 8791
855,2565 14853
1751,273 4720
117,5522 7550
7984,121 12785
752,51 12201
445,2366 15323
10350,559 14310
110,100 450
1848,289 5465
45,74 12293
480,432 7183
382,111 761
1915,300 4414
10218,546 12101
772,353 4371
82,555 12895
97,308 654
67,80 13505
67,67 4499
67,108 3886
1025,1972 9984
422,890 3742
3808,6202 11378
391,357 14476
9500,909 14929
638,276 3658
570,570 1278
1887,289 4917
100,473 7304
333,3318 11671
2692,666 11057
2472,299 14782
3657,2538 13902
99,439 7298
4386,78 9317
86,73 16105
1900,370 6016
365,97 4997
276,427 1530
297,1040 10797
537,534 13616
365,117 13051
2422,2351 13082
230,149 13487
2858,312 3972
1305,947 9357
104,300 8064
435,419 2938
925,1259 3281
2310,673 5921
326,80 12054
278,1529 13055
558,277 663
458,116 1086
69,780 8171
303,3233 3334
122,263 10768
100,301 3922
70,275 3086
3436,2720 9006
8399,3531 9037
290,1598 5839
261,114 12727
74,2075 14155
50,423 1066
10677,99 12957
100,627 6274
260,450 10965
3426,1266 15416
283,4890 10716
275,321 4328
746,524 1508
878,102 4603
257,1230 7014
5179,1457 11392
729,732 4221
314,263 11509
4197,421 10752
11075,3525 12507
53,1178 14633
573,111 6566
398,2739 11660
435,655 3986
414,427 9024
1106,68 8968
839,121 3350
39,115 489
398,277 3615
8212,553 11175
3873,97 7410
267,1162 4278
267,1539 4735
530,2462 13871
2898,1382 6941
1003,1258 4268
298,870 13532
324,442 11603
549,103 1337
324,280 1889
98,272 10756
5563,40 11738
65,71 8942
5110,3258 10896
8502,600 15011
2009,9085 12884
3617,275 4122
117,274 600
112,273 7694
426,59 8075
328,263 13798
671,957 4721
934,2487 8454
1419,48 9764
530,121 14773
115,997 6759
11906,596 14462
290,4354 6633
326,121 1605
125,94 6787
5267,285 8043
1103,1034 7704
360,630 9056
6700,1652 11434
2981,97 4717
507,483 1370
1315,1041 15680
53,55 5968
70,84 3839
4555,111 13339
798,66 16334
576,67 1088
2740,46 10301
826,284 1598
65,73 16215
1630,392 4165
335,1123 8050
303,121 16304
268,457 11652
98,2391 12876
280,2128 3593
401,700 12444
2305,543 15188
497,768 9281
391,273 14883
100,97 4399
1024,533 8328
80,288 8542
112,1524 5529
37,37 4676
1730,280 5057
2014,5456 9624
1951,371 13921
1763,280 5435
121,1714 6637
283,5013 6362
1489,284 11806
103,108 7960
116,472 6546
3510,559 9788
46,69 10798
10766,7316 13776
116,269 1118
261,116 1491
2013,937 12393
76,390 5018
346,983 5659
1220,275 4281
437,79 5932
326,267 11571
2122,285 15909
1085,734 4899
7392,2434 12905
462,473 15353
7719,840 15794
1689,3072 7089
41,61 5391
303,114 6483
2185,289 3962
607,1809 7684
1751,614 10246
303,66 14733
2979,288 15961
4733,10476 13857
702,280 2831
4577,501 10999
105,346 4154
32,72 435
515,284 2366
110,110 13554
4038,269 14421
114,414 11385
4403,3499 14007
340,8944 12154
112,105 4204
303,932 7233
4252,115 14305
396,288 9132
2804,9045 11322
640,285 4890
290,3220 13800
10454,11280 11428
259,321 1672
3469,115 12203
2501,1414 4455
45,67 5127
32,207 10449
1108,1902 9065
7352,3947 13809
1739,2021 16303
34,13 9924
303,111 1205
4551,115 9710
1295,394 1780
1458,280 7569
11430,6936 13209
311,115 3250
5825,2375 10498
998,99 12420
98,2924 5627
73,80 2354
274,115 820
105,118 397
3480,1102 8145
338,107 7270
1082,37 15461
671,274 9122
3729,2771 5381
1051,277 9518
437,331 3374
537,673 8060
111,109 301
652,364 1825
257,1249 2141
279,560 10507
73,90 12002
925,289 12882
346,3790 13721
268,1471 9136
296,910 7137
278,314 1112
260,562 6638
5483,11101 11186
1781,100 5565
1910,408 10101
2835,320 7161
1167,272 7294
278,424 13436
944,2717 3457
2596,69 3370
507,3318 8054
459,9956 10262
6338,1056 13196
1239,8244 12438
268,374 8478
32,104 306
5932,764 10200
437,582 14792
1261,280 6238
564,291 799
1073,3786 5945
1282,280 8869
580,371 3017
108,427 13423
1649,104 7502
46,1036 13629
278,5222 8134
3900,285 10942
326,900 10238
1395,110 9059
4955,1995 10558
41,47 8130
981,2863 5673
4599,1116 12756
2275,1991 5470
260,969 9609
739,299 8597
398,69 3093
63,715 9043
83,3179 10270
115,121 1793
267,289 2565
9967,482 13469
333,1211 4152
327,716 1726
2186,320 4745
1184,110 3031
365,1811 11032
4467,409 5129
278,1100 1324
2977,396 12758
105,98 463
102,370 1006
268,5046 8342
1239,3160 8599
326,107 7687
4397,3207 5256
338,355 2245
2000,3033 13308
294,1310 12394
330,285 7666
328,77 6957
9205,2464 14410
10538,2961 13102
260,430 15582
258,460 4075
1769,847 9560
32,73 319
582,275 10483
47,40 11152
1646,1295 11408
99,2184 6636
1360,3485 7769
263,492 14412
1025,10145 16289
1639,101 5375
2467,259 4967
1043,1021 3992
1998,364 7861
71,677 12987
352,1129 5227
696,5550 7090
447,345 2122
316,3274 11824
65,1232 15317
5640,274 11736
290,3663 7943
356,546 5243
1067,594 6110
437,321 15401
268,107 1410
32,3287 12676
513,50 1411
1043,701 8587
103,2519 13288
281,805 2825
679,828 2238
5379,782 11379
1246,109 1898
1119,2307 3331
83,1565 14054
1762,54 13641
342,102 1783
326,796 2978
1862,2257 12291
1975,421 8281
289,297 1921
7245,3350 9326
4351,497 10172
365,334 7768
422,264 12240
45,1175 16239
47,67 12277
99,1705 7360
340,424 1886
946,454 4191
208,176 10913
1419,52 16129
2199,9305 13400
582,329 11104
3353,6692 9118
294,1169 10609
360,791 10735
1277,4618 10856
577,425 13565
507,111 16130
349,312 6467
300,409 6729
4277,280 11009
878,2100 11557
5228,334 10457
271,11013 12724
900,347 13044
2395,936 3567
2692,412 15852
437,1814 5613
2522,427 10445
263,114 1441
2096,6695 11054
573,2427 11899
410,1891 8628
570,46 1574
298,1321 7127
102,1966 3816
1103,2159 10760
116,501 6887
1448,515 3119
125,44 3715
47,70 15008
566,110 16060
437,863 9339
275,819 3949
1625,2652 11714
271,5951 8140
352,101 1125
1936,561 4570
45,1464 7514
45,68 6196
3887,280 6778
410,364 11653
1060,772 2644
2331,320 5219
1121,497 6071
2350,766 3777
854,1803 10399
281,3955 7928
5774,557 11919
327,601 4807
95,118 14956
296,464 575
46,86 12183
282,2101 4309
257,932 1575
1832,1179 6289
787,2774 4587
1054,522 13534
125,13 4069
1944,285 13840
326,3408 6451
598,432 1398
326,606 2350
371,909 7751
2261,334 12605
2529,12123 13266
2829,559 3000
263,1399 11485
402,9600 12887
11618,7970 14528
116,284 5170
3537,635 7253
1278,46 15489
1165,1442 5224
323,36 7881
109,289 8343
435,338 13228
330,115 6236
310,1938 3751
300,793 4365
82,760 16311
874,1113 8364
771,431 11082
459,1045 11091
11370,656 15676
481,980 5125
294,8883 15413
3086,6013 11254
407,1732 7750
2494,108 11106
105,351 2128
318,288 2529
279,97 6290
105,412 6515
410,2271 14519
851,1169 8939
78,420 5115
478,1576 4409
117,1243 1335
298,626 9400
287,1118 1654
1287,1709 13509
926,274 1804
2754,861 3619
40,82 4907
90,7663 7890
4065,363 9573
1320,7002 14198
2014,12855 16084
1009,107 6678
656,272 10529
6069,285 15579
277,272 2752
45,114 5757
2421,284 5192
1465,11630 14969
3778,11825 16006
2091,3425 3930
360,472 8556
291,334 13937
363,345 8716
371,121 1083
11170,280 15475
340,3669 3942
399,2245 5768
3923,1075 11820
443,355 5655
318,273 1916
328,1860 8504
1263,860 10161
514,101 1002
2509,3385 10762
281,419 708
875,280 14233
316,12808 13986
535,128 5419
105,115 277
4293,1271 7312
9809,263 15979
481,1192 15639
607,6570 13309
1164,6669 7632
7645,12532 15978
1086,454 15725
447,522 4876
1233,2083 14685
279,1022 1078
8789,600 10111
1194,285 11059
1119,504 5477
2633,4629 11965
4812,1735 15513
3986,347 12094
77,65 4124
50,57 2407
4564,263 10536
297,103 2544
258,322 7223
3817,263 8576
2306,600 4333
303,1650 1703
329,121 5382
55,1393 2267
819,949 8680
365,289 11239
9628,2075 12179
3699,682 12862
68,114 15491
3929,320 8476
1595,114 9262
274,263 15179
268,3632 15220
2223,3196 13017
342,4691 13198
11503,3861 13859
303,291 15231
459,372 7292
11490,982 12332
649,276 15197
282,11563 16125
104,101 260
1297,1297 2541
5633,1877 15037
3776,68 8089
297,553 1959
276,491 10349
95,116 2639
333,718 926
842,314 2017
304,2564 4958
1887,3272 8415
497,289 5916
98,9129 9366
97,261 483
632,97 9504
279,659 2219
8086,7083 9804
123,67 11519
695,928 12736
56,57 7351
1526,1698 14742
298,1993 5818
319,80 7647
6679,1070 16094
340,351 984
327,259 1883
1138,115 2530
1464,425 5377
101,98 1929
2858,1254 7490
319,100 5999
899,309 3097
66,3566 5807
874,4656 6913
70,732 9232
7758,524 9696
114,100 8634
257,325 4878
32,9 911
277,637 3070
2006,320 5171
3535,6190 13519
4161,3640 13550
101,110 269
260,261 1630
913,2861 9070
2997,524 6691
851,396 9055
97,1094 15591
51,51 3292
514,499 9634
1549,431 14622
372,320 2495
4156,483 14751
1560,322 14784
1467,431 7305
2618,284 6006
10893,3927 13607
46,2568 7586
99,582 9386
257,111 292
264,272 2427
340,524 7125
461,1007 4250
407,87 14612
589,688 11892
45,300 12588
281,9930 10210
8040,1790 15261
92,92 3829
271,3050 12372
725,1180 16128
854,397 1444
88,88 6435
326,79 7570
279,425 1951
2982,280 12904
4299,83 11747
4284,99 6438
1356,65 8299
7980,7468 9300
901,263 4304
1060,652 5504
290,1931 4284
292,794 13892
535,147 1478
398,397 4522
2733,10149 12480
3938,115 11917
533,289 1455
1062,624 6308
5849,3590 7673
9311,102 12885
564,456 1690
337,442 12765
310,545 5244
3529,2906 5795
290,276 6149
283,704 3264
32,285 5141
4015,1352 10688
410,635 2034
356,1203 7301
398,10236 14179
7783,115 14494
77,115 15653
303,86 8734
257,274 8957
6269,353 10939
543,2462 15730
572,2744 7520
842,4974 6747
319,332 9697
9955,4988 15201
114,259 16174
340,666 16192
7872,1554 13640
95,101 12660
6517,701 11807
7543,347 14595
306,687 14765
1495,5136 11650
1095,285 7107
40,91 12219
2740,44 12026
445,110 1502
47,101 8398
360,1096 15898
9,13148 15868
1097,116 3695
302,1994 2318
3698,353 4430
76,325 7807
291,474 3050
399,422 9158
4995,1162 5647
638,1780 9659
7986,2863 13950
1370,6067 15899
104,288 11568
697,336 3388
3677,115 8568
39,541 2485
411,4203 8959
14008,334 16345
3659,285 13427
2056,3372 4404
607,3662 5304
117,336 1130
78,69 12592
512,114 13268
507,2561 7806
445,295 2840
2977,280 6391
1431,1102 5089
276,2002 14165
1686,280 12523
631,2973 14453
47,104 12009
945,312 7258
5148,285 9767
617,295 781
7973,3277 14324
1133,272 4343
954,289 3199
435,288 4490
2280,4770 10741
1337,2328 10925
4031,353 10434
509,9610 15921
459,1977 15227
447,666 8438
1011,2049 7458
2310,3456 10313
4490,11436 12488
104,121 2417
32,70 399
460,101 3047
1340,2895 4888
276,499 4260
306,497 7745
447,850 1071
268,673 2868
401,9422 9919
256,438 6522
572,511 9285
2130,115 15903
1779,4648 12863
105,735 6671
118,314 10744
316,1636 2964
1660,2256 5924
337,2237 5201
283,8935 13377
49,48 752
632,862 4004
104,273 10437
8684,115 10958
1945,3161 9641
109,347 8674
99,961 5195
392,2366 12751
1689,82 15109
494,312 4689
115,111 592
7805,6429 14982
82,76 11174
2483,280 15333
268,116 340
316,427 3257
729,116 4944
1523,656 11110
360,497 9329
5447,2304 12112
1112,289 2742
1629,1351 3798
330,336 9384
1864,1576 15257
407,584 5783
477,312 516
52,56 4056
261,673 10671
345,100 2163
411,735 5844
50,752 12783
279,2400 13462
934,9614 15412
365,66 15945
5974,115 8516
310,3327 13074
9294,1539 14041
40,65 10918
98,3389 15233
1737,11117 13814
66,83 8853
279,114 5731
318,275 5992
8617,393 14986
582,104 10922
7909,111 10952
11315,14293 15445
2992,401 4492
577,424 12329
391,331 14374
966,364 14804
2568,3599 10563
573,420 4562
412,320 9021
1776,312 2415
465,269 6020
649,1525 3027
851,5426 6014
32,78 437
418,374 5889
730,2985 8206
259,285 1731
1557,285 8817
713,7668 13716
426,7322 15514
89,528 12061
730,425 7555
47,10458 10694
3696,863 5118
537,267 11108
70,83 10130
306,300 566
1187,3624 14855
294,322 1837
273,103 687
1391,3671 5886
402,803 872
1816,735 9063
365,3663 9763
372,308 8944
2331,10264 15360
437,10205 13569
279,2205 2631
2096,5247 8258
1833,1294 13394
102,539 1243
328,956 11371
4999,321 15260
258,357 1956
2097,432 7492
4180,115 8529
2251,2566 12281
2824,779 14261
268,1002 2291
291,108 3789
106,111 9442
390,347 8999
461,4270 12064
95,119 10354
544,6983 15593
459,660 15791
411,6475 9950
268,260 1550
5311,277 5712
391,8531 9034
271,895 4435
55,57 8273
616,3683 13521
99,562 4454
2838,5272 13202
4709,628 6861
4997,1693 11316
8671,320 14172
862,285 2330
3005,1438 15873
115,115 332
117,120 6051
228,184 7614
1528,83 9867
5596,6224 8153
4306,1772 10242
7721,804 10816
226,149 1236
7135,633 11795
640,273 14692
40,2015 4582
1365,89 4825
337,11196 14978
4557,1414 15546
507,2556 9270
749,4211 15974
4228,491 6187
1527,345 12778
6661,932 14167
1151,267 14522
9939,427 13341
99,525 15127
650,650 7138
34,41 930
290,2265 5187
595,304 15994
100,327 8874
1151,433 15826
661,374 9338
4142,3919 12290
399,4357 4936
112,297 772
311,98 2976
652,351 8653
333,585 4391
99,907 13773
45,555 14478
895,473 6930
292,1138 5625
695,325 11442
9158,765 16170
391,108 3351
1992,1070 11081
569,454 11068
1868,275 2358
1239,2771 4143
2540,334 8112
1256,297 8443
2879,900 12109
41,1375 12820
8113,288 14546
10085,427 14069
338,103 2801
2031,1672 4610
4005,3196 11422
109,264 3481
730,104 14658
116,289 3723
749,622 11693
70,79 14271
572,100 2837
936,1634 12042
2029,115 4935
446,264 16233
318,346 8385
3797,421 12435
339,1050 16027
264,121 4820
273,116 412
399,1680 10428
13048,13099 13563
3364,102 15887
318,299 2093
123,7184 9771
563,440 875
897,115 1888
8826,498 13021
1666,2330 2443
755,101 10168
10835,693 16064
465,108 6849
326,263 8405
80,739 10344
45,66 5197
12625,2125 13454
1296,263 9038
9459,115 13587
294,432 8065
49,466 15548
263,312 2159
3231,522 13092
397,351 6111
336,668 12257
3983,7695 15304
4127,1760 6431
3021,187 9567
1011,914 12409
86,576 8589
697,9919 12973
3610,772 13130
357,401 10426
3199,3978 8781
2750,115 4911
311,110 406
288,983 1990
67,961 10748
65,110 5843
270,371 672
65,366 13898
327,734 12834
325,673 6673
2961,1771 7584
422,299 8447
281,779 13244
306,331 848
292,714 14884
894,473 1968
1035,4120 4868
697,2656 15497
511,118 885
1774,1554 3740
2199,561 8790
407,259 14626
2382,5302 8903
327,118 12093
2993,1034 3984
1618,110 2586
822,1457 3852
1188,57 15829
2117,2255 2998
105,112 415
103,272 4062
32,81 1474
5180,6949 7036
268,957 2620
65,116 7011
749,32 7672
1339,1634 9138
120,116 735
104,390 10090
271,7263 8352
366,734 11947
526,4259 12730
1155,103 1914
505,112 563
12314,4648 12997
4341,6828 13156
888,105 13236
5841,7828 14073
3896,321 13453
2290,561 15993
3903,116 14577
4437,3098 9778
1862,108 9668
302,1080 3764
107,103 14369
335,1268 9851
328,80 6057
360,1042 4024
1320,6869 10089
586,285 10495
350,263 14650
2167,561 3367
673,1530 14688
1119,2464 4462
103,104 531
357,109 3980
925,504 9459
1733,280 7087
286,107 15685
112,101 433
268,3322 3885
118,272 1361
292,1634 2622
261,473 8198
912,51 8426
118,259 9776
1156,559 9892
10532,883 12172
58,34 5248
4651,389 13970
353,321 13972
273,644 3773
310,1806 2062
44,92 5276
3699,2799 11344
111,121 2302
99,263 1858
105,288 14427
4233,285 13941
83,101 4828
102,308 14146
103,280 4700
342,2312 3102
2315,1519 9370
434,469 11440
276,3160 10811
4009,977 10264
1201,263 7924
1455,633 2370
340,430 1348
1073,1017 4855
101,114 263
730,285 3823
2219,1794 15587
1997,347 11494
268,285 2026
327,596 8648
3111,117 15588
65,9269 15967
68,277 10355
283,1496 9841
268,339 15405
411,1378 9910
4955,830 13083
46,106 10070
291,332 1641
1531,1731 9656
1024,601 13589
310,9912 15178
572,116 6148
785,501 2204
110,97 4831
61,62 13265
1095,280 5614
2547,3443 5218
1236,172 5580
2539,408 10085
2093,347 10934
298,102 1625
1236,151 10970
617,1858 10804
316,372 2095
871,280 1343
4985,2077 5551
5315,99 9015
3817,1021 11949
2029,6191 13778
379,446 506
361,2334 6214
974,274 7747
411,669 12481
1246,596 2241
1194,115 9392
3388,3134 10633
298,329 1170
108,347 7878
98,291 13243
345,121 11177
318,3365 13126
3116,87 13227
1291,285 3170
99,101 324
283,823 9766
411,332 9806
1226,4762 14431
46,44 1326
310,3283 6086
598,285 3664
603,3485 11302
3885,285 13518
1292,351 7041
711,519 5437
108,463 11306
7565,1097 12696
386,636 8348
11929,1504 15046
786,1880 15796
1577,263 2610
283,1173 3704
2802,488 4930
365,691 6376
360,1524 7925
830,734 2862
4310,280 10537
6605,6605 12445
99,267 13786
10986,5126 13007
327,355 2714
607,9353 14617
99,3118 8315
1758,628 7748
290,364 776
1911,596 2525
8490,280 12328
282,10670 12585
323,92 12847
302,2418 15844
3065,1056 12545
291,457 6862
362,109 3253
340,2564 5559
576,69 1829
306,276 6918
1025,12465 14913
356,594 3781
5976,1491 6813
333,408 15032
1918,2092 3744
110,504 2312
1487,289 2716
4780,522 6124
340,1747 11772
100,364 1634
913,7646 13059
109,430 10793
981,654 7315
66,744 13380
638,112 8373
6104,2409 9967
340,689 7985
3571,6978 11475
111,433 2668
268,280 8020
2722,304 11764
71,69 4172
257,1924 12568
50,48 513
3100,3635 4810
303,301 10663
32,1568 3240
686,849 8754
675,100 2116
2259,1033 14772
370,110 529
505,431 10116
113,117 363
780,84 4288
40,105 11752
40,122 13431
318,506 552
46,5403 11600
1076,491 6350
114,488 10353
87,660 13404
391,269 9071
1108,275 6303
562,101 5167
792,284 5569
1011,486 3511
294,683 995
783,1757 9186
391,5325 9631
981,791 1531
9713,1321 11971
470,304 2454
849,110 1374
316,331 1466
2221,3640 9178
1451,6783 11307
565,304 10707
722,2075 14340
360,97 14976
1236,144 3571
96,642 11699
257,5603 7494
2778,299 5683
589,907 13911
1717,2138 14885
5970,366 6516
924,3241 8572
306,338 7914
118,288 8728
4543,2935 7317
286,529 2754
3613,637 15705
306,414 10912
4111,264 16262
459,267 12810
108,562 6701
53,51 7451
3029,76 10647
3729,13781 15696
2515,8661 9487
475,2342 2401
709,99 9374
6396,6396 11981
563,539 2483
1577,347 12651
494,115 619
589,706 7808
1662,2052 13438
2216,115 7478
1369,280 9009
3822,114 10893
6009,594 7248
1669,280 5047
283,331 7589
2093,1670 11713
306,2406 3347
2143,1089 2841
2386,1109 5589
697,860 12053
365,374 3626
4739,115 6221
12823,640 13912
618,1630 13186
8755,1830 11497
296,115 604
913,3934 10940
606,272 10499
276,5117 12610
274,401 850
86,1528 7703
787,1807 16361
281,277 12388
649,8117 12486
280,117 12490
105,327 7510
275,1000 4332
1193,115 1963
2816,1496 9637
9126,409 11946
2634,1249 7293
110,280 3840
343,665 6680
6428,656 12561
3467,887 15377
51,54 3608
259,1116 15992
302,297 7111
3595,297 5312
363,272 13761
104,534 12390
3256,2820 14457
337,285 1331
1076,1459 8214
480,510 2576
1161,44 13444
462,421 14572
3755,637 10035
492,1530 15695
4108,524 15258
333,7214 12687
4565,269 6068
278,339 8322
111,101 4376
2178,6255 7082
4696,4345 9304
5282,1021 15244
459,296 5311
781,115 988
278,3594 7201
5286,115 10813
322,263 3373
46,95 5371
97,110 273
7208,264 9988
34,34 5491
109,374 5959
921,1312 13144
297,118 2327
960,5658 6651
463,114 1701
2178,114 14044
555,10214 15073
946,1995 5606
87,3016 13366
424,280 3338
1533,731 4353
77,73 4939
268,104 507
3103,3790 5336
110,420 1993
261,109 5872
1646,2933 7032
399,3116 6258
101,2528 7663
388,652 12767
259,8600 14330
298,652 5095
115,973 12875
283,2780 14346
361,97 16278
2045,320 4134
3833,699 15815
260,309 9965
97,325 1950
777,442 14723
465,1726 10033
277,883 15710
318,2035 13396
325,1525 14695
263,604 3538
95,59 12496
1669,115 11192
1866,5659 13908
462,2021 16252
48,53 3821
2286,10821 14481
386,107 2954
365,3519 7548
437,1171 10339
1916,6481 7309
435,1658 15427
407,280 10830
9639,320 11096
386,559 14174
290,1113 1387
767,7998 16221
948,308 11620
783,322 4711
41,94 6324
5463,112 14156
878,98 11606
819,1423 13500
1337,1352 10504
344,2759 13662
69,363 15608
4564,3538 6687
878,112 11631
275,115 656
67,83 6413
3721,473 7605
418,112 7964
1730,285 12759
268,4842 5641
114,101 261
80,5732 9102
4472,320 10017
413,1215 11957
539,427 4263
290,330 4046
980,814 8961
3102,285 12383
512,2265 12245
1627,115 2874
794,501 13928
1069,3069 15652
119,483 1479
411,100 3832
258,5108 5733
278,560 1834
41,124 9090
275,716 6100
114,699 2088
259,636 2933
2269,907 8693
1166,115 9307
2585,454 7034
1761,748 11149
32,10459 12427
326,1423 13541
109,3532 10314
2076,4141 6369
390,491 3200
326,1090 4900
428,355 444
105,371 1819
603,652 6863
2467,355 4488
1217,5170 9046
6517,274 10595
2712,3534 8215
300,101 553
1885,504 2522
290,3030 8155
1193,274 6967
1228,5328 7893
1035,280 5948
1112,561 9843
15278,1271 15916
296,4643 14878
607,8382 13344
3535,6961 13216
39,116 1316
258,1903 2201
7927,628 12988
810,9144 11976
2218,8723 14770
1792,758 16026
4565,673 13039
75,101 14619
874,3070 5341
32,269 549
1581,309 5532
8509,691 13685
508,582 8989
1646,4021 10873
783,261 14096
5693,546 12855
541,13 9677
70,101 14588
4363,1672 14965
78,2931 7886
7237,347 11176
275,105 11975
3363,3637 3717
349,120 11545
100,805 16175
618,614 1986
308,272 4234
283,267 12185
478,259 1415
292,2530 4417
257,9797 11168
279,3573 4960
2588,320 3003
696,4342 14934
283,1381 9239
3145,51 16238
5056,285 8124
4699,280 5753
112,116 515
3019,3271 9396
1193,285 13239
858,13 1013
4055,546 6420
67,73 3979
419,304 1117
308,264 7930
277,524 14422
461,355 3974
3971,299 6409
356,9423 15889
2570,5099 6291
465,814 12214
4201,1563 11999
271,1641 4028
326,101 1448
475,2370 5442
508,105 8605
514,285 2885
334,97 5446
85,341 12021
8150,8893 15763
2004,115 4777
67,793 7232
2034,2518 13262
391,1814 16074
73,109 5656
298,702 2436
1302,561 2706
112,364 11813
83,957 6117
849,121 3787
316,1969 7273
73,1565 2083
7017,115 14413
49,50 989
377,1032 1532
257,388 1549
87,9109 14846
12870,393 16266
45,86 12015
2874,263 8675
278,2024 8891
32,1768 12865
275,414 13879
1379,1361 14988
303,69 12235
278,112 9368
105,107 2486
340,590 3304
397,394 2851
3144,2410 4217
279,721 6205
893,473 2089
445,1455 6611
1663,320 7406
3650,4318 12509
357,100 2150
2109,69 7516
411,1878 8500
1561,2101 9579
7570,3839 15528
1269,272 11324
99,379 6526
1573,520 10406
1372,4650 10451
9793,3361 15790
465,655 6698
102,2307 16178
372,823 16337
410,841 8179
730,2301 11974
435,334 8507
759,659 4709
599,43 13027
4787,1059 14840
286,1172 1349
95,3574 7918
2042,115 8571
6397,5913 15717
101,363 3607
278,309 4384
1549,112 4714
755,3485 8534
111,533 4305
46,103 2879
298,1138 4670
77,101 10602
1621,4318 14400
3380,1327 14430
316,7343 10166
445,2129 10086
1464,756 12721
603,101 1614
468,274 12360
261,714 15418
108,460 678
368,291 1450
760,115 3078
7738,5413 16036
3333,594 14384
328,503 2461
303,274 16313
261,332 369
32,106 694
816,877 1008
3606,3215 7573
1124,1167 1722
505,2328 8033
4273,276 8780
2868,1530 7455
298,511 9238
2121,5096 14997
1992,272 4349
509,457 1122
410,79 13610
7511,322 16181
1434,5464 8424
294,6932 13127
8823,8929 9050
2396,802 3599
990,329 14332
7212,269 11969
2450,644 9831
309,263 2133
617,1123 3520
1103,1262 15298
1923,280 13303
5329,4084 11619
69,78 2212
435,97 13363
8220,289 15599
289,116 1310
272,529 3247
258,1807 2975
290,2794 3512
365,345 9464
564,2399 8783
2185,99 3966
4833,5584 8338
822,1554 11787
425,100 3226
5049,6278 13914
759,3678 6402
4763,6585 9880
1092,744 2741
116,101 670
1677,263 6067
459,1009 11342
323,33 7066
333,427 2552
6734,2590 14495
673,284 3098
267,2851 14280
298,629 4697
549,499 6239
104,274 10850
268,5082 11086
97,98 372
435,4511 15878
85,112 3931
365,259 3378
101,275 11245
2195,2195 5368
46,115 698
1165,916 14817
2569,115 3736
6163,121 13653
294,408 3011
297,353 1080
391,2380 2389
82,67 1355
327,1075 7762
2182,2137 15707
1717,473 7531
1510,280 11367
1982,115 11339
497,116 10559
5124,991 14227
437,11979 13983
100,1544 7661
314,716 11936
308,280 6572
935,109 6188
563,10059 15114
1074,299 5726
2496,3373 7284
3792,576 12546
3027,321 4732
361,421 15981
286,102 1119
8691,1002 12374
119,408 5172
257,1330 3090
396,285 1471
326,84 4053
271,372 11289
564,320 4517
10394,4493 11889
1208,263 3638
1847,280 10771
99,1618 4218
783,608 2173
359,3749 12297
1272,101 12899
3323,272 6449
519,2075 9173
69,84 1891
1614,553 1983
879,285 6395
3751,8390 15132
465,1042 3771
466,53 3865
572,112 5626
107,111 14748
693,280 5732
365,830 12650
335,116 8146
357,2324 8796
97,121 364
294,277 603
377,1263 3012
5279,345 12746
2536,277 8055
513,53 13811
298,295 7904
294,1844 3843
1062,473 2718
4522,1136 5380
283,297 7417
7057,4280 15881
445,115 14729
3639,1493 6417
365,4304 8344
1239,3346 4822
399,275 1072
7303,7604 10251
2031,6156 11702
72,101 5120
5002,5002 13034
2365,1530 7263
899,300 14135
603,947 10294
4024,11727 12127
11734,1486 15857
653,412 7026
3021,163 14013
671,260 3983
79,431 8008
2997,473 10975
2382,2277 16231
83,117 12654
80,108 5759
1546,300 13371
447,108 975
267,656 2138
3871,330 12931
1816,422 9477
53,1762 11689
7010,272 15687
5714,345 8924
1692,1413 14317
434,1851 12412
1263,1670 9604
46,36 14580
290,561 9699
311,285 847
391,300 7165
308,115 2675
4363,1028 11457
923,263 1551
109,280 2656
349,910 1246
301,259 5085
2762,1271 5215
1292,1747 11478
111,334 2081
125,43 9960
872,628 10250
734,276 2711
6131,274 12057
2770,105 8012
97,636 1747
261,363 6029
854,427 3745
2806,115 6889
4585,353 8554
97,474 9221
326,338 5342
105,275 1399
1025,6261 14353
8208,605 9761
4184,59 9606
960,334 2942
1084,748 1890
83,121 6430
512,111 788
290,4459 5506
809,1849 8978
271,5436 6578
537,114 5707
459,69 10883
7603,1203 9519
399,2081 15329
407,8219 10645
9119,1408 11664
279,346 1497
283,1029 2430
278,1471 6650
411,354 7219
435,263 4848
111,304 534
2929,2518 4428
294,6807 12180
1069,111 4100
391,364 6306
2855,115 7349
334,1051 5097
3793,1637 7636
8727,277 10790
2649,522 5929
8457,272 9974
2130,637 10022
2282,1110 3728
725,415 8904
4331,115 10185
318,389 13958
4046,1202 14064
730,621 14362
95,120 14641
4351,442 16243
303,346 16298
984,353 2414
333,263 11906
462,666 5767
310,331 1534
514,347 10837
45,325 16162
328,1148 1222
279,804 3445
2554,285 12216
229,143 10050
32,289 13392
372,361 8965
397,347 1295
281,2606 6276
117,107 5220
399,705 11665
915,275 13663
286,118 842
470,939 4225
429,3830 5900
2524,606 2956
8683,5020 13807
257,5167 9708
2348,51 10944
455,121 11161
2579,285 12514
310,111 866
1077,1077 2195
109,285 2815
402,263 13572
4746,9583 14188
512,1745 6233
948,274 3246
9546,275 11146
843,1457 7709
4292,5915 9292
2687,274 15348
99,2325 14543
328,108 1079
365,275 7480
45,3005 9072
3051,115 13694
2868,275 10302
480,2556 13964
589,561 8538
1025,2020 7457
267,300 8691
3376,6729 15136
340,472 5233
461,371 1869
303,275 8546
7204,482 10854
2293,6945 10900
929,13628 14250
97,357 1192
239,188 7898
444,274 8224
76,463 10851
14089,1529 15701
316,1110 9773
1676,272 11134
65,102 11938
893,861 11966
544,421 11240
674,439 1095
5984,422 14209
534,289 7907
2280,12986 15971
359,525 15795
2124,115 3794
10238,4688 11049
45,336 8673
269,263 718
122,285 4851
398,635 2382
507,345 9623
2696,11212 14801
5040,105 8929
1043,12461 13969
279,3749 4904
46,34 1161
1279,4062 10329
326,1009 2230
4893,1438 11355
307,757 4211
4327,285 9758
48,50 3791
47,1088 4503
105,1083 5360
349,99 14973
278,291 349
95,1420 2904
4100,457 9017
7561,321 10589
360,86 16005
696,280 3685
98,796 12529
10114,334 15017
1923,285 3329
12428,12466 13225
365,1088 15950
2529,2705 13780
1103,680 5358
1119,1038 12012
9147,393 14513
360,334 9436
278,611 3469
697,109 7268
1358,285 12640
326,69 1500
649,6005 9940
4593,947 8662
328,1186 6985
4978,108 7016
118,2601 9101
759,299 8528
328,363 14289
946,280 10979
34,367 3491
916,97 7151
544,1519 11444
569,1658 11940
2290,272 4532
70,339 15842
519,409 15711
455,432 1867
2475,115 5058
56,48 2512
363,483 9166
104,991 6797
682,121 14749
510,1408 15455
889,67 15656
5430,5430 14803
2484,4354 11090
297,355 2257
2104,9293 11120
109,267 1657
7073,276 10136
78,1985 14877
97,460 9957
268,1280 1788
71,67 13994
481,7535 9968
9805,321 13008
279,1529 8948
5985,299 8861
60,47 9391
391,339 8706
318,534 9795
53,2011 11626
108,390 6424
1128,325 3311
68,65 4082
2819,324 9580
4076,1973 14363
481,11029 12502
61,34 4695
290,862 10011
279,108 1226
67,76 10802
4715,1637 14866
1231,6432 8682
308,100 668
1642,274 14142
697,103 2578
8686,768 11321
1062,346 11126
463,1519 6945
703,880 12620
57,52 9276
290,1130 1462
671,2668 10847
105,1094 6446
2916,3411 3504
268,890 13263
73,83 1790
96,44 3461
5423,280 9356
319,114 7721
360,4446 9409
229,184 14886
123,120 7659
1071,121 3339
1325,384 6631
1240,259 10334
413,106 3631
537,492 15866
3331,3278 10674
1107,4730 6931
69,1948 7204
117,304 510
9697,441 15560
651,388 1922
3311,1727 7325
798,3665 11593
1098,110 13660
682,285 4479
303,101 1816
435,2668 15372
54,51 7979
4393,2447 9589
435,11327 12097
710,1145 4269
279,111 10003
797,469 10345
316,1681 6727
690,83 14364
599,95 4115
316,2892 3907
1776,1597 7571
4355,414 15043
670,735 2052
264,1147 15469
68,6214 9246
328,304 7565
333,7150 13689
925,1028 8439
340,1978 2660
429,59 11380
4311,9683 13025
4675,4886 13046
12763,1899 14944
2544,272 15275
286,304 1011
57,4982 15414
349,11140 16010
330,104 4760
4739,83 9904
318,4933 10881
288,393 1563
274,441 571
3986,285 8121
653,274 9395
1676,347 12031
2378,2351 13679
4005,3548 13307
399,425 6060
1436,1476 15882
385,633 8470
258,1006 1197
577,1580 3938
281,285 13861
1292,932 11712
109,272 7695
1305,3711 4449
338,99 5894
37,46 6920
1666,420 7070
325,263 7129
294,7088 8856
265,13 10097
1814,84 13931
792,840 1469
974,3624 5223
10923,3215 14236
279,3338 8091
538,440 16009
2547,1477 8800
336,1303 9134
455,114 6664
294,1312 12774
1060,4335 15561
428,949 4177
5021,115 7580
4024,7736 9577
271,856 2134
309,373 5855
599,45 10235
290,454 1724
851,418 3336
3029,71 9552
268,97 12510
437,2409 11526
1156,322 2977
69,69 5980
276,2851 9388
678,272 11274
826,637 3036
3337,3278 5789
5638,1330 13207
718,4516 11420
873,2752 11201
4215,117 11351
14548,10965 14591
411,629 3750
981,2400 4302
365,2780 7857
1417,1362 4379
2381,115 10956
95,41 9895
328,510 3341
334,6449 14070
3157,628 7335
399,2462 15577
873,119 5771
69,88 2724
686,2365 3096
934,491 3558
291,5607 13235
103,114 14012
2436,870 9913
1427,401 9031
1058,118 9288
279,6911 10812
462,11675 13094
271,301 1107
1647,115 2452
5898,284 16151
67,273 6699
445,6879 8771
4769,1114 11388
4216,1203 5962
1892,390 13035
97,433 2516
32,352 583
1092,1999 3114
625,1281 13418
2368,2626 15867
116,825 5524
3142,115 12717
289,1050 9693
5196,1259 12001
391,1891 11486
526,8747 12284
507,6163 14835
83,1206 16196
740,3850 11329
83,389 5133
82,65 2730
659,107 4933
537,6262 14601
350,666 9448
919,1319 5145
304,115 8240
360,274 6476
659,628 12776
300,529 5667
306,274 11830
729,2749 11841
7306,2752 15958
445,98 5379
2095,1485 9008
581,888 2727
435,65 11178
33,715 14019
759,111 3530
2225,285 15457
1862,275 5961
279,4295 7080
724,721 2373
6060,304 9438
365,980 12385
5243,285 10696
3359,876 12254
913,9369 13605
1364,1145 3965
3101,2423 14092
1998,2334 15802
3580,280 6723
117,100 460
352,121 1554
278,276 12468
271,8824 14824
564,1524 6269
5475,7930 10442
1925,704 7864
290,264 1234
349,1525 6470
46,1381 14343
57,55 6635
1690,321 3623
4101,1053 7763
412,280 14562
2031,1259 5208
324,427 11238
335,401 4915
2578,115 12232
6745,6745 11390
390,280 11786
326,116 577
623,5695 10447
1189,261 9644
6773,916 14785
711,2480 10443
92,123 15307
365,99 4665
109,454 11888
695,510 7543
47,6363 7997
5260,427 10781
899,267 14646
2791,78 7941
310,6094 12714
1011,491 4419
323,40 8521
258,1017 1661
1730,116 12571
4074,409 8872
3834,441 4951
729,329 11459
2450,464 2986
399,1424 9741
279,2021 11879
4075,276 15602
1369,285 12039
538,112 1396
333,1374 1758
1746,263 2592
654,280 2863
508,98 4869
1084,820 7179
1127,9569 10371
1313,280 2873
971,2700 5651
782,115 7828
631,652 9461
633,280 12579
1320,109 13938
365,414 5492
319,84 8651
96,41 5705
54,423 5210
110,115 6359
511,1573 12336
298,100 2940
695,856 11955
3265,1539 12207
106,117 13635
296,6718 11111
893,339 4126
290,826 4719
279,2983 15858
410,582 15897
299,284 2265
327,1175 4749
1739,120 4854
739,519 7581
46,2163 7193
753,13004 14251
1304,103 1909
2225,115 8798
119,285 10806
780,89 5558
698,389 7164
792,1295 11308
3666,1102 12167
1305,99 11576
6939,274 15715
2401,115 5965
69,288 11206
1239,2187 14279
618,1966 6108
294,805 2323
530,1726 2012
2067,2003 9451
257,338 7738
32,325 505
672,486 4072
95,2428 7209
118,299 1215
298,4132 7153
1595,347 3854
4068,86 5649
2441,685 2750
650,329 3177
562,347 9570
573,422 10325
68,67 5856
678,285 10577
954,561 3295
9808,2689 12051
326,605 7287
6979,353 11885
283,2391 4339
759,285 11605
503,774 4514
492,520 3946
1059,6930 14086
711,1110 4625
3490,285 13774
55,56 4982
288,112 6507
259,524 6156
279,3695 4815
273,107 1012
638,1036 11430
1907,339 9092
8850,274 12935
5103,320 10641
402,112 971
465,101 2581
4085,280 9192
294,7049 10989
105,534 12463
415,353 1881
1593,650 8363
987,1116 10196
891,498 1037
1161,59 11089
260,1657 2771
271,5319 16259
4476,7409 11581
283,345 4574
1814,83 11985
770,731 1473
345,111 5479
2178,8164 9499
2041,1924 13426
271,1274 3080
507,330 8748
618,273 11844
2847,3499 6281
340,728 6654
309,722 8131
6845,8010 9472
69,79 9738
32,67 318
318,1641 10219
84,65 5106
2578,2110 14901
3310,121 16371
2605,280 15052
445,474 1733
322,97 3902
497,108 10511
79,102 1373
827,1089 5756
306,525 2247
80,518 11448
390,285 12023
1062,119 10757
2980,393 8416
1037,2067 16195
301,98 4047
1286,364 10396
46,4286 13030
9256,85 10711
309,289 2112
843,263 13379
273,300 16261
511,102 5196
8318,4726 14549
283,744 1223
278,409 1307
5234,482 10512
70,65 5128
279,2462 5619
109,439 1860
437,65 12603
298,2994 4724
5109,10465 15864
2697,840 15181
709,332 12797
1439,52 13151
4144,2324 7583
274,100 11549
108,334 8774
66,330 12376
2520,539 11763
465,486 13184
294,5629 14472
2327,412 5038
71,89 12413
1155,6322 13747
1226,522 6890
8614,320 13327
105,442 2423
84,67 6962
6414,472 9098
1746,347 6000
391,2924 4734
851,440 8637
388,112 4292
282,103 3467
80,576 6879
442,284 5426
5282,347 9463
475,336 808
2481,483 2988
100,115 949
4213,92 12498
360,114 2199
672,108 12932
271,259 14128
4530,1105 15664
271,584 1647
3227,524 7027
114,97 327
98,311 10549
398,7049 11517
10077,2375 15149
365,67 15315
7989,2370 12234
507,352 9110
1936,8624 14220
119,1089 5570
702,347 7370
742,111 811
333,677 1506
2674,320 6153
607,2790 11719
1515,320 8048
1007,288 9182
4873,8409 8627
465,525 9335
655,115 10826
68,79 10521
45,431 10908
104,331 7998
2114,264 8925
196,129 9779
1087,3858 4494
437,1235 13342
8294,309 10063
373,115 1705
32,700 7235
309,119 827
1217,670 2469
459,6115 11518
466,49 4194
2929,440 5394
512,5337 6620
4063,276 13981
85,66 5972
492,272 5629
259,107 1176
1064,48 4241
729,1477 7493
118,731 5808
119,584 6200
2250,394 7513
73,982 10002
3331,2244 13917
97,104 1811
888,7930 16051
10823,111 16232
82,7445 7954
3606,1849 10332
289,887 9888
82,5912 13281
300,107 2442
591,42 12945
946,6549 14255
1170,1132 15064
45,3230 4704
1665,2643 5108
5506,409 8377
70,8655 11755
49,52 1439
445,107 7117
40,38 15041
281,260 536
5022,9820 14360
1416,408 2342
372,309 3525
996,108 9203
1505,97 11705
257,2516 12814
1510,9886 12702
4963,557 10882
14141,691 15618
357,501 16106
6771,285 9314
40,107 14465
6966,116 8070
1121,4392 16176
618,585 1716
69,401 7917
440,338 2255
873,860 6423
298,539 6873
271,121 4963
640,121 8962
3280,2464 13671
1146,2181 4889
36,46 3235
761,329 4018
109,309 6004
299,1371 4375
1907,7216 8479
78,309 12708
120,99 12881
40,5408 13942
6662,259 11536
410,3909 8423
652,334 12700
45,92 5786
9252,370 14907
1150,1171 1861
110,392 9525
653,103 14110
309,370 1906
943,108 14958
372,768 1760
695,633 6708
326,422 15721
68,6597 7736
78,79 10018
112,831 3060
257,5299 7472
511,99 3743
340,545 7527
4108,1881 10249
408,689 11033
111,116 334
274,111 15941
7651,272 15632
1925,454 9399
309,520 9501
878,670 8227
333,525 4565
274,1899 12342
360,739 2993
697,1856 4007
459,259 10573
1222,97 2686
2852,321 13161
290,609 9534
4508,4427 8147
385,833 12102
835,9281 12918
912,48 5158
32,46 1216
11346,441 15199
901,14377 15502
271,267 3265
5312,2221 6562
2068,1145 12920
290,2965 13949
365,1007 2769
65,2925 9084
452,2428 15677
398,12892 14125
114,109 2759
58,92 6647
50,56 2339
1210,595 4521
70,539 4707
1761,1371 2871
365,582 10169
461,1778 4094
55,53 2959
2550,1138 12184
399,486 13412
775,412 1359
723,2888 4132
95,511 13934
1510,765 4408
282,6589 7432
391,274 7288
2785,1113 14830
45,1879 15962
589,274 4543
101,102 870
747,1206 11880
45,3753 15280
4117,4154 5327
7853,5222 13334
476,285 994
740,3679 14993
345,400 548
1370,100 6101
281,584 1046
290,655 8696
46,45 12175
270,120 10350
484,670 4025
507,1004 14215
267,284 321
1439,48 8936
459,3985 7226
3199,263 11094
1192,115 5997
317,314 6908
720,275 7693
65,68 3175
783,739 6973
1300,115 2864
2013,421 12675
297,121 2935
86,907 16339
3720,115 13084
300,1051 8841
461,1075 8094
392,272 7796
407,3247 5473
69,82 576
95,6478 12307
1608,561 6343
750,1636 11668
1204,285 14257
100,1536 13677
340,460 770
13382,272 13723
569,1038 2688
98,330 9437
365,2440 6594
558,267 2625
338,295 11798
66,576 16247
1608,2007 14230
294,101 402
3931,1493 9951
721,115 10627
108,97 5909
398,3321 5746
1360,422 3275
32,605 6382
33,33 7149
4331,309 14614
7502,9171 13013
1107,353 6075
2169,115 14460
5871,982 15243
5106,690 9559
109,117 7277
2060,121 15076
512,4187 10170
339,956 5995
402,635 4080
472,353 1352
328,355 10115
1040,121 16019
122,1613 9650
414,284 3492
391,408 10723
435,105 11950
66,73 12673
1839,840 10496
2286,2851 16203
119,525 1138
111,332 3043
79,764 11850
2547,5356 10142
459,5185 11490
290,384 5489
1076,699 7311
774,8525 12597
3355,5698 12839
3924,1681 14979
333,814 5029
257,1974 4913
2454,3402 4448
694,1235 3584
350,299 16230
276,1441 12250
2911,910 3689
280,594 4493
3575,111 12362
326,1171 9582
294,117 12636
1763,321 8161
117,115 414
2422,98 13241
878,1345 3724
1313,347 15157
3101,916 6220
326,1299 13654
1379,322 3785
268,4524 6485
2978,2187 6095
1583,4328 13383
869,264 5670
116,109 6625
935,601 1309
2153,370 16137
260,116 6135
447,291 10328
294,455 2671
273,321 11585
2026,887 13754
268,422 7324
4144,10553 15374
269,116 299
2610,321 9094
265,438 2448
8617,121 12313
573,338 7919
2757,982 6421
1056,1271 14521
948,394 5284
5696,1734 8178
4131,957 5744
2146,275 6999
298,723 13141
1488,41 13152
290,1235 10298
271,2574 4306
3493,320 5250
2175,280 7727
328,99 3178
912,57 6037
6535,115 14610
5433,331 11953
558,831 7544
261,450 15265
507,582 5835
686,3787 7205
278,1310 3874
283,5940 7160
603,112 8253
6581,1106 15987
1315,263 2944
5897,320 7020
46,1380 13672
1126,111 9260
78,111 4922
45,121 10207
289,274 501
4707,590 5938
273,111 9833
274,116 5620
3588,2599 11727
32,83 326
653,300 1769
271,109 6891
281,860 14665
4563,1040 12158
298,118 3758
5201,6028 7169
4740,101 10435
108,117 2307
1067,4264 15281
4796,4726 12842
9826,1145 13012
391,1099 13389
101,1141 14713
301,112 379
103,1017 3850
290,439 4893
326,9768 13997
569,1966 4798
117,121 6506
375,300 1964
6736,274 10362
53,54 5547
775,276 9135
966,483 3228
1236,162 15975
1432,1563 2287
319,1097 14625
95,414 14593
356,5469 6848
1140,4514 6694
292,474 4747
2182,277 6613
3823,3922 7519
318,3648 7564
345,118 10585
5066,320 12049
290,1706 11867
2421,272 15982
981,504 3898
45,107 11733
654,121 2739
279,427 2506
73,71 4386
2632,269 6868
974,285 10704
1035,814 14339
356,482 15492
3906,2359 7602
3011,1672 8401
33,1962 12166
82,870 14112
1074,2714 14393
444,115 2268
10348,401 15386
80,82 8908
2877,1831 13489
278,97 1820
43,121 14517
125,1765 9007
539,347 6302
809,637 5193
5235,656 9214
1830,83 13154
12250,11715 12334
3442,280 11093
333,418 2422
2162,92 15155
2034,8597 14642
2618,275 6231
1603,705 11833
259,99 1059
465,1374 4541
584,263 11157
746,1163 3267
259,280 1259
5037,1827 6360
866,750 6533
261,553 8169
514,6381 14404
2853,100 15223
538,4153 5289
2666,7198 9944
411,371 15933
78,392 13797
360,1157 15989
555,6638 9768
452,115 574
3264,285 10721
271,260 935
209,130 11680
226,150 535
195,177 14737
4022,1125 15848
399,773 2667
4381,263 16079
346,1187 10452
271,114 2536
1513,2489 5874
73,2364 11187
998,1624 8386
451,59 10453
782,280 10988
2484,2565 12198
426,6079 15823
99,314 4423
86,69 5770
2405,10145 15053
265,32 471
2535,115 12849
1226,117 2804
1646,1325 10118
376,2002 3627
117,102 15698
695,288 9236
3836,1266 6725
2539,823 9785
79,474 2396
7567,3272 11085
111,112 497
697,99 11778
79,82 1830
1190,6111 12299
1832,3733 10948
263,346 13526
333,361 15422
4718,427 9848
512,327 14448
360,1559 5679
298,345 1296
83,79 15117
4918,61 15775
1417,1041 3867
318,97 11878
79,79 5325
2111,1414 8561
324,1681 6570
3336,261 5738
3747,7238 12271
45,11165 13946
5508,5754 6739
1356,5273 7967
300,116 562
272,1181 4652
1188,48 7081
258,10455 10935
306,449 958
602,2510 3560
4003,355 4809
459,528 4251
2816,1037 12346
9425,1002 13743
98,115 2129
447,473 16044
537,297 1217
100,520 669
271,534 1521
11483,6984 12108
435,69 13639
278,7550 11591
32,110 310
4191,1147 9502
377,99 3699
3690,285 10542
671,633 2282
413,2937 4683
54,49 8210
6066,1093 9275
7324,114 11812
2785,654 16344
261,355 10703
4036,2125 14537
267,97 683
278,6339 14896
10787,115 16377
399,440 8039
2754,11688 14620
6699,2601 10146
117,329 2104
387,47 13890
603,4884 6297
829,3177 14043
4631,115 6130
6751,1330 8304
2793,121 8388
271,568 5596
279,11818 14264
48,54 4644
437,545 12289
4459,311 16159
84,639 3039
289,263 10215
1671,285 10368
1853,2369 14730
1552,1129 4121
1925,357 15183
7631,1266 13810
67,288 13796
306,345 986
10573,6051 13634
4220,2966 12467
2477,273 4444
32,261 298
8705,499 10419
271,418 1627
283,4171 13609
96,58 16112
1178,53 14769
2050,1116 10195
399,427 13675
7812,499 15388
6268,277 9168
4124,964 16119
303,499 6992
1456,793 7995
286,373 7719
269,99 801
330,427 3443
45,401 5747
45,110 6213
273,272 7391
271,5096 11233
277,285 2468
281,1732 2206
10365,10972 11846
365,543 9013
508,2561 10257
326,285 8133
789,789 1568
2087,524 12163
97,1075 2861
303,2453 5605
440,103 2965
1621,15880 16201
32,91 1195
304,430 6842
462,104 12801
4397,99 12104
97,276 7977
1236,154 7568
4002,779 8375
456,101 7092
3565,277 9041
121,114 12958
11868,1407 15575
508,449 11255
258,112 7552
270,330 662
319,110 470
392,285 9011
302,562 7444
98,432 13449
104,104 15770
356,1310 6010
104,463 2777
4585,628 15218
268,654 15402
1996,2100 5443
292,314 2523
336,121 13011
288,370 3218
108,112 16135
508,288 7524
12931,1038 14981
347,685 802
508,101 2200
752,54 13930
399,1830 5704
32,208 8185
125,2162 9217
270,5519 13257
369,427 10059
468,3971 16134
2639,639 7999
291,121 4866
344,425 10248
326,109 3598
257,4706 7951
1443,2799 14303
7518,353 10400
1444,394 2857
893,863 3493
261,670 5247
1191,2416 5691
108,4523 5527
1897,320 6703
47,119 11285
318,379 2000
57,423 7419
277,109 1402
289,519 2545
98,111 6543
577,590 14045
289,961 14818
2173,100 2682
696,1747 8923
115,389 3657
4782,115 10052
886,61 3422
3843,285 8464
694,3131 9303
342,3183 7561
859,115 2299
716,274 15449
418,99 4975
697,596 9439
324,1819 8225
1639,3190 16256
109,7624 8588
1165,12477 15305
268,421 6415
2017,1254 3714
606,285 12809
116,104 401
2060,501 8612
259,100 660
278,693 2839
6939,758 10998
1853,115 3421
399,263 14564
2722,2995 14872
383,62 1267
340,114 4307
73,841 5729
10086,606 14297
12872,5894 14952
335,109 974
3067,454 5521
32,62 920
45,422 15817
119,805 2037
340,261 11003
672,4727 16241
281,4706 8699
1813,474 8018
277,347 14758
410,4731 9663
2310,121 9385
465,327 5112
356,561 13223
492,394 14788
391,1710 10530
1396,1286 5989
530,5855 8977
117,394 9908
395,13 1289
301,97 4655
101,261 419
756,330 1272
752,57 13473
390,1129 14632
114,412 4128
286,100 967
257,2298 2989
5749,309 8598
312,418 771
1395,2702 9805
869,547 9160
391,11700 12583
437,111 2344
121,528 3230
66,108 10835
278,327 10817
3008,4672 10739
4435,351 5685
9352,13500 15160
2373,115 14452
1500,7841 10782
399,261 11810
99,108 1714
2198,272 8645
308,3153 11991
973,427 6245
95,98 5556
7064,9646 10779
40,104 14322
12641,1038 15362
1036,613 15733
730,10951 16322
419,100 1021
5833,274 9106
695,4924 7260
65,100 1207
1369,353 2818
264,299 12006
270,308 2226
492,276 5302
437,900 6826
8137,4493 8219
271,455 10055
290,388 915
100,369 400
117,888 6531
318,261 4471
854,600 3870
357,116 6807
300,99 4029
101,113 10057
348,162 11817
550,1002 14530
899,371 9076
638,414 8789
549,5301 9393
60,45 16234
97,114 288
457,794 13455
537,2561 12302
509,2055 2834
2634,722 7658
1391,272 5585
418,121 1480
759,4637 5184
3301,732 16373
2523,115 3827
364,263 6720
5586,594 5643
869,2652 6676
1621,483 6766
3738,347 7120
437,1725 2488
65,70 9936
1058,640 15735
270,112 1518
397,285 1742
465,309 4086
1625,732 14919
98,108 4850
507,1113 15691
2733,482 3901
5762,1877 14534
4848,6783 10658
1065,6930 9053
638,2419 15751
4598,1407 7574
50,55 2363
3708,1097 6898
737,61 9413
316,272 10132
543,272 1157
333,338 12434
3380,264 13901
268,418 8484
261,1175 1827
1308,115 10040
397,308 3648
810,511 4504
361,116 5931
281,267 12229
100,1844 3196
1039,320 13642
1793,336 3768
377,2416 4267
445,371 4000
906,61 2071
306,4692 5021
2629,320 5879
336,285 7576
194,174 12416
1934,276 4140
462,860 5719
298,2861 8757
3609,432 6077
4215,492 13961
2868,656 10525
290,105 12262
562,121 10260
829,5635 5946
445,1232 15039
4724,353 8217
580,813 2498
1569,321 2113
407,5848 6407
461,2652 4693
97,431 4162
526,1051 7452
5633,2125 16092
117,277 14454
2833,285 7097
1866,659 7744
360,121 13790
6124,12184 16004
7199,107 14216
603,10224 13955
411,363 4108
109,640 1729
542,374 8345
429,42 13240
6142,1258 15259
1121,345 5386
35,8737 12926
1783,2460 8218
50,53 416
878,5655 11805
103,814 14178
1108,414 15134
306,277 963
748,524 7969
99,3589 11198
1970,3897 12668
73,100 1145
2946,101 13787
2474,4060 7501
492,277 3248
333,291 8082
4075,1221 8865
259,355 9614
1694,472 4566
3979,982 6536
1385,272 16235
377,2777 5296
102,1680 6541
623,2460 3682
2238,1479 2708
478,539 3528
1561,501 9695
3227,473 13498
4085,409 9625
1561,637 4099
429,36 5937
2417,401 9565
8735,499 14598
1765,44 9626
703,100 3500
390,273 8525
267,336 2345
103,347 9820
822,748 1912
47,591 6743
380,9039 9901
271,296 3943
1079,592 4049
5359,321 6841
709,366 10815
64,9972 12558
290,901 7206
913,723 16225
1016,320 1430
1764,1464 6859
898,418 15712
2922,98 7382
83,527 15904
2306,15125 16320
1864,1438 7405
281,264 3621
1623,520 2444
365,111 8607
863,320 10176
1799,4375 6833
104,421 7682
919,2052 4969
4014,2885 11565
57,56 5741
10782,4825 11684
1449,285 3818
435,966 7899
745,557 952
339,104 449
781,427 12451
104,105 8250
437,682 7984
507,575 1098
8484,433 11188
1839,600 5161
352,105 923
114,415 1158
316,1303 1663
447,430 2425
4954,1442 7537
783,4987 8482
326,110 11548
674,684 8799
257,1760 7958
398,339 7603
8874,474 12599
1428,2719 15746
91,95 1366
46,2889 3553
380,2544 10473
326,108 11220
7927,353 13194
326,1529 14659
934,1818 2353
47,3034 10231
435,361 4839
325,97 11100
3426,102 13179
122,101 1794
2315,308 4014
3434,10519 14414
333,374 8001
52,50 5287
1428,2906 6054
2467,1187 7851
435,449 4265
4327,272 6025
1204,280 6553
326,688 7927
278,334 1799
537,760 7862
607,4672 6145
1152,98 12314
98,547 12317
1191,796 6305
598,280 2792
710,2893 14313
437,5756 7140
289,107 1230
514,263 5212
2031,1028 15787
370,121 7852
3738,3210 9486
6671,409 9881
671,114 12542
261,304 5657
278,101 835
268,425 16336
2218,261 12149
75,5471 8882
385,1541 1823
8245,820 12956
316,3177 12386
2539,1203 4262
6662,2689 15910
573,79 4433
283,1486 13645
435,430 14727
935,3892 14406
4209,627 4512
1348,285 4996
1581,101 7464
32,277 317
7553,351 10700
3910,309 16260
294,263 3025
1433,34 11962
277,263 12921
97,336 629
3320,1129 11471
6668,320 13603
365,273 1980
66,2345 15527
437,5855 13108
402,118 1936
874,275 9199
10479,628 15828
301,501 16127
291,301 3671
1119,4903 6441
271,734 8069
2272,280 3582
117,668 4112
410,555 12782
279,5119 13575
70,69 13659
4434,320 15995
101,6819 10603
799,7646 15540
326,13845 14891
117,320 2828
110,116 354
316,288 14152
763,1817 2175
422,373 14558
2163,280 15164
323,96 3993
676,1230 3349
1491,406 2623
648,320 15321
458,301 11158
93,41 4681
2276,280 12680
4429,2021 11224
1748,628 4673
291,109 403
294,2602 9211
460,299 9989
809,3656 11450
2100,2555 5134
112,121 13839
195,151 5430
459,101 2368
671,269 5476
109,259 1390
67,542 7533
67,534 8876
279,760 1204
2509,7725 10330
496,47 1386
98,121 1476
46,124 9347
504,275 10475
5405,67 11499
409,2908 13298
4332,289 15565
2317,289 7517
462,389 5774
276,370 6202
2671,4020 6969
80,79 7114
99,3283 13218
336,273 2593
2239,3402 13864
1270,1016 7069
288,595 15285
51,50 1288
380,4473 5146
318,1201 11359
260,109 8910
959,604 2148
339,110 605
415,633 1991
305,285 3770
1222,442 5094
97,119 966
290,1429 1540
894,274 2033
32,312 1682
689,121 2794
435,2801 14581
8745,604 11455
9841,1780 11945
12902,1407 13750
5977,62 15800
1472,2100 12454
912,56 5819
915,1846 14611
66,693 12344
95,1472 5841
1114,637 14463
357,285 3780
271,2892 10209
447,261 1436
276,460 8457
839,97 13078
2683,472 3935
2190,3889 8847
283,3344 5668
3710,285 12677
410,374 16065
116,263 370
481,403 9261
4857,1718 9179
311,3160 13558
11440,353 13849
294,691 5084
573,4319 8776
108,384 1718
3878,1249 4010
694,547 7245
45,7467 14083
290,422 8332
481,13558 15097
870,425 5169
3093,67 6298
109,105 8239
72,361 10555
435,1706 5966
535,145 1413
77,280 7723
3747,2366 10738
330,114 2856
285,117 5628
2722,1319 10787
12833,5446 13791
278,374 14244
409,100 1871
537,309 2243
340,1846 6126
1751,364 8768
68,796 6700
279,308 1730
1174,8296 9765
9254,409 15740
2034,518 6378
301,289 6593
577,1045 3062
2980,299 11840
316,534 4396
15046,8997 15668
998,1245 5422
662,1266 14935
32,88 2320
257,5319 9864
1381,121 2577
572,588 8527
1710,6420 10021
8795,114 11612
325,109 11845
117,272 936
5450,4253 9789
4571,329 14405
1835,863 12570
2182,274 4586
271,2557 3169
462,267 9925
2269,3218 12966
5870,2676 6683
112,112 368
924,2831 11492
360,6790 13463
564,396 15177
306,275 4352
3077,1872 12530
617,2489 5632
878,116 6749
1292,4102 7698
589,2140 12079
911,1077 8142
2169,482 9120
46,8871 14904
589,357 3903
111,102 1880
365,454 5785
283,460 12812
686,542 2041
462,7074 14381
68,805 15620
257,2446 16307
112,115 888
32,299 1043
2687,562 7822
481,111 2952
80,67 9616
638,115 3144
3596,2112 6910
9458,4655 9847
66,84 10256
104,275 1584
361,102 2188
924,2720 9351
7397,351 8877
271,701 5075
98,1383 7650
672,119 10825
2804,1757 11930
2972,876 12779
1028,101 5635
40,100 4790
97,311 2913
398,8299 11498
108,1459 1854
462,322 9706
339,8814 11013
328,1658 2949
821,1192 7572
91,34 7597
479,1057 15110
120,120 6782
733,285 1255
260,814 12251
4628,280 13169
313,450 4550
1064,53 14302
2229,559 6765
792,1718 8794
3527,69 8792
340,568 5548
422,297 11521
356,6049 13101
398,263 13296
54,53 3145
1839,823 11039
9291,406 10686
740,2399 5541
2243,520 5567
2998,394 5181
97,97 11046
261,280 5190
4086,1070 16272
898,491 1285
1589,397 9672
259,993 14444
290,522 1967
676,1382 12893
77,309 6555
2675,264 13619
2972,4475 9105
326,117 3833
308,116 2803
514,524 4039
310,4239 8310
1431,847 3470
318,3118 6280
410,654 10481
1657,336 13274
4123,7824 13978
3612,909 7728
410,454 14673
4754,301 5969
283,339 3015
7320,320 12286
481,6948 8017
270,5400 13313
523,107 15774
278,1004 1590
121,285 6106
5668,393 10528
4111,104 15415
933,280 2231
326,3462 5154
286,2867 11133
340,473 7842
6600,6600 14042
109,345 15799
283,732 14274
264,103 621
266,2232 9359
6149,7211 9367
1036,1032 9972
296,734 13869
334,289 6897
296,450 760
461,1976 5928
268,527 767
95,115 3002
112,320 3136
3610,652 13853
116,264 1709
10415,2145 13297
1449,401 2471
1226,4359 13238
319,6606 8200
270,107 9655
77,2165 9524
117,368 1090
56,54 9103
652,412 9862
274,2153 4151
6220,394 15057
365,1486 6311
335,993 5663
2498,1990 8497
679,582 7053
2981,273 5107
1651,656 14899
1669,491 3273
306,534 5074
281,575 965
475,304 4044
314,121 7756
290,1529 6173
1434,1221 3799
1419,54 13150
283,660 14071
327,322 16067
303,639 6134
365,576 12103
3159,454 7926
573,263 5186
696,774 6466
2242,1852 6681
5593,5593 11709
271,409 12330
325,2133 12452
711,606 11424
2650,6454 9837
1934,6420 10580
257,2559 2990
1239,3419 6850
422,644 3389
291,112 2060
278,308 8615
653,814 11065
1640,105 5110
304,114 7894
1762,48 12489
2381,4962 16223
645,591 858
3924,2820 8810
271,7328 9159
108,351 15274
338,1075 8887
761,297 3305
6759,3442 12788
258,109 631
6781,273 16012
2017,1361 5822
558,3773 6554
407,991 11707
465,288 12437
98,297 910
52,57 4534
376,1852 3379
3001,336 3572
1547,1567 2560
810,1259 9629
359,296 404
3910,4120 13806
95,338 15331
291,716 7937
565,464 1264
326,527 2459
445,112 12186
117,114 311
869,2257 4330
810,823 12405
316,384 1456
104,341 7680
1402,289 15808
275,112 837
1525,321 8844
270,646 1001
12875,414 15431
2779,320 6643
1048,92 13714
1103,8899 11774
535,136 743
61,45 13926
2826,4317 5321
271,327 13346
356,706 836
550,1592 1728
544,105 8329
478,5346 14189
461,1631 1926
365,777 15430
39,532 2397
826,936 5438
276,263 6115
391,1029 7512
4050,5259 6329
382,699 3433
764,77 1626
926,2138 15479
4185,351 5615
310,689 7136
3556,321 4755
47,92 10954
380,689 5723
2827,331 7302
333,562 12377
989,50 15393
527,7347 9325
728,280 3385
356,422 8095
68,576 4885
365,280 2474
304,677 7992
694,510 1224
2852,3173 11596
306,559 15264
32,34 429
298,103 809
369,284 2277
1625,720 4568
290,277 5412
5361,285 11554
68,83 8292
111,766 14836
435,301 8318
4244,101 13843
3087,3848 4518
2165,1134 9826
481,3177 4654
638,823 3294
278,1081 6345
1151,101 7989
1708,107 3844
4057,329 10695
445,83 11769
108,116 3020
402,880 12695
283,1501 5086
4000,2020 13630
404,401 7615
316,276 1712
1308,779 5880
345,1390 9310
1464,1351 15657
2563,272 7952
3944,3789 9844
5022,11947 13246
437,2931 6704
2250,701 8842
4296,259 8187
281,1486 14114
762,547 3488
5104,5315 8365
6123,97 13756
510,263 15407
71,111 11511
940,115 12984
257,687 10030
32,42 395
1484,1484 2645
399,2229 14936
2024,285 5983
3938,1037 9180
1024,103 15535
328,1006 2875
55,2253 16158
568,103 2357
290,263 3998
3280,1670 6313
792,3115 10601
326,357 12777
304,264 6718
465,659 10222
117,525 6586
479,751 7702
503,384 1186
5142,473 15342
2991,472 8400
5555,276 13153
82,420 4206
104,956 8297
543,280 1988
310,528 2186
271,1665 2355
4847,41 5188
1143,831 8661
8722,637 9526
1439,53 14869
911,2614 6267
108,621 4592
1087,115 9454
549,1517 1792
290,101 653
73,450 3333
5774,121 13230
6215,1486 8906
2746,2510 6580
95,1096 12145
589,273 12811
3626,361 8678
8966,656 14238
319,70 7421
306,334 3314
279,1876 10957
328,714 2149
1240,324 15537
87,69 8321
69,65 15141
873,100 2190
1337,1157 13910
311,274 1109
281,5366 7056
2852,351 4484
2095,275 4144
2122,115 10758
39,312 4653
563,108 14874
926,524 9943
374,121 1383
267,432 10516
3227,321 4909
32,68 398
1340,394 2595
224,164 7782
417,13 556
276,373 1994
537,3078 7939
437,1943 6162
2692,321 8744
3522,285 9858
729,1675 11128
327,511 13644
257,11698 13922
1495,280 11066
365,3532 5361
533,1009 7546
326,396 11416
325,351 1016
257,4762 14681
3884,432 12035
290,980 6662
300,412 11708
99,100 4076
263,97 15937
5990,594 6433
116,1843 2677
1712,263 3970
420,860 15483
1300,280 11996
3939,860 6947
1996,431 11389
98,116 6639
32,311 4792
310,482 7314
7247,2745 12541
340,2427 12773
326,973 14278
107,105 8120
407,684 9432
4131,1280 10471
710,927 6368
117,263 7771
89,5943 10778
5386,280 16186
5410,4594 16042
99,280 1123
105,99 289
70,7318 12508
2135,876 14246
538,2159 5178
1140,121 2168
72,65 7028
346,956 6893
533,504 902
875,491 5054
112,4446 10252
899,940 2853
836,115 6385
259,3662 10224
3336,734 14905
34,502 1842
606,280 7547
294,2643 11268
4626,3861 4859
1119,6501 8581
1165,4060 6002
1266,288 11617
9777,547 14923
1395,2845 3782
2218,272 6769
276,514 3810
5766,1658 12321
462,1819 6055
616,109 6852
70,9767 15859
1137,285 8746
339,351 7211
67,68 7437
80,1471 14583
47,2655 2901
275,1214 13484
357,264 1301
562,115 12076
10024,263 15198
1907,338 8014
2847,605 7792
537,2277 15235
372,722 4440
361,364 12505
437,69 7835
572,1227 10074
312,108 750
728,120 3346
118,1876 13973
361,1045 12151
15665,15361 15862
47,47 387
1667,285 3684
77,79 7156
10222,324 13935
7386,320 13591
2247,263 11185
68,595 8543
926,758 2798
1218,13264 16359
385,1147 1671
569,5499 10237
568,546 3411
641,1566 2086
537,630 14867
829,2077 4334
55,50 8725
550,3018 9998
286,110 12238
349,670 2467
1783,339 6122
279,660 1308
878,9077 13709
6743,13 7598
1486,104 9711
1794,2528 2914
289,415 3670
739,104 4612
303,327 3079
493,561 5907
398,9384 11438
84,77 4601
292,119 6776
257,263 1911
98,288 7521
9601,4962 10903
550,639 8129
69,443 12415
411,88 5332
319,116 651
8989,793 11963
9267,604 10670
1932,280 3646
1389,442 4616
283,309 12339
380,1294 12164
49,56 912
465,69 15734
515,264 16309
1377,115 13887
326,372 16348
360,269 10356
346,97 4636
348,156 7656
40,541 3868
356,347 5316
67,394 12666
2016,1147 9428
554,280 11943
537,273 14974
2755,823 11263
308,2562 15662
10539,6549 15581
1035,309 3479
2082,263 2669
385,100 3738
7157,115 15091
2942,111 9441
87,2417 15343
5110,863 9733
667,115 4460
1467,9877 12106
4645,2125 12159
3032,491 12371
707,502 12380
842,8306 12784
328,100 1277
334,285 9258
279,314 7199
69,77 8241
118,2140 10736
3128,524 7134
372,275 3415
349,1123 3862
365,1919 10921
67,1847 7485
1011,977 11083
92,5776 14799
1714,414 4691
1183,114 10076
407,275 2450
1309,115 4064
5098,115 10323
794,876 15051
569,414 6791
93,367 3297
1419,50 14717
91,1284 8359
531,273 15423
297,1057 7606
759,731 8099
1096,69 11151
1188,51 15012
356,562 7821
2661,320 9002
3186,69 11340
2421,280 6487
2087,351 11583
682,269 13275
381,259 1659
873,3229 14011
9454,441 12248
440,284 14380
286,370 913
268,2188 2582
259,947 6171
310,6236 11931
1464,260 14754
1774,501 11045
117,396 14281
1213,374 2066
85,1378 9427
410,65 12939
1458,263 15693
330,499 7216
606,321 3540
46,1420 5882
544,2104 8080
6405,304 7654
948,321 3675
9575,1271 14992
638,304 13568
9595,501 13682
716,300 4891
291,714 2846
809,1567 7595
568,297 15368
257,560 8837
259,272 1028
6010,590 15381
271,8608 11399
32,82 410
1646,1742 7688
4928,320 9941
423,48 769
538,99 11346
337,1139 1470
520,115 5364
8078,321 11484
46,1268 6777
4145,285 15138
2955,280 11826
298,5350 10591
573,272 5618
100,264 13905
73,332 15420
6754,353 13070
9140,8131 15708
5201,121 10092
322,100 2632
56,52 9537
32,408 1270
278,1230 5956
4497,5301 13175
1347,280 5876
97,109 346
257,311 9287
306,2480 8866
116,543 14946
342,4666 14550
34,93 7029
2017,312 5957
47,304 16059
465,2212 5080
80,104 6588
1410,3338 13697
316,334 2953
331,110 627
1729,3434 6374
333,2917 15174
102,545 626
1212,427 2905
1143,3365 11979
3490,280 13952
537,6572 15463
1683,280 6728
278,4758 5414
2666,67 15936
1415,117 3515
2305,112 9484
543,347 6881
435,390 3498
845,2457 4133
3983,5621 7388
1156,347 4737
45,82 8259
3500,624 8870
3190,491 9224
61,92 3697
481,2556 13447
424,115 2090
114,833 13502
5908,524 12047
360,5285 6938
851,3274 5623
294,3385 13652
582,115 2917
1313,473 11362
271,2499 7213
53,56 5887
321,274 861
1174,721 7240
278,1424 8007
1776,1361 13751
327,100 5346
2484,321 14786
2806,3424 15151
9055,10579 11730
104,677 3630
119,1630 4650
326,682 7144
483,97 14318
32,124 864
350,259 8296
410,1622 5144
67,2791 7841
301,6100 9081
283,699 14764
51,2074 10791
328,102 2764
99,492 3925
5306,1362 8647
783,345 6039
782,427 14036
1095,115 3899
626,491 14640
46,322 6854
1112,7323 7968
6338,285 15949
580,2856 12206
1676,285 3524
626,285 14052
301,280 16330
363,277 2246
45,3325 13081
1074,5872 15732
1951,605 4544
2722,10551 11515
279,8980 10432
294,441 2151
4665,67 15637
3113,860 7320
4669,285 9227
2497,1854 3625
103,353 10852
3815,115 13272
402,5420 7829
337,101 13771
4541,353 6439
971,401 6774
1333,780 1697
3120,370 6875
10620,5729 11279
4826,327 14548
3043,883 7046
435,121 6179
44,587 7239
459,2757 8967
3265,7167 10061
429,34 11237
6584,1021 15085
536,361 9790
1452,439 14678
114,501 8943
5813,353 10333
874,2101 7882
9164,734 11636
2744,3451 3482
3188,1530 13531
3998,366 15142
1594,6797 12769
4927,115 13106
279,2399 11209
124,124 2139
297,120 3033
120,280 877
3280,1871 14794
40,6171 10681
300,263 5852
417,95 16189
99,116 295
1320,8408 8640
724,392 3747
537,5274 10662
3703,1921 10045
873,324 5830
827,985 1023
418,1229 6087
407,486 10995
832,3193 3716
2170,289 4091
294,267 3087
2517,2517 5213
418,794 9060
459,390 5353
360,528 15789
260,739 15254
1383,7970 14320
812,3589 6141
550,397 1182
276,1271 6762
3655,285 14040
1234,2463 4389
1010,1010 1695
4725,320 11038
6234,115 16329
273,336 3254
109,109 3876
76,2108 13818
99,756 4244
459,300 15399
48,55 5203
5384,280 12633
8148,280 14345
108,105 702
826,97 13399
109,425 4989
6407,8465 12259
9534,1371 13134
5314,6887 11745
122,272 13420
514,122 10159
32,5430 10385
3467,768 10562
360,300 13234
119,97 14009
2529,108 16277
283,288 3535
5881,321 10060
1712,3927 13068
10298,765 15121
5355,272 15544
2075,273 11715
2954,280 5068
673,637 5784
298,98 7228
325,408 3489
283,101 337
1379,2935 16210
1509,338 4054
422,636 7802
8406,6805 12276
264,320 6406
115,116 304
682,275 4359
73,1096 13368
6663,2499 14443
1509,276 8695
456,321 4141
434,4751 7147
326,269 8894
103,264 14739
921,1070 4597
306,389 14939
98,350 13038
76,1045 7503
5626,1865 6621
2557,590 7385
4105,275 5236
3340,259 11491
1452,3118 15103
291,601 15520
46,116 4168
308,1709 11368
10650,361 14662
822,393 2252
374,393 5013
305,259 7076
95,7313 8889
40,587 938
298,5038 5665
1337,1028 9492
2183,524 10005
417,4069 7804
390,412 10546
6428,275 11052
121,121 12804
40,118 15476
316,1884 2155
1154,1622 2421
2503,1202 5397
303,1800 2775
1156,3070 10015
67,111 7473
276,105 9089
8825,1803 9316
84,6449 15997
122,9365 9890
365,546 4908
589,10306 12799
4083,4838 6525
398,338 14829
729,301 5064
1662,304 14385
1452,301 2019
617,5461 9507
360,3768 9822
95,108 14060
410,408 6839
616,259 12128
2742,393 5485
1441,275 7643
33,34 8625
411,9478 12055
114,105 728
893,524 2441
3477,280 13023
343,101 643
4251,110 7831
492,280 2720
7135,1221 11767
279,7678 8898
102,350 1056
259,384 846
523,11464 12304
2384,1099 15048
271,6388 15935
809,350 2997
676,345 8795
686,261 9434
276,656 3921
865,743 7033
386,4264 5429
3298,267 5840
328,107 13545
97,515 2035
68,101 5599
878,3384 4439
294,8658 10510
275,401 1725
1783,3980 8786
729,100 11874
7899,12011 12476
1526,528 3001
1891,72 3665
6859,2516 8632
1152,267 15727
45,45 315
509,112 4222
3820,779 9231
360,330 11005
638,13561 15952
263,2097 5055
45,261 6159
268,263 1610
302,300 1702
537,7610 9121
1324,5413 7933
3397,299 12069
6834,115 12024
312,261 3455
5872,830 14470
278,350 5463
4371,321 5496
45,76 2551
45,3299 15346
107,272 2055
45,62 11476
454,101 13060
257,2442 4753
437,1806 7108
398,1844 13595
6916,285 11130
281,300 484
1526,1678 6538
1196,1332 1432
2766,83 9671
1728,758 5763
95,44 7222
1302,101 14222
354,263 4203
348,129 11995
119,104 2802
377,346 2169
333,320 13695
316,4905 15214
40,45 7582
92,4103 15960
3015,8411 9131
399,403 3452
278,261 572
79,311 12278
230,136 14285
1296,285 3507
2501,1872 5624
3327,1181 9469
260,97 11510
5441,517 15613
337,4592 6535
82,309 9291
4900,440 10651
6665,5302 11927
91,58 5523
40,548 610
300,347 12752
6758,272 13618
10731,263 15855
2827,115 13321
109,300 7777
294,327 4476
1805,1829 2027
538,973 2105
303,1249 10617
5611,680 13881
1025,4553 10919
99,350 1167
3289,621 7827
5707,860 15884
304,289 14051
46,2428 7141
12695,100 16317
577,1909 15306
508,1377 4098
257,1747 3429
826,441 8737
4228,2792 10724
1467,1981 3088
262,92 5560
3943,772 7612
360,108 1751
115,1698 15576
8095,11286 13123
119,559 3325
437,264 6927
413,497 4716
43,98 15778
271,1593 4355
322,361 13939
10473,280 14810
408,115 6339
694,966 14985
298,3772 11296
842,408 1369
650,431 5951
110,285 941
1140,794 10274
333,6515 10544
1035,371 13109
281,12927 14780
2012,501 10907
12737,1179 16211
303,3654 7849
632,346 2607
5578,285 13533
278,3768 4599
2000,2051 8567
303,260 344
1187,264 10378
41,43 10389
1298,949 3749
8066,3478 12539
73,1088 3342
549,104 4228
123,70 13480
4247,351 7021
276,393 701
894,524 4977
702,491 5189
45,69 9000
8582,6951 13717
695,259 4113
407,300 15452
111,272 4255
32,263 4215
946,900 3448
6591,525 9476
6810,1254 12028
68,82 7396
7505,863 8824
47,110 8535
4122,8283 9608
267,280 473
325,112 10409
117,546 2726
50,52 1762
5457,71 6053
356,1876 10291
44,120 15681
507,2081 12572
267,1109 1806
101,101 1009
279,483 15927
380,721 9523
279,654 3877
3162,9344 12500
2178,627 15888
276,275 2463
328,1232 6719
1572,274 13598
1463,272 2220
5447,5810 15410
68,683 2776
344,121 1498
1857,10163 13193
294,415 14679
32,229 12644
365,309 5777
290,4348 8042
283,259 11641
108,630 12793
5340,473 8404
3601,8644 12063
8522,1050 9575
1369,3927 10828
115,1332 10551
1064,50 14556
452,285 10014
2084,600 2340
270,11603 13325
416,48 5718
258,1757 16116
45,116 2259
4156,1865 8523
1934,5724 7724
258,401 7859
1073,1190 5987
4393,595 8685
32,38 1026
283,3078 14828
4078,4825 9739
6168,427 8139
415,321 14880
39,44 824
3025,1681 5335
257,440 15340
304,704 2015
872,347 10876
1520,491 10894
2269,412 12513
724,390 5063
117,628 4020
1369,628 4558
278,274 7336
65,450 5329
99,890 3531
360,314 4063
4370,2024 10327
52,48 2038
3508,1105 12417
642,13 4176
657,2312 8811
1043,7291 8990
563,1080 1569
1523,280 9883
1277,669 3959
326,997 6259
392,2565 12111
318,800 14348
4975,473 16180
5600,5600 11317
1863,394 13772
1487,277 3024
8857,289 12631
361,352 15023
302,1416 4849
410,420 12646
2534,401 3214
99,260 5032
687,272 7013
1035,2390 3436
47,4286 5113
4042,2747 13508
5133,2790 14838
755,107 8003
1035,3702 12980
511,5420 15934
257,469 16353
398,595 13037
365,1727 15953
115,1130 8058
5355,285 12497
934,412 13416
512,2120 2819
51,53 2869
2671,1961 3477
399,101 6750
273,324 491
843,272 14390
311,524 14486
77,82 14651
365,2040 14129
391,883 8724
1380,329 14566
8560,264 14668
756,867 1818
1069,430 5899
264,949 4674
282,100 293
483,115 4318
340,288 5869
661,421 4539
259,115 1187
32,264 343
1467,112 5191
638,4512 7594
781,2851 9588
4645,3268 14630
2475,285 14690
2158,115 4748
710,66 10184
577,101 5710
7863,655 15744
1207,1390 4881
649,939 8085
843,4690 8237
357,99 1665
5277,115 11171
5370,2359 11213
1097,876 11360
6252,320 11578
10921,12539 13250
2997,351 13286
2269,4421 7065
361,272 5315
80,1524 6330
3970,546 13388
3132,263 13801
340,635 2124
1504,84 6919
407,274 9475
288,2705 15098
115,107 15487
1215,1407 6394
95,65 13367
515,289 15169
715,41 15699
67,486 4084
306,267 13643
305,800 4142
576,83 4032
3397,684 15571
258,4727 9640
306,390 1604
290,414 2185
1589,427 3355
410,389 10623
801,272 2244
874,1652 3239
838,723 978
391,2419 11683
1339,689 5411
2897,3415 5881
303,261 7944
5984,6800 8234
399,2307 11691
274,394 1321
1162,6942 11139
91,3965 16108
268,621 6834
278,330 2207
3910,2390 14508
297,635 3322
97,295 539
292,8193 14232
271,104 481
1646,427 6008
290,275 4006
303,3323 11516
11524,11991 14480
1112,3094 15555
281,424 586
568,355 2049
328,109 3289
5292,5292 8920
271,6136 16306
281,2345 6091
310,101 580
85,690 3652
104,267 5919
304,2602 7819
893,1330 10494
564,297 15472
263,103 901
8742,320 14094
271,2345 7358
87,83 11481
4006,716 12384
1909,121 6356
1769,409 2854
954,347 3725
1472,1345 7257
398,117 9718
725,1335 1431
2691,272 15741
2826,659 4554
7018,299 8251
93,44 2968
314,277 12296
2496,519 14937
40,102 5258
533,533 6745
7857,347 9116
281,1294 4188
116,116 1232
3436,3248 6735
380,6296 13224
102,1529 11613
1191,112 4733
276,285 2799
318,2711 8006
1746,861 15780
4879,277 14826
443,351 12621
326,3172 6082
348,153 494
329,101 3542
268,296 12075
671,425 2216
258,408 15352
1049,115 2070
71,65 13815
418,3434 15058
1737,284 14337
333,1872 15066
277,115 826
8112,10460 16148
536,490 1409
3276,137 13330
283,261 1495
50,513 11397
9926,11056 12791
112,640 11627
399,804 13077
100,683 2428
1074,327 4464
6651,7359 10360
329,460 12868
80,84 6155
2234,285 4595
1112,108 3871
5024,1163 8341
621,441 9797
845,1254 12910
3471,3471 6605
86,706 15580
1181,102 1852
569,624 13559
80,101 11799
32,384 2753
257,4865 6120
326,7530 9781
2000,5622 8793
290,1028 15756
486,115 3955
4630,115 11544
271,551 3734
481,486 3117
4516,515 6473
649,108 6726
3076,115 6271
2680,684 8735
437,420 1287
294,102 10614
716,412 11248
724,814 2549
280,1143 13338
333,3050 6670
326,373 14565
109,121 3767
809,284 2420
513,51 11000
2306,1180 10175
6899,3858 10792
346,109 5722
410,101 1025
314,322 2480
73,77 2757
333,1938 5347
5419,5419 9212
8255,917 10482
742,5499 8832
280,1902 2432
318,991 14757
322,285 5686
103,259 1855
92,5484 13232
109,322 12535
281,559 2674
564,2831 4466
6036,1856 12703
6503,115 11299
573,2828 3394
684,3210 13483
360,65 11610
915,11231 13398
279,350 3890
9257,353 13561
479,750 1049
3113,1136 8907
340,499 7220
434,406 452
307,32 2392
275,2418 8747
913,112 5976
361,320 12953
294,301 2585
32,297 479
784,95 6079
4807,285 16169
281,309 6641
310,309 2896
397,701 10821
93,59 3393
80,77 14240
102,773 15045
275,464 9220
346,259 3150
78,78 4322
730,276 15566
5213,5213 13088
675,115 3756
437,940 8379
398,5085 15702
5023,1362 15913
112,104 716
316,421 1764
5155,285 10493
1662,116 3944
292,1268 2505
1320,336 6109
351,714 4842
2319,7498 12319
9162,10124 11222
298,450 14072
5504,263 15925
768,104 15450
2578,441 12549
370,1399 14021
7915,7915 16139
1212,115 3057
5669,5669 10489
322,280 4656
349,112 5265
2417,1981 6622
288,109 1294
801,393 3678
109,534 2848
2050,300 7368
3448,280 6175
46,665 11530
1011,412 13105
66,5889 13160
4799,98 15720
1949,280 6349
108,339 5901
317,110 4542
6953,289 13732
310,321 4019
269,100 396
288,819 4239
6884,409 8822
109,350 12040
349,4592 14987
558,779 15532
829,705 15624
6486,1163 15942
410,831 15040
3598,486 10281
1191,10161 13351
5217,299 6080
340,1838 10376
314,530 785
577,689 15531
5039,1135 6589
346,2575 4524
681,370 9311
2877,4993 11721
1119,6567 7507
7667,596 13696
360,430 1003
7178,320 13460
267,414 4102
665,498 1364
1151,274 5690
410,345 7375
47,78 15504
66,274 4009
45,3115 6038
5802,722 7454
4100,636 9068
340,7657 15006
318,114 10180
607,1111 1694
2237,637 11741
333,551 3914
8507,361 13982
6321,5695 14275
32,43 886
417,34 13372
751,101 997
1282,285 3757
2536,639 10654
835,263 12449
111,275 6693
2401,285 13543
2243,1530 5225
257,3773 15081
414,846 905
365,6779 8659
360,4680 5566
114,432 2447
288,105 777
1603,276 5837
445,330 4593
377,539 3831
1833,12557 13674
880,109 3384
461,990 2852
1834,501 7181
283,500 8238
413,118 1608
32,570 12698
415,3153 9233
98,347 1516
562,289 3149
76,76 9278
102,276 7940
32,64 597
1363,585 1920
8328,263 10807
492,97 12131
372,2112 15292
933,347 6924
2609,280 7060
3040,115 12871
365,1245 14767
1103,731 9978
899,280 3522
1419,51 15731
1790,84 4299
660,285 8468
71,1374 8954
109,910 12306
2331,927 7532
1512,1512 3362
1658,115 14446
8593,9143 10823
267,259 5418
686,1872 4422
121,719 4657
302,363 948
732,263 6711
353,274 11853
2858,1597 13271
2466,105 5235
1279,1143 1874
431,940 1927
297,828 2597
1813,498 8591
509,103 6104
926,624 10178
723,1219 1972
11516,1129 15619
453,62 4608
1739,121 11777
278,534 2042
2409,97 12414
377,613 834
68,68 15168
306,325 2242
4746,1991 9195
2955,1801 13211
7165,259 13865
2412,2726 2943
286,5509 14272
3639,264 13085
648,1093 2941
261,121 9462
2347,346 4596
6707,1009 12350
59,13 367
874,1266 8068
6944,7074 10687
2942,492 8717
1126,301 2484
268,1169 3737
117,276 10853
3090,272 8354
5235,547 8302
112,614 8390
2992,949 5466
303,3406 16100
68,390 7390
3967,88 4912
3898,280 7749
2255,351 11101
2255,3173 6579
32,85 523
409,114 11599
45,11234 14941
1119,12834 15607
103,2277 11140
99,272 993
279,677 1357
298,588 2809
107,97 8330
83,1542 9590
268,522 9348
5296,276 10414
326,72 11318
413,2085 5875
445,102 4190
935,304 10245
925,1731 11582
399,79 11635
2261,559 16110
1556,284 2296
1834,520 13944
286,115 1174
411,76 10538
493,284 11749
72,122 12922
4580,1202 11469
4250,285 14143
1190,639 16187
616,3338 7716
810,669 2865
106,275 1693
267,311 5011
6447,321 12732
314,500 1022
259,412 8629
98,10021 13557
65,114 6036
600,320 1180
340,321 5895
123,274 8208
1751,412 8474
391,11839 12459
1086,3742 7715
399,684 11655
1174,3909 13333
6555,5451 7627
5406,13170 13217
309,393 6951
290,97 509
274,102 2256
86,571 3548
1341,45 13622
1662,1319 3354
4063,421 15030
258,103 759
481,454 5434
1758,491 9592
102,804 9517
399,2193 13464
435,11145 12826
937,2334 5776
310,276 7112
117,261 409
268,259 6956
508,850 7920
97,259 454
554,272 6138
102,419 723
411,118 7710
98,339 10631
1940,553 3171
264,274 5913
1108,105 10887
2262,284 5061
3178,345 7279
455,97 13058
281,2088 3583
3666,2851 13894
278,12868 15505
97,355 1877
980,111 8608
32,45 453
1060,2136 2470
290,311 10765
32,107 616
119,6070 13220
268,269 14507
1391,289 12190
373,110 4198
117,1485 8980
278,472 2984
257,288 16249
1079,2848 15955
271,2060 7755
582,273 3458
4740,5378 10698
7503,280 16166
66,3591 16099
1256,887 2045
267,101 351
874,108 4156
98,259 8410
371,1057 10228
4287,932 14194
97,644 5136
829,4498 8152
340,2511 3352
1724,320 6996
956,636 9531
12926,11885 12930
1912,524 13280
333,1105 9876
269,384 12137
1025,345 3926
11322,524 15523
326,1280 7372
97,102 751
276,97 8536
974,2021 14483
6150,1021 13204
398,682 4879
395,42 5122
32,1034 1774
7651,604 10223
67,439 3285
314,110 9694
1055,339 10532
1879,110 11791
40,665 9189
882,289 1148
557,116 8022
429,3328 3803
116,1033 2568
274,329 1755
1804,1041 16194
4106,115 9953
385,1000 1417
2377,1985 2380
99,887 13592
336,1214 2763
1360,1203 2572
565,949 2704
4242,285 6653
2578,4020 7720
900,280 7838
409,115 1102
1220,115 7364
543,115 4762
1518,673 14518
93,125 10838
391,8807 15118
8304,121 12351
32,280 1279
290,390 6661
6059,285 12071
316,1125 1482
281,1978 5138
2912,115 12311
6334,748 12537
618,482 14616
6684,276 15290
4878,285 13043
3167,594 16226
346,1727 5991
65,118 6820
1313,115 5799
906,60 2521
1073,366 11458
5811,108 12552
1425,889 1650
4074,1871 11480
7015,2516 10714
10294,101 14862
623,2996 3151
114,99 6242
413,2035 4999
2637,1012 8683
289,1057 13443
290,8751 10772
5592,5013 14098
40,40 4041
6197,1811 11623
797,721 12705
638,12612 16321
290,668 7889
40,304 11141
550,341 1458
3615,1825 8486
550,264 10046
264,329 2795
109,273 1879
2199,1206 16142
51,56 4157
1183,285 5778
283,121 405
1559,83 14488
550,561 2059
318,1593 9375
459,5418 7019
8133,14049 15251
1428,390 8403
410,870 8005
40,322 10928
716,2427 12616
5351,274 11740
2161,6540 11710
80,72 12925
311,108 13491
1651,275 13391
5322,594 13256
1495,562 5772
309,121 1135
312,4427 14541
1832,2922 9201
1231,263 5688
710,8656 12688
1084,274 5653
403,101 5971
279,705 2725
3552,4885 6505
537,5137 5711
275,97 8312
278,269 5549
725,1258 6287
410,351 12948
662,2566 3432
330,321 8262
208,189 15477
1614,1105 4219
616,103 11500
326,421 10241
261,608 7218
3467,263 13842
82,522 12152
1215,284 4666
348,157 715
4104,6133 7412
264,280 10310
7006,263 12737
456,274 12038
1024,4623 7722
319,690 929
318,274 1715
45,83 5072
671,273 6256
280,3548 10755
2093,1408 6116
1928,427 7456
333,528 13485
440,115 2518
1813,345 3132
309,260 11948
577,635 6393
694,311 10365
257,543 10689
112,269 3634
2247,1479 6857
281,804 8267
8321,2212 12141
86,1876 9684
799,2909 3099
1160,110 12345
433,280 7044
486,300 12892
3832,3018 15776
455,260 13456
2670,427 15297
4990,415 6734
465,5082 8592
316,1028 3046
380,2361 4698
739,112 2845
1915,274 6630
104,656 5448
325,652 15217
7745,272 13829
1369,656 7988
45,396 11204
810,5672 8509
306,372 3222
2018,11139 11972
2897,1136 16177
59,59 7441
10608,472 15629
1862,3401 6009
9672,499 16171
2030,1203 8635
2165,3816 6975
115,269 10065
710,115 1241
6011,1919 12952
75,75 10049
2199,341 6601
122,97 6381
2207,115 5480
328,3317 11361
3564,11142 12353
2637,491 5988
360,12243 12482
80,1153 15819
357,121 10624
268,389 658
119,1081 8127
1060,9173 9882
445,320 11678
95,1304 10732
1769,1871 6537
365,5629 15615
4821,1414 5294
283,330 681
276,1102 10579
360,7128 9846
105,300 5177
1403,322 13277
716,594 11280
1025,10228 12985
1476,1040 2451
275,110 1501
421,97 9259
382,314 2588
2639,825 12907
327,460 11259
277,321 6518
286,9290 15551
6566,1259 11881
1901,2717 7261
303,12042 13195
103,285 5230
604,272 10271
479,2626 4458
1084,940 6234
523,329 3487
228,187 9020
412,289 12170
2972,501 8336
102,314 4632
5049,3897 15569
365,2131 9681
673,280 5878
391,463 15574
291,103 11743
276,284 520
592,297 2222
2261,522 5897
391,3773 11044
10854,263 15983
391,1883 14018
79,3317 8465
112,430 2097
3881,264 4446
4579,274 14594
382,1280 14834
544,3534 4778
1660,660 4336
1185,336 16093
61,61 737
1729,3229 4764
72,331 6618
291,297 6364
281,1038 7844
12152,4239 14675
67,264 1662
7486,7486 14796
7737,320 10441
445,70 2662
289,559 9619
318,519 9254
565,644 2636
271,961 1594
476,272 2210
523,84 16017
294,390 934
107,121 4555
9262,394 15143
1443,840 2321
3333,1036 4285
98,102 4480
1195,93 10352
1809,1053 2790
37,41 9010
115,118 9922
996,280 3741
3113,1050 15885
279,3030 4776
797,605 1313
311,329 8773
264,116 2983
724,309 4964
114,267 9086
4894,5523 9249
43,120 13111
674,8345 9301
1188,52 13552
346,731 15895
1917,263 7264
669,274 11048
110,347 2493
1783,3492 13594
452,100 13904
1158,116 1351
2710,1817 8912
264,285 13812
333,269 2218
86,77 14961
398,441 9485
398,1790 9251
1428,1110 8983
314,1361 14203
306,341 14590
481,288 1937
46,642 12715
543,110 2390
95,82 12632
105,492 5264
6795,285 10592
303,627 12242
292,1143 12901
3111,7991 14942
1286,285 4114
526,527 2887
5142,351 11205
459,932 6901
1214,1227 12477
515,637 7238
32,194 3021
352,102 3815
1025,608 4012
9241,1539 11353
347,264 1100
461,97 4640
2730,1233 10464
2839,1157 10849
109,116 3573
623,269 1358
98,114 2221
6803,280 16360
278,111 713
410,388 4955
4828,7693 13415
2444,115 7981
374,285 6136
77,957 11137
873,308 6627
325,731 13233
539,263 1735
1456,263 11267
5196,1876 14273
310,264 1465
333,655 5602
9440,115 15396
618,108 13269
481,2394 5748
4743,412 8242
445,311 4119
3659,1803 9555
58,2139 10531
447,370 15743
2179,115 5736
402,99 874
276,820 6831
349,118 747
713,341 1300
318,1501 11842
1789,285 3404
1275,110 1997
359,4166 6935
1149,768 14631
106,504 782
285,263 6911
87,65 14844
11042,347 13314
296,2009 5578
470,3692 5671
5048,5446 8802
98,3591 4537
5199,351 11454
112,1480 1817
424,546 15481
327,99 1218
80,6790 14418
2046,115 4867
1419,53 10773
713,297 15365
435,346 8167
459,530 6019
80,1830 9054
5112,511 12775
1226,267 6808
3755,280 8226
2907,847 10842
1036,112 6464
6806,76 14388
1019,300 9547
2227,628 8575
1165,2676 7577
114,392 5584
662,3947 7295
338,336 4027
8628,7941 9234
2637,322 10819
682,103 16072
318,547 4571
47,7062 10229
697,114 3256
268,112 618
1380,261 7399
274,272 1280
276,1070 11657
70,68 13192
5343,947 16140
45,341 10761
989,55 14694
98,261 6058
411,882 10321
1174,1567 15610
117,285 11588
6438,887 8981
5393,412 15851
313,341 467
810,601 3856
2114,887 10890
268,2145 6547
340,704 1166
732,734 4692
40,1420 14031
2692,473 14190
424,284 1173
662,7606 14819
875,412 1454
95,68 6581
1639,325 8838
333,357 5811
2522,285 11488
341,1117 14574
392,350 7505
73,354 2384
4192,263 14090
1389,273 1863
95,261 9802
1527,9137 10285
2014,5810 7559
1240,118 6933
40,114 10583
424,472 13657
114,114 4105
286,4858 5974
271,275 1395
2554,280 4395
1689,1354 10846
1124,99 6542
61,39 9975
32,119 281
360,611 8450
2659,2914 3034
1913,115 11041
786,1476 7931
2544,274 11056
356,314 2014
3856,115 13301
641,3876 9140
1549,1927 2179
45,98 1578
281,1423 6209
345,1147 9798
11796,1083 12231
109,582 9743
407,853 8505
319,511 12148
283,108 1543
745,3538 5824
47,80 13760
753,35 2621
117,533 4192
377,1889 5277
34,532 1962
687,887 11195
747,1136 10929
294,351 2641
5489,1157 7608
342,115 711
40,116 3010
79,515 11868
2199,6111 14046
1549,8653 12247
82,89 8703
281,4957 5348
852,111 7913
274,105 13940
2836,121 15723
1917,280 7813
294,794 11311
2001,263 3933
364,97 14002
328,533 9751
13880,13 15553
278,814 12355
459,80 10407
1062,351 2080
360,369 6799
1065,261 11766
3817,1734 8498
298,3183 13033
411,3753 11869
3158,116 6864
52,49 5816
6172,2893 12078
3190,977 8515
8020,5664 14263
3709,280 5914
5892,1057 15185
711,299 3875
641,7665 9898
105,280 2125
368,285 1094
320,5472 16365
310,827 2143
297,113 9444
2764,722 2981
82,688 3606
46,715 1699
703,4496 12318
563,2720 13992
549,10333 14914
1182,705 13803
101,336 5550
972,555 12559
83,9906 14589
322,101 559
730,299 7980
108,1636 2889
1557,115 5317
116,1249 5484
319,115 1832
1758,353 2214
306,693 15879
281,853 1676
114,491 9047
2014,6546 7369
662,947 2884
2421,285 15578
1309,280 11834
1091,280 7096
1645,121 14999
930,41 10203
346,772 1032
728,273 7976
492,99 7696
4002,1322 11924
470,102 6573
306,2794 11604
45,99 1875
10830,12260 13304
763,334 4598
996,10318 13172
361,259 2437
316,609 2532
283,8239 15510
340,677 14489
1240,511 5896
659,353 2333
890,1408 13710
577,4750 6574
68,66 13965
2200,107 2894
924,2215 10980
5184,351 6315
1058,98 12817
368,263 2876
913,3816 14020
45,101 4453
117,116 330
411,3792 6965
7877,716 9321
45,9531 12848
82,82 13951
5759,273 15810
730,101 3537
10940,1053 16161
2332,309 5303
519,121 9886
327,482 14334
2011,51 14157
459,71 16279
306,339 1947
283,1286 7846
447,464 3446
114,104 7909
845,7680 8067
5147,280 14221
445,114 2016
356,263 3095
592,828 9355
1564,1180 13764
2275,1136 14927
4048,793 9012
32,108 316
82,79 1042
3445,285 10809
280,366 11021
306,545 7048
7054,595 8337
93,532 9759
1174,522 11662
7723,1442 12121
1400,499 2653
407,660 5849
1162,2153 15920
114,510 1800
1043,9047 15447
1689,690 11078
729,714 6069
3923,366 6602
1131,320 12192
116,1974 2899
2384,1117 13668
2886,347 9268
422,748 4680
306,5666 14224
810,308 12263
658,1539 16323
281,3396 6147
1813,490 8564
40,4601 9371
3511,280 7630
1813,457 15627
102,384 12902
268,1199 8582
1213,103 8199
108,846 6540
391,311 9299
2498,546 3022
306,3120 10669
526,3589 16152
420,609 12249
2695,3228 3447
11559,415 16350
268,121 641
340,2002 15426
52,51 6180
7418,11428 11746
3163,121 14253
390,1021 4035
912,53 6697
98,1501 10945
1662,669 12458
872,353 1572
388,594 10072
509,636 2189
549,10884 12674
1685,3220 7613
959,524 10613
106,3271 13158
1944,109 14924
493,280 6912
350,351 4678
346,482 11010
6521,6346 8384
97,322 1153
998,2101 14795
346,361 14957
459,2892 16357
427,734 8247
1370,115 2768
47,456 14671
42,42 591
879,280 2063
258,1138 8490
1235,115 11276
411,2354 8100
123,123 8557
837,275 895
98,98 3229
529,3663 16325
8785,371 16066
437,4329 7607
11744,4984 15082
294,469 4003
122,122 5522
12392,666 14510
258,533 2680
466,51 3602
399,660 4193
286,9609 12955
261,351 11720
92,1772 5027
289,498 7535
39,93 8314
342,3786 11326
871,263 3928
337,1486 12205
336,275 14750
410,688 1489
658,782 2235
967,289 1717
340,932 7250
799,120 1460
792,823 5809
257,800 1635
327,1259 12897
2845,2795 11226
430,353 2700
1783,456 5892
7430,285 16075
73,115 5660
111,103 530
465,80 14873
975,112 1091
65,84 1356
477,122 6663
697,2468 15129
407,6105 16366
47,118 12491
584,288 15195
49,1265 9128
3575,1584 7361
53,49 7168
279,267 3564
4550,347 14471
9702,2719 10144
461,2040 15209
111,269 11910
78,1725 12171
415,373 8382
445,8241 15564
906,47 16264
11388,883 13547
1356,2083 4483
311,1134 16117
369,280 6576
2746,115 13722
1472,1880 14249
948,1881 2072
3093,11219 11343
77,121 11625
715,46 5164
98,5169 13393
6613,108 10859
99,321 3207
991,284 7678
32,117 313
308,320 15404
94,42 14746
7859,10797 12421
465,114 4824
275,432 6246
545,274 2322
274,108 486
388,2366 14408
285,297 14647
360,331 16143
790,320 15207
7202,308 8584
233,135 15398
279,4749 7628
259,116 341
334,274 1843
1505,9100 11301
480,3978 8712
4893,454 8905
116,274 917
437,5352 5832
601,2985 10455
65,99 10317
302,10914 12401
290,705 12099
686,486 13738
576,78 15094
752,55 15107
340,1157 8097
87,1089 13527
308,105 2731
281,2449 9745
913,1877 8135
40,261 12188
328,83 2920
385,274 6206
3782,4114 5036
1621,575 10764
328,115 1067
2174,115 6840
763,4011 15395
4247,2137 8867
1324,1321 13503
46,6701 15572
40,4148 8652
303,1330 10949
97,101 3134
777,273 5117
6466,347 15366
95,77 10189
507,6785 14683
258,119 8114
318,5856 13249
112,97 13817
445,368 15059
99,394 6496
1918,1384 12883
67,66 16228
1086,1272 5645
675,353 7100
1003,121 11099
377,4691 6282
4877,2893 8480
1896,35 5734
279,357 9543
853,277 9422
318,2325 8514
10861,2366 13884
674,384 1786
8212,1105 15726
1840,876 6715
278,331 5282
581,531 700
535,146 2657
114,389 6163
317,115 1570
279,388 4131
1210,115 7093
2084,1180 10571
1071,1955 14371
7833,5020 14977
475,99 4600
71,269 12954
104,2780 15324
780,69 9109
70,403 2003
290,534 918
1285,1373 2057
4843,115 12656
455,321 13387
8473,491 13468
2260,121 14107
54,57 7166
1591,53 13124
2095,361 5608
4599,2204 10478
45,363 9713
7771,665 12243
2982,1718 10128
2076,320 11249
627,347 9642
1340,701 3937
260,850 6478
279,263 10596
852,121 4274
97,111 8778
302,2797 3495
1425,9739 11473
745,1516 2374
1797,1797 3423
2281,7964 10394
84,83 5272
751,370 6995
294,2060 7585
271,519 2386
340,6862 8532
576,86 6335
41,41 1488
1495,4890 8805
1003,2493 4943
1210,3385 6192
6258,1356 6497
2163,114 6709
1210,6961 10269
1119,412 11663
4123,2049 11797
749,471 13408
6205,765 16120
297,295 720
824,39 14808
410,2685 6966
4097,4097 4722
352,561 14779
8024,439 10206
340,4750 10610
1120,1582 2061
598,272 977
2928,8844 11789
271,261 1062
83,1009 9714
95,76 14162
1048,46 8158
72,79 10560
259,324 1206
1174,559 3722
365,1036 4387
4126,1050 6093
118,274 1227
287,5159 5396
289,644 6963
321,115 524
7514,957 9735
270,118 10492
372,276 12540
2807,1373 4138
2156,779 12382
111,390 4459
2785,264 15824
288,412 5703
68,1536 14500
4256,7799 11883
316,362 15113
268,2196 2738
478,1438 3243
948,524 5537
3301,4027 7067
1418,628 7252
1052,272 3561
1064,52 15932
278,415 4740
9397,6919 11780
1226,682 12995
340,101 3165
411,2790 6607
6737,115 11309
333,11636 13104
3923,543 7869
2225,347 7592
477,368 2310
607,5509 12663
5604,2786 15793
667,320 8093
8049,841 13099
2956,280 5926
736,1056 4081
449,401 12972
121,109 3094
398,683 3893
97,117 709
1543,384 13860
258,1658 15850
3111,6245 8074
121,110 2347
340,4192 9509
1833,334 8011
2737,256 13459
459,5797 6247
299,280 7355
2198,280 6033
1690,499 5751
1151,1059 14850
6559,454 15154
620,105 10713
407,1630 7005
306,2030 4216
725,2328 7035
306,97 477
114,274 1408
3128,321 6575
340,369 3539
77,1790 12470
298,116 434
258,110 282
283,760 4201
843,2379 14423
323,13 14912
573,8174 13805
2146,666 13229
696,295 4833
110,551 1420
52,55 4635
894,107 5423
319,324 11621
1035,101 6655
2806,285 11828
7215,289 16369
45,304 4160
103,1414 13191
274,4788 6355
276,1322 7291
3194,3156 10497
55,48 2789
365,288 3167
411,83 12237
5707,2007 9620
563,291 1776
356,1382 6270
283,414 6351
1720,384 8739
102,1009 11366
4705,289 13086
8890,867 14484
1395,2418 3045
1182,351 1328
56,53 3783
5640,499 15650
11799,881 16071
46,87 4182
294,2739 3286
5604,1304 14643
4299,11658 11711
5151,644 16292
117,99 1143
97,414 1269
3431,1254 15010
92,59 10712
1035,2867 7450
399,65 14686
326,412 8209
759,272 7282
114,546 8235
1940,1105 8419
6820,1611 8775
414,347 11040
39,46 7734
2656,2128 7938
103,2114 4637
565,401 6081
333,689 9896
326,1130 5845
908,3193 9969
407,13619 14490
1190,561 5700
279,424 7566
130,172 13614
2211,1041 14284
804,497 13159
286,371 16163
102,614 1134
277,102 5130
478,731 10612
934,10290 11670
7170,390 9923
397,322 1564
4254,289 14402
3201,840 3611
4124,88 13289
479,1423 5091
1774,1457 5409
697,370 12870
76,67 9513
326,264 14243
268,606 815
307,471 4979
408,285 6049
564,101 5351
8848,6984 10769
279,1680 2553
257,693 12275
299,432 1684
83,2099 9722
398,7137 14504
273,99 598
2501,3678 12298
266,2759 5833
279,2714 7489
4580,499 6493
3934,839 15742
1752,1102 5444
1379,312 12903
469,115 6096
5379,4636 13417
283,991 10855
512,9350 10054
380,2577 2693
626,280 10103
336,1097 12369
307,256 3232
283,611 2152
125,3503 15108
849,1266 15765
116,97 2334
507,2516 4811
1997,280 6073
1200,596 3063
4053,82 15267
310,682 7146
3147,347 10665
268,814 3975
45,120 11757
662,115 13006
8432,5195 12889
955,309 1282
97,107 774
259,5941 6688
360,77 8643
380,108 625
298,1141 2395
2169,1672 9431
95,3230 9734
333,309 962
1086,560 5260
98,331 9897
752,53 10367
1499,4830 8698
46,102 6232
1472,813 13520
411,68 11330
1031,285 3618
112,699 5000
8511,8654 10145
279,1209 7497
337,99 812
365,267 3729
40,103 9648
279,422 1510
1601,1675 2297
1730,272 5307
1792,274 3255
95,259 5343
1627,329 2835
302,5294 6241
45,3574 6046
2650,4469 8270
1069,584 12937
1164,1611 1796
300,112 7934
9073,144 13528
377,112 851
891,5562 14753
525,280 14848
589,791 15440
523,114 10745
338,644 16383
745,263 6486
2208,656 8672
407,1280 14705
2208,272 9946
318,300 9817
7887,9825 10966
3942,401 5102
2833,1872 13293
97,108 274
105,269 9678
328,357 5010
479,4479 7885
13198,637 15248
413,1390 2843
330,1102 12436
801,280 3278
46,65 5149
281,408 7106
1458,115 9682
479,103 2182
121,1981 4511
6551,1202 8233
3710,115 14644
303,800 7518
8248,3277 9786
304,568 11349
459,1214 14930
7555,273 15063
7856,804 12805
7870,336 14037
115,264 3271
32,322 3940
762,272 7426
310,1230 14776
40,13 2580
1073,103 4577
360,1310 15456
697,3767 9457
796,272 5754
301,285 3589
1084,280 7300
260,7129 9365
1291,525 11234
1875,6128 10666
365,446 3407
3169,590 4938
271,3964 6652
100,397 7266
259,295 4495
322,299 1034
3747,280 7826
267,626 4312
109,546 5512
821,8262 12089
67,11008 15349
3158,546 14039
3571,3571 4988
123,100 6510
543,1726 9137
2208,275 11731
422,887 16227
398,627 8993
2958,115 7714
3079,5672 14141
32,226 3276
303,263 8138
1497,983 2240
1667,347 6604
2897,11104 14724
109,1542 15186
109,501 2278
12336,276 14706
257,522 9593
3931,4496 8203
651,4921 9222
5633,121 11980
2571,629 12866
314,288 5952
271,868 6916
292,109 13425
1239,3531 16013
279,4029 9152
32,7024 12989
292,498 710
327,112 2232
428,99 7922
109,691 5309
117,273 9360
1737,472 10584
426,367 3543
104,469 9935
530,2232 10937
435,3702 14357
2135,121 5417
1445,115 3465
1487,1129 11124
1240,3876 12658
82,101 2405
6007,491 8000
275,1541 9318
279,110 7953
104,10271 12978
108,331 500
99,97 8471
1595,1304 12645
783,2352 2734
8838,2815 12441
1793,5527 5586
69,735 5037
268,273 5555
1354,1354 2613
3798,637 14740
1037,115 3198
694,460 5678
328,84 8132
8412,469 10037
2520,3789 6295
3810,269 12340
303,825 2928
123,97 12707
461,751 15100
626,321 939
1046,115 8339
104,415 685
1227,322 3711
319,714 4896
14671,3274 14763
294,105 1035
318,260 4243
461,3455 4434
268,2518 15718
1388,273 2161
326,1761 4361
1350,3183 11310
46,99 1452
32,396 996
2099,284 3499
82,1838 11291
3997,1038 13336
365,1747 12846
1793,2297 15748
11381,5318 16081
2332,861 3484
713,332 1228
479,295 9315
333,800 1952
809,3632 9823
730,7145 9860
46,1175 13506
356,2133 9163
403,9460 12630
1055,352 7957
337,1903 14186
5080,5060 5263
52,53 2870
271,314 869
360,364 10911
1513,1075 15869
65,67 2927
274,107 2606
1240,596 12606
1583,425 13362
6240,8609 15458
1410,259 3112
327,828 2643
1562,92 7959
5351,1865 8855
6644,280 11207
6215,288 11964
306,655 1667
399,539 6113
105,2204 13516
2393,2493 14680
461,269 3312
310,392 745
2308,1734 4761
300,427 8306
4372,2399 13054
430,115 15798
106,4903 16033
3724,115 4465
297,670 4450
8520,299 14667
1011,5069 5574
279,655 7779
1550,714 7664
276,600 11675
874,379 11717
268,364 2194
360,280 11639
569,805 8885
345,361 10454
4632,1162 5561
2877,1215 12670
595,515 5096
5519,259 8600
290,419 9091
271,900 6024
658,116 4826
4075,1162 9184
711,3540 6056
32,103 333
326,6335 14259
126,126 12527
1076,804 10895
4332,1362 7427
4019,758 16050
598,121 3268
1925,5503 6724
56,56 2736
107,259 6112
1124,9132 11116
1365,72 5848
66,66 14684
3079,601 16236
5985,1872 10472
480,442 649
80,534 15354
84,1843 6847
4067,321 16164
1154,439 6923
105,111 1162
459,621 7475
512,1924 9670
1073,118 3924
99,288 10292
294,272 797
66,101 10527
1722,473 6326
6375,3922 15180
7863,408 14755
273,101 2075
326,814 8573
306,9711 14375
349,108 14563
5638,6367 11468
365,640 3576
330,2675 6363
10012,758 13916
4230,285 14081
760,280 14312
442,10408 12590
342,116 478
3954,2463 14359
1375,92 4772
117,321 15484
632,422 2821
1276,321 3656
58,13 3546
577,430 7132
796,384 12279
298,608 675
106,460 16316
1455,105 4821
279,273 12994
2796,129 11098
987,2181 13867
72,11895 15334
1014,3630 8974
290,325 16367
1191,1032 6152
478,560 795
302,720 1238
945,969 1142
290,334 2618
1348,280 4051
785,1110 6288
445,431 3211
80,114 2167
8386,263 10606
1183,3332 13486
4364,297 9027
5865,109 12460
298,7340 16295
258,100 413
328,103 2111
265,256 1018
1164,1908 3026
73,110 1305
295,284 355
102,424 8307
9156,132 9213
812,551 2782
2035,347 12556
4355,5906 6786
41,642 14226
547,2489 14807
330,101 1477
1234,401 1897
3843,779 16327
118,1301 1418
695,7340 12990
3062,3161 12996
283,421 7345
6640,412 12037
2313,2313 4526
83,3058 16149
713,275 4238
2581,2507 5990
2973,277 5752
1632,2427 12959
2821,1051 15905
112,114 1190
268,396 3883
1998,5360 5781
5338,338 11800
95,106 11722
77,582 7871
465,677 7037
5490,12884 13167
459,492 9107
105,680 1221
437,689 6717
702,412 15660
4298,421 9336
85,77 3462
461,4736 5713
4256,8469 9333
1502,1266 10004
4874,604 8071
391,553 9079
318,7385 15060
5697,637 10038
648,432 9419
1209,956 1579
125,36 1765
1195,34 10010
1448,2652 13282
2294,3118 15079
340,419 14067
1036,300 3412
1752,1109 9871
294,352 838
414,1051 13395
4054,2895 15604
487,147 1030
925,1169 7816
257,499 2465
662,3170 3999
96,754 6323
1121,332 2563
7144,779 8863
6491,361 7251
3970,758 13177
1505,739 14634
97,519 1876
3925,4657 7000
544,765 3052
83,84 6092
5757,488 15316
4142,115 11067
829,288 4812
3726,2039 5017
507,415 5877
73,690 6317
721,454 1311
40,34 1082
1774,2379 10187
240,159 10459
259,394 7404
271,276 12130
85,116 12761
461,3126 7086
268,338 3194
290,482 9709
4502,409 8275
1919,75 14145
277,107 4731
34,541 1743
537,264 2778
2076,297 3252
797,107 10709
6851,1048 15764
1925,614 5725
32,60 906
360,104 1833
322,272 2145
649,4633 10969
108,101 297
258,115 386
40,92 3503
418,261 10476
114,1163 12086
700,116 4237
697,3869 8934
3606,4035 13302
1323,51 14449
2261,1423 13445
528,115 5176
2435,88 3058
411,5808 12294
120,289 15471
589,277 6684
67,2325 7430
12420,633 14506
1445,285 6812
275,109 545
5088,115 12423
2503,2495 4208
2660,320 8603
753,123 15028
1170,2040 2658
526,1034 7718
7591,5172 15182
101,280 4233
328,330 3575
1015,1180 6229
286,5528 9872
411,85 11162
300,121 11250
6388,9935 15061
2838,780 15273
1955,327 15659
461,103 2429
344,329 1490
1031,263 6186
1805,2212 11405
3612,1582 5008
326,346 7290
512,408 10971
80,791 11598
4963,1714 12743
407,609 4552
523,86 12825
39,502 14778
2209,4128 11508
456,499 11295
259,473 3897
109,826 12524
622,757 7403
72,82 16372
349,813 1133
1151,1187 12169
1608,491 7529
812,2184 4786
671,10671 15335
1605,354 15959
5087,351 9875
410,3674 13328
125,91 11849
118,105 12406
964,83 12077
46,100 6181
3887,285 10373
32,36 495
318,4047 10425
333,1017 3051
356,2140 3146
3280,4581 7767
303,2301 7641
2056,272 4170
318,837 5459
3782,1286 10361
10549,531 13943
391,4939 11579
2484,473 10233
289,105 4055
4779,2125 13118
340,2640 13322
695,364 13215
410,1235 8616
40,277 10099
2710,823 6189
2095,547 15269
2712,555 5923
3686,280 11854
1926,546 7540
465,12797 15832
97,350 5285
411,720 4042
288,115 1486
1059,527 11165
336,111 2797
311,734 10370
333,1338 1845
2208,280 4470
1639,4485 12487
71,66 15655
6123,289 7936
328,78 5871
1653,530 8730
32,113 6023
46,66 10905
46,541 12745
1487,876 14111
7117,9847 10062
116,3960 12551
289,285 4976
281,275 565
4139,1242 5273
2197,115 2655
459,966 5630
359,1680 7271
283,291 1813
275,604 8677
9623,331 16263
469,100 2446
672,114 2829
11572,353 14211
310,654 9341
3798,284 4507
6483,3131 14315
230,156 12796
755,457 903
43,43 2479
309,104 862
730,110 9557
618,2689 12378
851,2277 4966
257,396 4557
279,1755 2078
391,928 5890
85,841 1777
83,392 15293
422,285 5978
2155,472 2594
12975,115 16061
365,308 6721
111,636 7083
283,111 1739
4055,1414 8818
6933,13924 15205
356,396 11370
899,1485 13200
5681,121 11908
435,680 9645
326,67 14366
278,288 1527
118,706 2020
445,503 12512
702,4902 10526
2874,285 9117
5987,2468 10753
492,285 5345
622,256 6809
297,1075 13851
6498,5952 15442
1391,501 9742
1380,121 12043
268,1262 1616
377,116 1074
105,347 6210
115,957 16204
1814,69 7616
1467,100 11460
318,584 12611
565,110 14356
398,1198 4271
283,2923 4754
2474,594 11071
573,2075 14482
391,1162 13985
3508,553 6199
3730,3730 7809
352,263 11522
1523,320 3245
4702,9051 9412
6468,146 12228
4273,11668 12379
2497,1824 4795
1977,433 15663
1064,57 16283
10864,272 14195
386,644 14034
2087,321 8585
121,108 3380
4782,280 11616
3353,876 13471
349,116 1885
3251,273 5300
2736,56 7185
259,1163 11273
65,77 5031
5061,820 6204
1701,546 2108
829,668 4486
1086,1745 14888
694,111 4296
1373,927 16346
530,110 2365
44,44 5242
270,3661 5538
396,108 11687
7089,9044 10080
589,1310 9075
286,1258 8115
1746,321 16332
286,3896 5270
70,82 14213
93,45 5563
742,561 6437
1080,546 8353
549,539 14791
278,263 607
290,103 13022
6026,4102 14199
83,73 9237
73,67 2109
316,5628 14661
6510,6401 13076
459,117 10468
316,932 10574
1550,635 14967
267,409 940
108,275 2664
9042,2379 14898
435,101 1152
85,110 2755
1121,273 4158
273,110 2394
2000,4450 15373
268,276 1992
509,336 2974
316,2108 2583
383,1297 12967
1428,10100 12975
4388,89 10635
7578,115 12522
3454,3364 14035
982,2961 12573
282,121 787
998,110 3383
316,351 3915
3510,322 14752
286,106 3280
3011,4866 5986
118,347 3183
11431,8216 16098
1388,288 2779
356,269 14104
4143,876 7191
288,594 8609
257,793 8083
258,325 4782
4002,1080 8992
47,112 6527
383,737 4918
360,1873 9572
3195,275 10861
1043,1734 10702
4968,11030 14095
52,52 4245
2169,1259 10892
95,104 4197
342,839 3474
386,104 12998
507,627 3570
365,361 10369
1936,562 12912
302,108 1055
1504,68 13385
350,2324 14000
4990,105 15208
284,274 1407
550,325 1596
324,397 12465
13281,1202 15279
66,2419 5709
589,1382 13329
2168,5627 16132
8089,4032 11327
1531,482 2224
91,39 7461
1857,421 3905
755,2055 13419
2702,473 4686
638,284 9515
116,4292 13620
3298,4368 8266
1024,2803 3620
1761,432 13854
13311,277 14699
82,351 4229
6155,2083 10036
3113,11741 13920
1949,522 12891
356,777 959
413,1051 15506
3617,3134 14149
2965,472 3202
32,97 258
483,304 12144
303,791 13173
309,115 814
1531,1028 7207
1975,412 4445
627,263 1284
119,288 9649
1931,13592 16229
746,624 3863
271,1800 14545
695,1950 2743
5110,473 13125
2491,596 11350
3327,1123 5612
1632,1756 12308
835,347 15453
616,12367 15703
1632,594 4358
257,269 3997
360,276 14103
101,103 688
476,280 844
73,86 3527
8060,321 11228
2190,105 12720
494,116 1401
298,1114 10751
423,49 10535
1720,5703 6707
271,483 1499
342,4155 14676
1774,11921 15370
92,2052 13320
495,92 1481
80,889 14966
267,260 9164
338,100 732
283,693 1492
911,9 3551
46,40 14461
3067,1851 5579
9725,111 12716
5234,1672 15446
5304,320 12506
279,4359 5694
277,1705 15646
283,1383 1707
349,115 6982
328,98 2712
445,2790 15590
98,1029 4962
115,259 5680
310,3533 4559
1253,274 2292
2317,121 3707
1793,1566 4545
1952,408 7707
2474,501 5973
40,1101 5520
2237,1584 5577
674,1034 8460
125,34 14989
281,4151 8305
2188,483 12927
729,1880 8555
1108,2092 3991
3508,1999 13171
845,867 2811
9140,7668 16122
2956,321 9456
95,5377 6657
791,482 5259
537,2720 9334
2757,841 11477
69,67 5092
294,114 1646
654,1202 6669
392,98 3401
537,5189 8618
657,115 3410
2218,2112 5387
360,560 8311
100,408 13769
83,273 14109
599,96 14487
971,430 8052
3265,4921 14247
326,1644 2336
365,65 3967
1432,546 2326
1292,460 13989
573,831 7877
305,3143 5942
437,83 14473
913,4696 15894
1595,2359 7712
328,112 6860
10051,299 11829
540,524 12800
310,1725 4926
445,1219 4895
111,357 9683
267,104 640
278,1176 14719
102,111 4413
294,361 1998
618,691 14666
3296,3296 6600
711,322 1577
326,9166 12928
6569,1919 6929
702,263 3241
694,117 7947
3423,3423 7965
263,320 8444
1907,1989 5727
46,110 5860
100,384 15283
981,2464 9066
784,784 1512
1737,272 10874
649,588 1085
102,425 1139
686,415 9836
54,1178 14903
456,107 3964
316,1176 3371
4773,280 10087
342,7774 8019
2473,425 10374
296,531 868
549,1281 1633
303,311 7971
893,321 7963
1174,112 6169
282,99 3826
5340,267 11679
1840,289 4817
3936,1304 8831
3192,285 12835
344,110 3164
413,669 1253
3474,1075 8932
1943,327 11410
276,101 699
298,443 1513
505,1157 4510
1862,297 5970
322,115 1757
290,830 2227
742,10340 11409
589,4688 11618
509,1094 1447
2305,109 12236
7374,9024 14242
711,390 2833
291,267 9992
96,59 13045
408,289 3653
1561,325 5306
550,4976 11447
380,427 12264
95,124 11706
340,421 4669
318,562 10212
868,116 5119
388,275 15385
466,55 2701
410,309 1740
497,115 3647
13787,482 16043
77,640 1514
298,354 5014
2731,288 6354
912,49 8820
589,263 8106
84,82 10588
110,289 6692
481,2664 9723
55,1178 10469
686,7741 9612
294,6106 15716
695,4905 8550
4273,2799 11815
32,121 359
3513,116 5299
357,414 10194
3884,594 4641
109,101 1175
4941,4941 7915
12127,9671 12223
998,274 4290
464,1973 12403
3289,10932 15454
2648,267 15196
32,272 2254
476,1180 2388
398,2357 9821
584,115 10436
1174,2039 3137
399,734 11676
3123,5274 13768
902,427 6475
410,530 15137
2837,2138 15216
971,396 3932
1195,91 12747
1220,656 2817
414,280 4883
46,3364 5598
1746,285 7649
463,10277 12316
8894,351 14672
1151,259 12725
11780,8703 12562
967,6693 14068
95,304 6026
98,327 4011
32,71 465
32,7487 16255
294,5684 13785
125,125 2628
445,646 10363
375,97 1609
9838,285 14561
98,486 6716
8829,115 12113
530,269 6022
3813,840 15739
78,2766 15847
4044,1851 16034
603,104 12794
314,102 6105
325,274 2101
8680,957 9932
537,403 11903
933,115 4118
4215,97 9061
366,113 13402
1629,756 2272
121,101 6767
1367,115 10611
333,327 1240
314,1486 8446
41,58 2343
398,79 7692
455,1961 6401
98,3343 7230
1419,57 8508
494,261 3105
46,892 5173
480,105 5930
299,4128 10734
281,1125 9175
279,3043 7202
267,3848 10236
98,4171 8295
1379,117 7348
1092,1105 4622
547,2805 3381
1737,285 8613
4046,600 9891
14058,2799 15448
549,6418 12914
8466,8466 13149
3197,1757 14797
280,121 9115
843,361 2362
695,389 10069
4603,384 6212
3833,431 6837
2276,285 12025
286,101 15432
114,393 1617
310,3250 7010
116,327 10533
1774,1551 12580
310,289 11441
2143,8843 12389
682,272 2626
724,605 5182
271,547 1795
98,1021 13496
893,364 16191
2243,101 9816
391,598 8162
1646,1211 11695
276,1211 14893
450,263 692
41,13 2172
1923,680 5568
3970,2137 11123
3111,390 14294
101,104 8477
333,819 1449
321,758 11688
937,1718 12613
462,561 9774
107,110 4209
455,105 1199
919,116 2520
724,2410 7474
418,345 3220
530,1327 12426
5368,13 14223
878,3319 14825
1583,2487 5697
8811,280 13493
3903,1855 4685
4071,285 15563
319,3072 8755
460,1268 4752
4970,276 6495
537,2051 2285
2305,1525 10152
702,977 12005
10098,2110 13974
1320,103 8520
275,289 10120
340,1202 10417
2927,75 11534
3049,280 11779
67,553 14669
1513,1123 4789
326,2188 13221
32,125 451
279,4166 11677
257,406 2609
417,125 7818
271,2281 8686
318,1565 14170
350,288 887
465,1325 8168
389,456 518
523,11174 13923
326,68 14524
9092,7579 14870
294,280 4763
257,389 7383
1717,351 5826
97,2446 11163
46,261 15000
1218,297 5400
1565,69 13384
3802,1271 8301
98,275 4129
1427,304 11258
125,1679 4213
1570,117 9196
119,677 5472
568,295 914
418,115 4085
1940,744 4844
382,121 2591
686,1991 2684
38,84 12728
8558,1684 14100
2047,1020 3089
317,334 14925
40,1993 11765
4795,285 12430
3467,297 6545
1091,285 7084
2127,814 15906
1059,678 4242
7506,553 8770
114,621 1978
948,2820 5217
8478,1442 11156
1340,5827 9096
614,6742 6800
344,590 10244
291,414 10831
4076,334 5474
318,483 6561
4803,4189 11138
270,431 746
5033,274 6519
1737,427 13995
283,3435 10125
102,500 1767
1323,49 10091
339,259 1541
6958,600 9500
388,557 1995
459,121 11004
411,110 1155
4009,491 5083
1993,927 4148
302,2327 7896
40,109 7635
271,297 1388
7537,115 14711
6713,2133 9183
269,551 16305
105,101 1214
899,101 3989
239,191 8374
32,535 9073
121,433 2453
1296,779 14592
792,5650 13115
326,388 12402
278,8184 11241
4882,876 8205
549,4712 5147
326,414 13340
9566,758 13343
694,309 12521
83,1644 3084
117,604 7173
259,111 2973
278,1157 4759
538,390 6640
116,347 3419
123,45 14017
437,105 15682
350,392 6384
47,275 4606
494,714 4613
271,2021 9169
913,2020 8690
290,412 16351
2649,309 15501
5477,280 7860
4787,2140 7955
117,324 11418
459,609 13315
107,115 644
3151,666 13137
1526,112 9947
108,482 1266
398,1564 14411
829,7013 12697
296,949 11463
32,33 1723
310,861 3013
542,1745 14587
6125,115 11637
271,1312 10220
1722,1163 12915
290,267 1239
226,148 2796
98,1670 13284
925,1876 3059
279,3683 14854
257,408 1347
270,5044 10230
9925,5264 15311
1243,590 9963
298,312 4508
316,562 1656
2486,415 8137
603,4696 11651
469,295 1198
4071,280 14823
924,320 2558
2024,105 12768
4290,1899 5354
95,892 12515
392,115 7150
380,116 6584
308,393 4426
549,392 11211
2217,351 11377
3748,280 15809
283,4674 8749
319,14832 15713
269,324 680
333,300 1600
377,973 2183
340,693 15379
380,370 10108
32,260 447
747,559 1664
577,2946 11564
3224,524 15759
557,103 7200
108,1125 5349
283,5119 12356
12279,546 13658
1510,432 15390
276,121 394
415,115 2556
100,277 3968
990,346 1342
1320,116 3703
294,369 11887
97,105 3406
68,111 7983
1079,500 6792
1292,635 14076
6620,299 14505
480,1230 10708
2868,9388 11376
1222,273 1904
3477,321 9402
281,6762 10805
258,263 7299
1497,4426 4791
563,4254 13479
880,716 9726
6968,284 14056
335,1138 4231
620,272 1184
290,2131 6539
116,115 1057
1657,3346 8458
265,265 307
509,1693 1808
1188,56 13578
465,117 3510
14913,1760 16328
118,97 9627
4122,3253 5116
6934,274 11369
6148,909 7155
413,109 10042
111,297 1931
11612,2565 15389
631,621 2258
2195,1077 13226
648,2493 5482
399,12573 13711
4101,1070 15747
418,267 8933
294,296 2911
759,3592 4502
616,322 6328
226,163 13650
2496,3263 6064
45,118 7241
5645,499 12252
316,5852 8380
402,98 3269
2928,626 15944
350,594 9545
5316,637 9835
98,361 13834
103,1338 12195
657,100 1631
4310,115 13042
1864,4328 7030
7719,10349 12446
45,43 15437
2146,332 5267
318,5436 14606
3045,320 7961
316,1742 3473
580,12144 14126
10443,321 14323
68,76 13356
1583,9568 11287
114,594 8025
95,87 12754
4155,2187 8182
269,870 1710
632,3237 5028
102,486 7085
569,9794 13157
46,84 13876
360,267 4715
360,1959 4569
1608,455 9322
6558,259 9187
1497,604 6492
117,2370 9744
435,8635 10106
1079,4473 16340
35,35 1063
1119,4633 13347
80,73 9921
273,366 833
286,939 1061
4129,839 13827
119,4151 15106
1695,1695 3038
87,101 3231
277,101 860
2254,2871 3075
7051,1271 13899
354,308 10962
391,101 2571
522,115 3909
346,112 1593
102,659 15495
603,13749 14839
386,13155 14551
475,103 11734
626,267 13577
119,119 2449
334,373 1245
268,4575 8222
2683,1988 9550
2955,111 14433
85,84 3317
1220,590 6732
1238,12630 14710
101,288 528
603,6960 10098
318,80 11179
290,510 1507
334,101 1382
318,79 1689
46,259 14004
87,4151 7840
679,308 3746
76,69 889
657,669 7453
97,533 2946
278,3653 10415
315,315 378
85,82 2791
722,1057 10290
997,1514 1644
569,10156 14062
2692,351 7773
1550,309 7757
290,280 1165
982,76 11024
7904,4163 15598
1196,4244 7481
638,110 11739
443,112 14344
9473,1891 9792
2014,2304 4382
194,160 976
1833,794 4882
759,1414 7265
580,735 2349
618,1471 8549
5654,8079 9868
2221,277 11269
65,1233 11407
311,121 1670
5490,87 10008
391,4735 12397
435,311 14827
340,267 1887
95,107 9638
422,99 1893
8445,1298 11570
266,3851 5139
507,8363 11742
577,472 14533
4598,637 9599
1350,108 1673
1078,115 4436
676,907 4441
582,2473 14008
268,559 2800
316,415 13036
101,1215 10179
392,273 5280
649,2861 5858
270,474 933
909,433 3299
929,79 1798
6379,4989 9727
709,531 3513
337,103 5338
275,98 5648
32,93 6314
2730,1242 12762
4033,269 13681
276,3531 15319
309,595 7668
115,325 11577
286,947 1446
879,491 1775
1858,941 7774
40,8333 13061
1475,8674 13138
459,309 3387
1604,590 2266
11077,146 13517
316,7838 10810
316,830 4646
1944,101 10710
399,547 7285
4478,637 7847
6613,4633 9832
305,114 7439
943,3892 15482
103,97 7347
313,112 703
580,330 9119
297,442 12960
1975,1038 13352
32,276 376
1464,424 11855
100,351 1493
318,5951 11918
110,309 9829
79,77 9489
1933,8166 10199
125,1048 3835
365,311 12828
4054,2676 8873
6551,499 15029
260,100 890
114,341 14584
1337,482 2308
815,285 7171
2952,561 4525
270,368 2117
635,396 9004
80,69 5943
296,100 4905
479,562 2316
2633,2416 12425
5817,779 8355
563,7046 8547
318,72 6011
334,115 1973
431,116 4629
589,269 10598
108,421 1179
3079,1731 12464
303,611 15092
5487,637 14407
4435,524 10263
1552,272 2263
194,176 5405
447,2561 6950
435,4479 11426
894,758 11941
2837,7903 11819
294,2900 6215
7003,1727 16062
2209,882 15419
32,3393 8088
279,568 3841
565,107 972
6931,499 10505
4722,4722 8331
318,655 15247
318,68 9099
83,67 7639
1640,1371 8260
108,110 2329
2824,285 6235
996,115 7731
733,280 2963
691,309 3532
7441,7441 15351
1309,285 6907
102,705 11697
8976,847 12815
418,601 2419
549,1760 8265
2364,690 3478
618,396 4360
325,392 2092
260,714 15470
2898,2468 15480
32,65 328
747,269 10093
106,4319 14547
475,533 3817
450,5971 7158
112,3594 10383
695,630 1391
785,289 13573
775,914 1868
6269,280 12215
2513,114 5850
65,83 1814
12957,731 15968
5576,624 7817
3199,347 8053
46,1162 8420
111,561 5469
3691,285 10646
465,111 4104
2473,4318 13064
5804,353 10682
445,774 14196
263,321 6952
6109,4549 15722
278,389 2494
569,10685 13259
283,1710 1934
3474,355 4200
330,280 5356
1912,321 15078
998,839 15499
365,421 16251
84,111 891
8304,393 13258
99,347 5461
1277,346 15192
45,665 3950
278,1873 2569
530,8648 16035
507,3190 14915
5182,353 10467
919,4666 14079
64,64 1260
3832,1138 13163
298,7427 11382
3069,280 9331
97,120 1330
14139,443 15271
1058,635 14140
97,877 11973
80,291 1996
573,2586 3019
2395,441 4438
77,1356 12607
40,121 10640
733,272 2627
396,347 12301
9880,280 12909
310,273 7227
305,273 726
2143,3812 5497
2596,2212 10557
266,357 593
61,123 14372
567,39 15641
894,351 14871
57,54 5241
326,635 7534
83,116 1292
3740,285 10569
114,463 756
676,3218 4291
71,309 10742
4780,1187 14707
65,1450 6810
649,1809 9920
1839,883 7152
11739,13658 15320
1139,304 15929
2472,9888 16291
95,79 14182
1887,414 3667
302,112 4675
336,611 1262
462,522 1406
1140,635 2176
39,100 7761
120,322 6942
98,1053 12233
3431,120 16248
481,668 1014
264,100 1286
333,299 13203
257,791 1970
1146,3579 4627
365,121 4178
3314,1485 10282
1312,6115 15237
326,1206 3155
2121,9828 12153
267,590 2324
536,261 1019
346,888 6388
391,3591 10990
943,116 3067
313,115 476
924,440 1537
32,206 5910
65,76 982
268,5376 8552
1391,1457 9889
946,1576 2832
4410,600 7177
49,416 9800
283,273 2543
78,3839 10009
413,3120 10677
66,67 6731
410,361 3721
3029,982 15813
801,285 6253
261,102 9245
653,267 6462
1007,121 12499
845,288 4308
1199,1135 3172
2041,396 3128
958,320 3860
1911,853 6030
55,52 9209
1914,1824 3127
729,98 5228
5652,1116 14025
294,339 2539
278,114 550
671,1280 12253
271,542 661
109,594 14367
71,300 12132
345,101 1113
3498,590 4713
95,1493 3009
2010,280 7526
455,115 12770
484,116 13504
1060,4678 14394
2840,2685 3413
1282,2994 15130
365,1130 13096
8982,321 16107
1689,7703 9812
271,311 945
1781,115 3291
121,273 14618
324,714 3971
4174,5991 6915
8892,115 11019
459,562 5925
725,1988 5546
72,67 8586
264,301 10941
2703,5172 15617
2347,10260 13735
973,280 6936
85,115 3655
1126,5448 6523
342,100 10636
1866,275 12140
41,9562 13602
4489,10778 12691
800,353 14455
459,1742 15069
103,115 4623
4006,941 7416
1181,1361 3193
3321,2364 14813
32,109 290
2060,314 8276
95,2961 15093
2053,115 15159
391,1012 1713
813,275 8023
1835,285 4567
854,285 10770
1776,1254 6216
2185,501 11244
835,774 8804
8772,779 9749
326,99 1434
1174,1871 12974
7138,7138 12407
4369,272 9859
5504,408 16086
3676,105 7064
84,120 12637
798,1305 11097
1750,4254 6123
444,285 11998
40,7786 8880
10556,3361 13615
1864,273 5908
9,8493 15645
714,714 11848
5059,392 11384
79,114 4914
465,78 9256
5106,3072 11832
8282,110 13009
311,704 14741
50,49 1393
3106,624 7255
2854,628 8367
5062,280 11421
435,364 15026
2261,2626 12711
391,327 5982
1610,371 7625
3888,517 13880
311,490 2205
80,780 15896
459,463 8461
584,339 5337
3276,134 11077
97,361 7379
1589,1681 3450
1210,98 9162
32,112 278
836,285 15215
314,97 7071
774,97 13684
819,115 3143
899,361 2514
484,3307 5863
339,273 6198
9484,539 14693
2008,12894 14134
2578,1961 4775
523,116 6197
4226,779 13510
69,2354 4179
279,403 448
100,111 4482
4182,2088 4626
119,263 10408
54,48 2074
620,329 10796
1174,9744 10869
282,274 1653
2809,734 4415
889,1919 9306
945,1361 13794
799,629 3061
475,368 924
1231,688 6372
415,101 7634
4216,6831 7994
746,473 5295
1717,624 5798
316,105 755
118,269 1141
314,312 7433
427,320 1803
271,389 8857
721,121 9997
318,568 16242
271,595 6682
326,7293 8663
260,5667 10214
878,118 5639
1434,425 13237
1601,301 7665
3890,320 4617
45,108 4022
809,2277 12265
662,6636 7395
809,639 15246
257,585 14458
108,522 3156
292,928 5320
5022,4136 10737
55,989 12469
4372,2129 15805
5549,309 11235
1560,3254 5730
317,3733 10388
653,2593 2972
105,656 13649
259,105 8849
3005,259 6960
343,320 727
4100,928 8378
7431,6729 15900
2034,440 3460
728,275 7447
300,956 10685
381,3196 4579
459,111 4351
281,469 4857
762,4166 13579
305,1230 7051
4568,115 12303
411,114 12553
296,3807 3973
1690,524 2878
1487,12822 15194
278,105 5508
278,408 15027
459,1176 13919
123,13 6264
2634,595 6454
11716,7960 14567
349,880 1200
5619,4726 8062
1037,2893 11956
1933,104 14608
289,1169 1969
398,269 8369
3371,280 6371
421,263 6805
283,117 1024
428,3391 10177
718,274 9225
298,2530 8858
111,341 1524
4247,3173 11988
268,309 921
1096,1106 1571
509,120 1918
573,325 14341
1074,3098 7932
391,2229 13583
3841,823 7376
1523,590 10135
465,9529 14160
1581,3840 9494
32,101 302
100,101 511
279,463 6702
3101,7777 9389
2977,1924 8720
361,1028 4838
304,100 13005
6397,2462 9884
11002,7629 15382
1148,273 9269
606,561 6971
511,120 5941
5598,2329 6461
926,666 6489
1892,909 5511
318,525 8494
411,1215 10411
115,117 2369
1720,559 5702
1072,324 11332
118,280 1254
279,522 5155
1236,157 6978
3178,2352 8430
7481,347 11398
2797,561 16057
380,529 3696
3575,301 10079
289,104 488
71,551 15781
1137,644 10699
47,116 11107
1058,1599 1619
505,543 5234
5441,378 13996
402,11269 12100
69,71 5185
298,3237 11183
226,132 14621
653,309 2824
1417,1402 15359
899,272 6225
3197,1020 7407
328,9867 15131
316,390 1828
12322,13415 14260
1072,392 15622
1191,2777 7073
815,347 13306
8402,2656 10138
271,849 2991
476,472 5271
437,3428 3526
32,1301 6294
3111,793 6426
45,1880 6614
934,4495 5761
4423,720 8825
661,338 1340
4628,590 7599
266,10517 13929
45,3205 3545
589,299 8016
569,5978 13525
1799,12504 14268
108,1028 6174
342,669 1193
658,2790 9363
2351,273 10084
1143,108 12864
538,322 8502
398,301 12173
338,115 9332
1064,49 15035
508,522 2535
382,7888 9265
4029,887 7425
8340,473 12408
4298,2171 5501
523,1559 10032
69,109 13430
371,1988 16212
462,687 5056
1947,373 2478
1323,52 15737
698,314 1588
270,490 602
290,289 9352
340,454 12851
361,3947 13319
45,87 9495
1996,3384 15516
462,3082 3918
271,4807 9229
273,115 442
209,128 14539
2030,1630 15344
1784,1628 1822
328,2458 3184
261,269 2519
684,347 4884
318,621 5526
2401,280 6824
78,84 690
4226,285 9750
32,87 407
1564,600 1756
440,6638 11016
4000,486 12419
7814,7442 9753
95,367 7876
318,301 7118
1112,121 5573
102,562 11212
1737,8257 13166
6775,1402 15068
2275,684 15015
1079,529 11256
1625,347 5742
1495,640 9097
282,1118 12213
3644,499 6322
45,112 2813
307,438 7539
45,1390 16282
843,1554 8092
671,1221 3064
960,1105 13763
365,322 7591
343,2538 14429
125,123 1375
339,263 12550
340,2946 5162
1937,6302 6556
1505,274 4659
3269,351 10324
1933,4850 12066
1578,276 12536
380,716 11075
1298,100 1680
759,454 1585
2111,3592 9126
3498,275 7215
674,4259 13976
925,101 11160
8055,277 8611
815,766 1257
1520,1398 2411
83,2083 8997
6398,320 12792
6592,5454 7357
44,548 10867
445,86 13187
1466,408 8371
620,4270 7897
326,3973 6365
507,425 13457
7473,259 14798
4206,2499 9810
49,752 7790
776,2351 9378
1434,12034 14745
414,263 3382
1786,280 11533
792,456 15634
283,415 15189
32,114 462
114,624 4785
261,97 13633
565,7327 13777
1305,304 13546
108,272 768
45,65 4548
342,2222 3523
3264,115 7413
69,70 16285
304,347 15184
298,297 4530
118,820 7646
576,982 5060
8196,3630 9498
105,122 514
326,732 10379
328,73 9170
291,2555 7350
1474,441 7212
298,112 821
835,881 950
99,542 4282
480,463 6758
95,102 3857
8928,546 9825
9277,1630 15369
105,2745 6785
857,420 8951
2907,1102 12710
684,3897 14575
9337,289 10484
327,276 13178
108,1811 9458
2571,285 11432
100,102 6292
40,6565 8610
2351,285 14437
105,546 14122
391,905 2679
480,2640 6503
301,309 2634
1728,768 6867
2949,510 3494
95,1042 7022
2570,289 11414
361,108 584
119,609 4594
435,421 6843
4300,731 14847
261,1138 9999
123,98 10845
271,350 12450
1657,289 7409
40,33 7332
83,69 2961
319,1626 2709
278,347 3111
311,6997 14984
1820,431 2482
308,108 424
4548,9269 13114
271,2862 5507
72,421 6182
294,308 12274
342,99 2096
914,409 5373
278,430 648
1657,590 10503
2016,1000 6012
107,269 498
99,274 3434
8167,11368 13661
290,1494 2073
2928,2861 13897
2031,482 10578
6007,280 14945
1226,991 10491
108,321 4633
1005,263 7182
274,636 4706
2166,1851 9167
9,548 10618
32,69 411
1475,2815 5432
6707,4233 12418
39,1488 9562
620,656 12896
558,3143 9296
456,276 6222
1168,96 14351
408,2564 8469
1649,1041 12065
1097,289 2747
76,562 8316
3966,768 7367
277,373 6456
289,330 9775
276,361 4257
661,2171 11439
1570,441 3568
360,7447 8510
1632,9004 9420
577,321 10916
2539,276 11506
278,801 14609
437,2322 15003
1596,1990 2403
2217,473 2603
1460,8037 14239
3537,121 6583
478,3150 8340
99,1847 8356
6392,1175 9354
3049,285 14030
288,107 691
77,341 3442
87,87 5669
269,101 1327
1555,415 2076
2166,1438 9387
71,72 11977
303,497 8004
58,930 9298
112,330 947
2177,99 3073
4663,285 7558
1382,10196 14005
295,656 4270
2117,6262 8436
263,285 1734
360,83 12665
105,604 1050
437,334 2290
565,595 9449
572,1215 2288
305,414 4457
4248,1209 6644
109,341 3908
360,72 12671
365,2390 14187
4044,454 4580
588,734 4993
1127,3241 5571
1054,1377 16168
268,1230 8057
123,110 11788
391,424 10801
1210,6190 11413
5215,272 11958
775,2049 3054
9477,1705 13254
2355,392 6405
1431,409 2513
76,83 12155
1108,8451 9491
45,3605 3849
5228,510 12741
2310,3919 8126
564,2275 6772
335,596 3788
397,97 11525
2907,409 3872
290,446 992
906,45 12589
7962,472 12852
1527,300 11260
314,1597 8681
2396,280 13397
727,927 1941
288,121 546
342,1972 10728
1185,1637 2761
12470,8997 13477
6667,393 10450
273,401 16182
797,99 1629
316,673 9830
5087,624 6914
943,304 9271
1980,1352 3453
10028,772 13688
416,54 436
360,273 8743
2356,534 13762
440,4198 4329
925,396 9153
283,2090 14889
86,4974 10102
2479,41 5674
84,1943 13107
1126,104 14570
5260,280 15596
2979,5803 11891
479,1999 8917
2543,644 5313
92,110 4950
1520,758 3386
1400,628 7229
1802,1777 1812
702,457 3115
93,93 9522
3906,2786 11155
2550,1123 15088
80,115 11109
13108,3733 13530
286,9417 15128
39,83 7538
2135,393 13719
324,515 1114
435,314 5681
8011,111 14900
1816,297 7031
2293,272 7460
778,555 2891
282,116 2018
275,595 10071
337,629 14288
115,309 2538
454,285 1576
32,865 12068
672,5929 14950
1419,49 14024
5264,394 13576
342,3077 5611
3666,275 8394
366,4011 5238
2104,392 4348
6620,680 8766
4094,274 8902
365,660 14721
292,101 15754
45,77 6084
966,97 13631
2838,76 5352
414,272 8180
325,5496 13047
80,7234 13492
2306,6304 15464
73,84 1365
2978,1491 10218
281,660 2827
8009,280 13176
429,5491 7428
2731,473 12058
12520,4483 14352
1208,408 15302
301,300 6325
2226,115 12348
1590,1056 5793
41,125 8667
316,1153 11861
271,840 13885
7560,351 12087
1240,121 14299
326,10419 15760
85,329 9453
390,114 1276
112,7699 9293
1848,1129 11768
95,70 7596
698,309 13957
1392,61 3819
268,308 4061
1146,2204 9911
101,371 1171
46,70 11395
114,111 291
1914,482 5696
267,263 609
82,1931 6499
10997,1402 13984
5199,758 10967
2793,393 11026
486,280 6128
32,76 459
271,379 537
112,1100 14708
45,72 7411
3943,2009 16364
258,120 6268
1475,1175 12000
1277,118 7172
2692,1038 6178
6780,600 10660
40,2163 12120
92,5474 13122
1043,595 5975
383,2541 7175
6430,1566 8656
80,10754 14654
1786,1846 9643
682,1611 15595
2802,4368 15837
257,415 10898
305,1381 9933
1296,983 12326
259,546 3210
4015,3109 5960
264,304 3614
47,83 8425
1608,412 4547
110,346 7970
959,1760 3427
69,490 14971
11098,11098 13495
1573,280 13888
122,121 6392
4002,7878 15508
112,518 7623
6611,347 15870
294,388 1857
328,82 9857
291,670 4957
537,483 7873
911,32 9687
9477,373 16269
4578,3150 6309
4663,272 8334
97,457 932
271,430 7879
703,264 2492
399,677 4843
342,6394 7278
386,3441 9607
671,5464 12627
1689,1242 10639
334,284 14415
102,102 533
95,1721 7515
5332,11747 12395
4116,350 8911
2180,5151 11180
791,3593 14378
1627,601 9564
2016,401 15536
102,108 11293
348,152 12533
398,774 12833
319,68 4240
65,355 16096
1119,111 10143
45,1312 5266
6498,8446 9909
605,353 10722
6164,275 11532
5265,543 11580
676,3408 9373
911,13 12225
119,110 474
32,89 762
3836,320 14897
1795,1057 15289
1730,596 10346
2496,3540 10600
93,502 5581
303,4861 5617
933,802 3506
48,57 5114
5063,412 14329
2605,1180 14555
1805,79 14821
1141,441 6261
483,108 9488
280,115 3126
101,120 1036
878,1889 8772
7172,2792 11758
4476,12209 13098
2031,1731 14218
1226,547 11926
8308,656 15021
470,2456 4585
111,261 425
290,519 1555
1155,99 8081
2415,353 7307
7555,97 10540
32,123 417
4675,277 11112
698,585 942
2082,347 6227
676,1321 2527
477,357 4227
53,57 6027
6470,284 9141
465,77 8517
290,9881 11129
98,274 1229
294,473 7310
3679,285 5920
391,69 12519
11948,1718 15249
3308,12194 13291
617,324 3139
688,259 3591
65,115 5322
7048,689 11017
398,296 11716
376,263 11862
8183,275 13357
100,105 14536
407,121 12971
4067,524 14001
638,5650 8291
1127,110 5817
330,409 2193
1025,7427 15706
306,1294 4326
40,1364 4836
72,449 4864
2544,351 5420
3011,2049 11352
294,666 13482
10325,1235 14133
2833,299 7810
3481,401 10667
268,392 2180
380,4975 8666
208,181 11103
41,45 4894
435,497 13724
101,345 1838
328,118 5004
1810,289 11472
966,115 11050
1076,758 7072
3826,408 8966
268,7092 13174
869,720 3659
298,304 1583
333,114 1975
6039,3361 7121
257,2976 8931
1510,285 10226
749,749 2424
340,263 13872
259,492 7996
257,8612 11088
309,285 10575
5679,77 6752
12678,3478 15658
4070,2244 11776
774,263 4342
1587,1002 9617
3240,1568 3888
62,61 13434
91,548 13651
3511,321 9520
895,351 10188
3332,546 7049
95,92 8580
58,1962 14032
671,2519 4973
123,116 13784
278,691 8551
360,261 2877
525,115 2499
257,2556 6710
103,300 15969
2877,4666 10718
4577,907 6170
447,525 7337
4127,499 11827
279,773 884
792,1780 2064
268,455 9424
319,450 1632
741,11566 12227
762,309 8188
112,267 6031
462,559 13971
2928,1877 15917
1642,116 2084
322,680 2460
35,58 16193
462,488 5834
912,54 5905
3932,680 14599
282,110 2306
328,86 5457
291,888 5684
304,425 11661
2979,454 13409
289,115 876
2846,263 5152
3820,115 6048
1003,3670 12182
1151,7546 8396
125,7476 14265
270,100 8183
3738,1021 9340
283,800 14474
1649,11149 13016
480,5894 12392
407,575 14852
1943,5784 15853
914,847 9568
2607,115 9827
326,1867 6770
45,274 13253
5957,353 13832
266,261 786
71,1338 14148
530,97 10643
6863,805 7706
316,3318 14241
67,1571 2022
5468,9060 15371
45,3014 3068
308,288 2136
449,370 9571
759,3319 10027
1862,264 13792
410,104 10871
360,105 15163
3659,427 12686
76,1636 10431
357,909 6932
1126,8860 10288
32,116 257
270,3183 15056
257,1977 2880
1419,56 10664
1347,115 4418
98,472 14497
301,273 3396
4249,285 15210
1196,322 14781
1207,400 1704
316,530 2170
8559,274 12555
82,408 15690
105,291 10480
286,626 5062
10912,8044 12672
1156,1136 3260
9285,8023 12062
3672,394 13664
411,120 1191
1385,644 4910
5671,3221 11189
4705,1485 10656
290,322 4546
409,709 11700
2657,2657 3430
1296,347 8381
913,10134 13470
1506,115 6484
283,3210 10122
492,104 10261
117,392 11286
9381,285 10690
326,2934 15567
276,388 7050
328,116 1750
9542,482 14656
316,4021 6706
93,123 10594
648,121 5221
114,390 2646
1965,450 5536
348,147 2951
1944,263 4210
9647,499 12961
274,103 16103
1443,276 3668
13949,1157 14908
67,379 6078
326,2971 11275
278,369 2303
271,331 13733
6469,285 12629
73,65 7488
79,5400 8851
943,1831 6668
4290,121 12566
6654,636 16080
9,10179 13705
70,677 14295
1770,691 15288
101,108 361
697,7852 16101
303,4762 14892
547,993 1678
46,80 5077
45,71 7978
1085,3599 6509
4156,1259 13767
443,297 5621
402,11082 13841
69,4203 5481
7527,115 15875
762,296 1404
7504,8046 8189
6749,504 16115
66,2229 16257
821,440 1557
365,272 13428
576,84 1628
5619,272 14857
63,34 9803
3699,840 13703
283,543 10429
2199,1592 8850
67,314 8207
95,1364 16146
99,1665 10456
407,260 5369
268,109 1069
95,5700 12657
5125,280 8875
278,492 1623
1730,109 5934
3005,5152 12726
2422,1229 3107
777,412 14022
314,1254 5695
3051,4594 14809
105,263 1955
971,2275 16102
497,2417 7359
3169,275 13147
1578,744 2999
1069,486 1421
32,259 286
268,584 2615
374,272 3283
429,92 6161
3721,524 10904
4526,4526 9602
123,112 11790
6908,321 15250
40,642 7109
1770,389 11121
12959,594 15144
3833,1186 16068
357,274 13542
3377,115 11182
276,122 7006
809,3215 15313
330,269 12474
362,596 8283
407,424 4117
47,13 8194
292,5044 16293
748,432 7640
1527,7016 8031
3601,6887 15328
306,311 10053
2169,2575 4456
913,4666 10366
4769,973 12844
46,78 14015
316,482 1615
271,853 2570
607,1879 7018
45,70 6529
1870,103 1901
407,1089 6445
5166,280 12766
32,424 2762
318,121 8711
573,1524 10094
1608,2792 4980
481,977 12017
283,1906 2132
103,103 1416
271,721 9042
271,5684 7562
277,104 804
270,11855 13146
278,805 16172
407,308 10148
84,84 9927
2712,14493 14960
3968,1825 4771
3311,299 5884
4377,13 8122
6817,361 15592
105,361 1298
41,92 5344
101,107 12146
5290,9377 12567
657,949 4736
2941,115 8317
1646,1176 7346
1107,628 6471
10935,1322 15494
459,331 7448
1502,320 6300
476,347 3133
418,3207 6296
6031,633 9219
350,321 1567
298,2085 5211
99,102 12270
70,486 11822
67,65 6590
11308,274 15460
100,117 443
2208,101 9666
76,111 10926
40,110 5019
318,439 2058
365,826 4873
272,277 9658
319,82 16258
878,431 3612
5634,67 5904
4243,109 10923
119,660 14863
3224,280 6943
869,3555 4538
3096,1041 6582
45,1472 4968
5694,499 14210
2122,3772 15999
356,273 10295
94,110 9995
1194,2810 3168
1235,705 4354
340,914 1752
1214,324 4758
101,2797 13669
337,267 13212
462,4278 5716
398,309 4050
445,82 3552
275,366 6119
258,368 564
8209,97 10150
1841,115 3475
95,99 2356
429,44 11864
12013,388 14459
2969,285 12802
78,1382 13712
290,425 634
337,269 818
104,655 1677
5179,701 13975
798,1037 9482
9318,274 14790
352,539 10100
340,1491 7870
459,482 8113
8141,2446 15562
9095,916 10044
466,54 3091
391,4509 8563
4031,6870 13018
115,119 1624
540,320 9598
2259,825 14101
318,1571 3585
1226,3909 15839
810,259 6874
6878,2204 12518
208,190 9976
316,2780 16095
356,6088 6564
411,1083 5779
257,260 266
2534,320 8548
2515,422 11882
11222,4785 14613
125,1562 5533
114,441 3654
45,657 10582
322,105 1332
465,800 5076
101,2556 13133
318,542 1509
851,264 8558
2435,1106 11464
728,396 9639
330,501 6742
40,42 4847
271,97 8890
302,371 3806
2743,115 5917
97,312 1423
421,525 1580
1108,2101 10000
261,274 10901
338,97 11659
569,3149 5026
109,97 956
121,401 3881
2680,2731 5576
47,109 5644
298,3742 6686
926,289 10706
570,1161 11411
372,1322 5301
2865,115 12133
1505,11245 14812
8342,4851 11831
275,868 6201
8752,590 15025
7175,9413 13189
1682,4270 10701
99,111 3340
569,273 1581
2013,2013 13410
80,6993 12738
308,2128 8105
333,791 14252
422,260 4662
67,1096 12678
3001,7360 8750
1996,1345 8956
2281,1322 10785
314,1477 6477
263,284 15786
340,364 4767
84,2453 3705
5476,6230 10034
356,301 14058
651,115 4793
360,691 4289
6298,6421 6894
3959,758 5805
45,275 8633
316,1471 8975
923,499 11921
4855,280 14202
1866,11096 13737
102,97 14760
459,2347 15642
282,8037 15834
6702,347 12554
1625,2257 12860
2183,115 11394
298,2020 3629
650,644 2391
290,421 9796
283,4884 15380
1624,582 15966
261,108 2702
5555,11272 14269
340,1230 8979
1463,280 3977
306,6868 10198
2486,97 14119
283,4752 6184
264,289 6373
873,259 4956
4013,5349 7916
72,1192 16055
1591,54 15500
1067,104 12976
290,5722 8245
697,1057 9893
91,1368 7101
280,280 15330
573,350 5760
3601,4851 14074
1133,280 8263
1608,277 8752
4716,1053 7671
318,1029 15451
5515,322 7560
1552,501 6990
461,388 4023
108,614 8335
306,10529 11602
1074,9614 15585
2235,115 7733
5269,876 8687
564,2590 9852
297,116 2153
598,1051 7174
1764,285 13117
396,263 585
3029,70 11357
314,105 11456
652,272 2575
9201,289 15120
1676,263 10446
41,3697 12595
3440,115 12873
3100,6683 7549
864,124 2783
4839,112 8358
713,388 11942
3284,263 6177
1149,1895 5357
971,492 2697
290,7788 8559
279,3332 15635
1536,111 8010
630,1442 12504
111,314 611
4143,501 7832
350,102 5082
2496,3644 13548
408,284 4421
4393,1617 9174
7711,115 11347
407,277 7504
4061,680 11479
340,100 3761
407,677 8456
7730,3481 12869
4127,321 12598
107,297 7508
1623,1530 3187
123,82 9481
1011,3536 6736
1965,272 4383
604,320 4701
112,1873 8117
688,863 11354
2350,4976 14132
41,1679 14270
1975,273 14596
40,3382 13067
418,275 11356
106,9545 12569
649,1877 3521
380,592 664
8729,330 9337
318,65 11412
46,930 5516
385,11348 12781
267,275 1163
353,115 628
1639,582 7645
294,393 10650
278,497 1547
799,1254 4266
95,1036 15357
462,1377 3185
7324,734 15104
577,351 1748
75,2212 10247
3500,473 4827
117,295 6585
258,2763 2858
795,115 4001
67,8824 15678
116,272 1040
105,334 5081
266,10484 11666
2852,473 10104
577,2511 11535
361,329 5854
462,2271 4856
682,300 7811
971,1924 6550
1645,119 9327
301,272 2184
526,108 7374
580,1109 12157
327,113 14832
306,486 13539
2385,2545 2793
45,1111 9052
286,336 12411
326,433 10814
310,9720 11871
72,68 10946
5095,3345 8087
9870,1100 13345
603,12524 15924
365,439 6387
478,1272 2969
91,944 2202
1431,1871 6244
290,121 1427
1492,3850 6293
573,460 10056
841,83 1985
10590,5328 16045
399,339 6884
1560,2024 10843
653,820 10717
919,2085 11513
100,116 10786
1790,69 15434
105,273 916
816,280 8971
1159,401 1636
4053,1106 11002
114,115 2908
118,273 4523
4521,285 9343
399,346 16016
85,78 6444
271,419 7730
2433,272 4658
294,299 7170
4676,4676 9585
328,1233 11011
12426,604 15651
125,120 15714
316,97 3301
4509,269 8002
258,304 3708
294,3212 6390
1730,3419 11341
303,6449 10834
117,531 8193
1045,309 11838
296,336 16294
603,2131 9784
792,276 7381
747,322 1031
2469,320 5053
549,9354 14102
5859,112 10174
426,1512 9078
1127,320 2160
117,366 4313
3966,297 5967
2613,2613 4808
459,1838 10605
101,388 11055
351,320 3173
569,2971 16114
447,288 6821
3894,121 5692
119,362 4959
337,288 8835
1928,1211 8221
333,1438 12982
2819,355 7078
116,5152 12217
3292,51 16224
4431,280 15752
118,525 11436
340,1580 2004
962,1070 4008
68,870 10784
116,3654 6047
5207,102 15473
300,277 12614
110,820 14376
326,308 8785
65,65 7993
105,102 352
398,288 11298
108,280 1322
110,274 2805
9315,409 14615
641,2297 2611
1557,280 3853
1434,2923 9403
7856,1459 15688
2474,289 12349
6562,321 15672
900,7425 9646
1625,5143 10182
1037,1704 15071
1713,9304 13915
714,415 10914
752,56 12305
787,689 5739
291,99 12981
1005,285 13361
3376,2593 14077
1372,352 11270
292,5562 7910
540,321 8973
4531,6198 6615
946,1851 8290
549,13723 14968
5046,1794 15493
8332,291 15689
9,3562 4642
684,285 1738
402,820 15409
109,1442 14554
275,100 684
1689,3652 4424
85,83 1504
1228,6945 13222
2223,555 10586
286,613 951
418,3069 14578
1227,117 9478
69,100 12084
1279,2463 10515
195,164 13316
6486,501 11437
40,88 10938
530,673 13698
459,7154 8732
110,384 1271
2697,276 4802
97,2745 16111
382,488 521
318,582 4536
1893,111 9129
104,449 7119
6753,9958 12878
294,97 14841
1079,2037 14637
465,2519 5367
5182,628 15049
95,2015 10725
391,105 5652
267,272 624
1458,285 6866
99,486 7949
109,299 353
1673,115 7669
707,58 15679
1164,103 7401
398,847 2849
9251,67 11929
3389,264 11728
435,5280 6761
2001,408 2814
6282,1803 12081
1364,115 10463
347,284 2140
838,102 2385
2303,409 3044
114,7956 15785
426,3362 15771
105,457 3985
268,110 4287
85,68 10096
2161,280 10879
109,263 882
1112,276 3206
809,4035 5903
1025,118 5993
746,861 10550
3686,779 5308
10376,121 14106
266,1846 9894
1589,1819 9934
816,12233 15278
1739,794 10133
328,366 7588
356,274 1379
1450,1227 2458
283,1097 14127
73,116 2144
1415,936 5728
111,115 492
312,1976 15072
308,321 9971
271,582 1360
5572,3268 8324
3609,1371 5735
618,357 5431
294,12619 14151
1306,1139 5488
116,1800 8530
309,97 4171
4685,594 5156
272,2145 11247
46,82 7123
325,269 13549
1610,312 5326
479,288 1275
46,67 5093
349,1573 3709
4800,510 10961
1503,285 8366
2190,2562 6076
3936,4785 10265
3256,1681 10509
51,1178 9544
87,104 3298
5818,499 8389
3203,1464 10181
349,1601 4232
9261,492 12643
13027,96 13405
2455,117 8927
301,269 1732
3320,501 5331
2005,1053 11393
547,324 1698
288,114 3702
8331,8331 14645
537,8353 16052
2218,13734 15704
281,1286 14552
316,280 4109
32,1574 3306
3936,2786 10064
493,1554 12718
119,684 4338
3810,673 5436
83,605 9033
674,392 9202
487,148 2274
97,498 2559
1137,107 6399
2174,285 9511
2093,263 3616
301,2330 15225
2767,285 11784
4296,1731 15674
1577,1021 3048
2997,2324 7007
437,1382 2589
114,524 6994
2280,320 11336
5694,699 10083
308,297 4159
108,300 14286
508,774 6219
1559,10036 12338
929,5185 10518
361,384 10548
388,289 3361
5124,6504 9067
6419,350 11225
1813,5123 8765
9991,285 12080
303,119 3808
350,108 1424
740,1291 1789
368,280 2745
673,285 10465
584,285 4485
1864,454 4870
620,275 9382
842,2265 14731
268,605 1084
508,2559 13597
603,3435 6146
900,269 12659
1785,1327 1981
281,677 4033
2409,122 14057
517,517 789
445,8925 9263
32,315 1341
346,280 3533
618,299 5543
32,308 9926
559,111 10306
2174,280 4604
1621,331 7194
2310,269 5846
271,555 7256
93,58 9730
3871,269 15694
1811,896 15665
111,457 6412
99,1351 2099
313,329 736
107,285 636
482,97 16173
973,1211 15309
607,1496 1810
4206,525 5214
971,1471 3302
2288,280 15609
411,401 8630
326,119 4277
283,1162 9161
1395,1258 9885
54,55 6166
799,3772 6835
302,2370 4725
6682,304 8435
95,109 4818
1026,38 2283
2837,1310 5487
483,116 8814
283,1012 3182
763,98 4773
2955,9101 9661
3578,4447 8995
372,1895 10884
755,371 7753
2816,1111 7962
2017,1597 7536
558,868 8620
279,352 7063
365,422 6815
290,374 843
3556,624 9787
377,10961 11638
110,331 2985
925,259 3188
277,284 1136
6303,394 11904
104,414 12461
8008,1163 13567
8435,274 13856
209,129 14442
1369,275 12548
2934,10635 11020
1062,666 4710
741,1171 10424
1632,1036 11642
398,65 9185
878,782 5262
271,497 6667
45,78 11069
725,1157 12200
259,309 9912
260,345 4727
5645,280 14176
340,1486 6738
1087,336 1940
480,339 5022
4048,501 5425
753,1063 1896
3805,5373 6567
6663,525 8745
294,595 2579
2384,3324 4125
45,1363 12682
70,705 14147
1868,280 8077
2754,309 8211
3448,272 15692
45,3435 15977
422,107 693
7896,473 14391
1385,285 9040
343,272 4634
84,69 764
283,334 9294
6113,115 15176
346,115 5362
114,322 7950
2211,5212 15757
67,274 7392
6552,3258 15845
2368,750 7912
298,371 3941
6781,533 9870
3106,473 4638
40,112 5071
422,394 10570
1874,2138 11246
3747,272 12246
2846,280 8621
316,621 1208
505,109 1907
9157,491 15166
3265,562 16150
327,121 1856
278,1192 3677
1005,115 13162
2494,1854 3244
102,116 828
2199,639 13882
399,1755 10676
55,51 8111
843,2271 5676
304,288 15782
82,2081 10917
122,689 12199
1421,263 4406
125,754 6361
4123,3536 9917
2198,285 9952
71,101 14373
410,1045 8649
2417,100 12694
297,288 3365
305,868 1954
391,3566 6042
3696,351 15625
336,833 2416
480,415 6358
2408,1214 11551
3776,4885 14743
2436,101 11594
4164,148 9955
257,114 480
110,2931 12050
304,560 3534
523,10962 12787
382,957 16222
4508,820 13201
279,682 9777
465,551 10697
914,275 7824
299,105 14560
268,699 2866
268,751 14120
9574,10019 15772
1236,145 13476
3563,115 12134
1616,115 3995
2121,439 7642
1979,280 6712
105,114 357
4795,353 12462
271,562 6277
8957,644 15902
1107,98 2031
102,347 6005
279,3980 6455
1478,1478 1797
4244,280 8899
314,418 16185
5327,115 12639
728,101 4751
279,101 899
83,997 11723
3726,721 14805
108,8965 14868
8374,189 8466
829,11113 13608
3095,2379 9455
872,285 3472
4920,628 15256
6060,605 15213
4743,1038 6977
80,611 3958
507,497 12965
108,346 2922
4894,91 15024
266,590 3622
45,421 8487
1944,280 11166
1190,341 3364
388,957 8655
45,100 2178
302,2257 10109
333,6105 11775
291,1464 11978
6843,297 16205
2833,280 10822
967,1198 7178
3095,1554 11495
544,830 2103
1394,285 3293
1185,529 3279
117,97 8325
314,115 11587
945,6997 9845
465,4128 12845
5433,103 15286
6752,5558 6801
465,291 15408
96,13 8467
288,336 1007
2239,412 3609
919,669 6366
5670,432 14336
638,3115 8614
103,105 1785
337,272 10924
3192,115 8319
271,299 1189
302,267 4038
6331,297 9748
269,6381 13063
1543,660 10767
120,121 2100
1965,109 14154
1240,100 12059
68,70 6877
337,104 1660
65,108 3505
4071,115 9715
313,692 740
2547,867 6844
1546,1312 4645
290,1245 4630
1314,1613 2025
3285,263 8871
2753,364 7800
2175,2758 4026
278,1856 9809
1310,284 3332
763,515 7162
5900,3830 11314
632,987 1146
435,277 4089
7533,264 14447
1543,1012 12095
4477,1734 14963
1128,105 3337
5711,427 6722
2730,690 6984
5918,546 14053
3983,956 10438
679,297 6252
391,67 8594
122,3094 13382
9962,520 13446
39,40 13783
937,110 14231
674,506 13097
112,401 13378
278,454 3065
1720,322 4083
1773,1491 7729
7330,274 9433
7609,3851 11732
470,118 14401
415,116 14876
670,336 13103
5011,1634 13845
318,793 2496
2974,482 4611
81,76 7530
4589,427 15818
4381,482 5861
1504,65 8349
1914,1179 4906
2350,561 5067
2130,284 4661
1759,6532 7459
116,497 8298
32,66 391
6625,108 8079
9036,2971 11905
268,1924 12601
261,101 659
45,4512 9483
103,121 4516
352,393 5365
308,276 5821
45,9650 13590
1897,115 3204
6934,4553 10386
880,511 4496
5671,1002 13358
257,582 13024
77,364 16109
345,280 13700
356,455 7887
1772,4239 9410
326,8736 11132
326,105 15099
100,595 9680
13226,6045 15277
294,530 3795
4054,394 8154
