878,102 4603
46,112 4370
123,13 6264
1589,1681 3450
1309,115 4064
296,115 604
2046,280 5995
1370,3161 6998
618,259 7801
2824,285 6234
675,353 7102
261,363 6030
76,390 5018
271,562 6277
96,46 3976
946,454 4191
7020,889 7480
465,6087 7557
3676,105 7064
2482,115 7913
627,280 3205
337,702 1736
2860,394 5395
268,606 815
108,1636 2889
1993,927 4147
348,156 7655
651,115 4793
76,79 3116
998,110 3383
729,732 4221
536,490 1409
654,115 2400
264,320 6406
550,766 4560
99,1618 4218
278,274 7336
772,353 4372
2547,867 6844
792,823 5811
2710,823 6190
328,714 2149
373,115 1705
5626,1865 6621
447,288 6822
899,940 2853
728,347 6961
3332,546 7050
682,275 4359
356,907 1336
294,2900 6215
437,551 5291
4206,525 5214
271,2499 7213
657,669 7453
326,796 2978
77,280 7721
99,273 5457
954,347 3725
854,397 1444
119,259 8136
77,77 1354
338,355 2245
51,53 2869
45,109 2785
1145,299 2939
2656,2128 7938
294,1726 5030
1916,2601 3651
78,111 4922
1690,499 5752
398,69 3093
298,758 3028
2629,320 5879
456,524 5275
108,110 2329
673,427 3358
607,1809 7684
1944,2366 5455
39,116 1316
46,87 4182
302,902 1212
572,1831 2331
667,927 2289
4879,322 6279
32,93 6314
340,1846 6126
281,260 536
461,1976 5928
945,312 7257
445,107 7114
268,267 4093
281,2088 3583
283,4237 5453
86,1528 7704
695,633 6708
111,272 4255
110,101 839
480,442 649
652,272 2575
1590,1056 5795
349,98 2503
268,422 7324
47,275 4606
2355,117 4970
258,330 1126
271,1665 2355
547,324 1698
1418,353 1517
376,2002 3627
288,285 2561
268,760 4356
1915,274 6629
1350,108 1673
1448,515 3119
360,2301 4832
1036,112 6464
268,673 2868
753,1063 1896
302,371 3806
410,870 8005
102,347 6005
2770,105 8013
563,291 1776
799,1227 5830
317,115 1570
1795,329 2426
810,259 6874
826,284 1598
283,611 2152
279,297 6733
479,103 2182
2725,84 3233
1207,1390 4880
300,112 7937
283,297 7417
872,280 2678
378,378 517
327,119 1845
389,101 5319
445,533 4475
356,706 836
45,3574 6045
328,84 8132
291,888 5684
288,121 546
99,2184 6636
391,928 5890
762,296 1404
80,114 2167
413,1390 2843
729,601 4331
4216,1203 5962
325,263 7129
283,3344 5668
290,334 2618
1011,1838 3092
380,592 664
1954,116 3581
458,4853 5289
99,890 3531
123,120 7660
865,865 1768
445,82 3553
2520,3789 6295
276,272 2966
32,194 3021
1813,345 3132
283,424 7225
32,276 376
1291,285 3171
316,111 1121
6929,6536 7143
2922,98 7383
113,117 363
751,370 6994
53,51 7451
801,393 3677
77,73 4939
359,1680 7271
116,501 6887
398,841 5634
1154,3786 6888
271,595 6683
1965,272 4383
2838,76 5352
283,3949 5767
5712,427 6722
263,2097 5055
45,665 3950
73,84 1365
306,525 2247
41,532 2490
258,112 7552
114,277 7385
414,284 3492
279,3023 3213
271,275 1395
342,1141 7135
278,111 713
1095,115 3898
340,114 4307
889,1233 1771
1208,263 3638
1369,656 7987
2529,314 4985
276,336 2787
298,118 3758
450,263 692
565,636 2546
100,101 511
102,263 588
97,120 1330
410,796 3397
270,646 1001
40,116 3010
303,3654 7846
1121,345 5386
279,4749 7629
862,285 2330
1074,1827 2629
762,272 7424
328,1190 2970
763,3036 5504
1313,115 5798
374,393 5011
3256,833 6754
421,115 2171
437,1806 7107
108,111 418
101,119 420
377,1114 3612
5012,758 7329
278,338 7798
388,112 4292
1794,2528 2914
479,288 1275
633,115 1637
226,150 535
122,285 4851
625,901 6953
1537,115 6489
1536,111 8009
948,274 3246
258,118 1164
3067,1851 5579
257,793 8084
914,409 5374
328,77 6957
97,515 2035
109,501 2278
1549,1927 2179
84,65 5106
998,1245 5422
319,78 2666
111,1094 5194
85,110 2754
2588,272 7746
923,263 1551
322,285 5686
328,1450 5756
4382,482 5863
2997,2324 7007
310,420 667
363,277 2246
896,336 4357
311,115 3250
695,259 4113
1369,628 4558
277,116 390
377,116 1074
1506,115 6483
763,1817 2175
65,82 780
50,57 2407
2788,115 5424
119,119 2449
2467,1187 7850
1739,525 5743
50,50 2011
316,980 2001
271,525 3676
105,374 1496
2408,285 5004
308,264 7930
32,3392 8086
97,105 3406
659,353 2333
3616,275 4122
84,69 764
67,2325 7430
849,110 1374
676,274 5178
333,1338 1844
270,311 908
102,275 2550
869,275 3209
1394,285 3293
1210,115 7091
47,98 5124
290,4354 6632
109,98 1132
319,66 8157
32,121 359
2658,1705 3007
3119,1995 3261
462,4278 5714
3798,284 4508
462,1819 6056
318,506 552
414,104 2024
290,361 6680
919,2222 4275
281,288 2209
32,80 360
360,274 6476
3681,1116 5589
2847,3499 6284
286,947 1446
107,272 2055
87,362 4004
343,1266 3468
283,357 2992
309,595 7669
511,120 5942
278,331 5282
693,472 7699
959,1760 3427
278,1004 1590
333,261 1645
101,114 263
260,114 373
2082,263 2669
537,297 1217
759,5192 7244
526,1034 7717
3793,520 6131
962,1070 4008
344,329 1490
1837,110 5281
103,263 4136
2819,355 7079
564,2275 6772
974,274 7748
114,463 756
698,314 1588
1444,701 2295
349,1889 3819
279,1294 3690
105,680 1221
257,1330 3090
654,121 2739
411,2311 2478
329,99 4155
45,65 4548
81,76 7530
105,122 514
3724,115 4464
327,355 2714
5515,322 7560
283,372 4030
911,757 4835
440,115 2518
301,273 3396
1192,115 5996
1236,163 7785
94,123 1679
2175,280 7727
418,112 7964
32,119 281
2076,4141 6369
623,299 1015
1074,299 5726
356,1310 6008
306,655 1667
95,83 4205
673,394 4187
410,280 4432
582,370 3779
547,993 1678
287,5158 5397
2103,392 4348
53,53 4146
84,825 5762
117,263 7768
259,272 1028
257,2606 4727
257,932 1575
753,35 2621
461,1141 4892
299,280 7355
1800,1684 2567
1410,259 3112
1892,909 5510
117,110 338
1217,670 2469
1417,289 6107
407,72 1805
91,1368 7100
283,744 1223
68,65 4083
289,415 3670
1730,272 5307
114,432 2447
775,2049 3054
435,314 5681
279,3981 6454
2173,100 2682
638,823 3294
465,309 4087
1126,1584 2250
40,115 3249
290,288 2509
873,259 4956
125,41 4451
77,259 5318
422,280 3345
270,368 2117
1092,1105 4622
1611,312 5326
326,119 4277
289,107 1230
111,374 677
829,3779 6633
461,269 3312
445,371 4000
445,3635 5536
537,760 7862
116,111 665
328,116 1750
104,275 1584
1264,3325 4813
1892,1041 7621
117,353 1961
68,67 5855
1547,4335 6342
365,1007 2769
268,280 8018
325,408 3489
1121,442 3290
46,83 1821
544,3534 4778
1149,115 3104
342,6394 7278
50,49 1393
114,522 1772
1723,61 2032
279,427 2506
365,267 3728
4566,269 6068
1589,427 3355
514,101 1002
73,80 2354
278,611 3469
117,332 1622
346,272 1939
3437,115 6821
291,716 7935
268,121 641
279,522 5155
368,2437 2528
657,1319 2197
3862,1102 6648
437,3428 3526
391,114 4161
407,609 4552
2237,1584 5577
276,101 699
68,82 7396
66,406 7814
377,1263 3012
1277,400 4842
67,1571 2022
314,530 785
380,116 6584
1428,2906 6054
279,338 428
281,805 2825
99,111 3341
1073,3815 7423
2834,299 7810
946,1382 7362
32,47 645
2166,454 4412
80,1524 6328
462,1109 6595
1687,1697 1700
1944,347 7147
40,82 4908
69,1948 7206
49,51 1591
361,1028 4838
281,275 565
304,421 1291
112,297 772
2497,1824 4795
1396,793 2293
671,957 4721
80,611 3957
676,1321 2527
2753,1684 4405
121,99 2281
318,1847 2584
105,392 1442
3873,97 7410
116,264 1710
616,1757 4137
95,44 7223
1714,630 7470
854,115 7701
323,34 1104
290,2440 3203
1722,624 8186
5893,116 7439
1520,1398 2411
577,460 2980
314,1477 6477
679,308 3746
268,3322 3886
298,1321 7126
55,51 8109
119,559 3325
429,3830 5900
2537,272 7373
2225,347 7593
763,112 5468
1191,1032 6152
538,2548 8146
357,99 1665
365,932 6319
268,585 3181
399,1929 2916
2852,351 4484
398,364 4535
1150,1171 1861
770,299 3166
4122,3253 5117
120,121 2100
117,668 4112
261,295 2418
333,288 6696
111,100 374
746,321 2781
296,354 439
346,888 6388
549,104 4228
2802,488 4930
112,273 7694
39,44 824
97,109 346
1078,280 4683
32,226 3276
408,289 3653
874,108 4156
895,473 6931
270,3661 5539
349,116 1885
32,605 6381
65,332 5749
328,1232 6718
916,97 7151
733,285 1255
836,115 6385
2272,101 6224
543,285 2328
271,555 7256
279,677 1357
481,6243 7194
340,1045 1945
279,528 6922
1058,1599 1619
623,2460 3682
365,1036 4387
796,856 4052
1797,1797 3423
569,334 7254
322,100 2632
3966,297 5967
45,1634 7949
7383,4399 7415
544,830 2104
32,39 567
278,562 2476
413,497 4716
259,101 482
65,450 5329
282,274 1653
100,269 7104
80,3594 7633
960,5659 6652
465,677 7038
310,309 2896
258,1479 4293
308,288 2136
2058,121 3759
1914,482 5696
382,488 521
725,1352 1905
724,814 2549
294,267 3087
258,368 564
2364,690 3478
554,272 6138
2609,280 7061
398,272 2847
602,2510 3560
97,431 4162
399,275 1072
346,299 4902
1295,394 1780
654,280 2863
2029,115 4935
296,464 575
1717,351 5826
327,112 2232
1497,604 6492
894,473 1968
279,388 4131
99,107 601
1151,562 5065
934,5628 7854
459,421 6980
32,13 438
2843,1276 5936
1518,259 6072
125,1375 8033
261,110 896
477,368 2310
984,353 2414
2730,288 6354
93,41 4681
279,3033 5825
271,260 935
316,267 4757
114,389 6163
298,259 6917
2056,272 4170
271,379 537
1229,977 3316
459,455 5261
1132,314 1566
1210,2705 3496
1712,1539 2612
273,272 7391
391,693 7899
281,101 508
2306,5612 7224
730,299 7980
693,280 5732
4907,1179 7523
308,394 765
873,3516 4583
290,640 4252
289,351 5827
296,910 7137
635,115 5475
328,330 3575
78,2931 7884
39,39 5646
111,261 425
1914,1824 3127
874,1652 3239
271,734 8071
879,115 3259
550,1592 1728
4050,5260 6329
570,46 1574
1185,1637 2761
971,1471 3303
277,1051 6451
475,431 2638
45,937 6003
447,430 2425
742,561 6438
290,1494 2073
53,57 6027
99,280 1123
390,876 3272
422,890 3742
290,957 6225
95,6623 7242
437,4329 7606
294,280 4762
751,1135 2196
109,557 1293
115,111 592
318,1274 1691
67,111 7473
101,272 2758
290,364 776
302,288 1127
316,390 1828
271,2574 4306
459,684 8104
278,1959 5121
260,115 1051
759,2333 3952
67,486 4085
729,334 4561
84,104 2648
1467,431 7303
268,264 5963
365,308 6720
97,107 774
98,263 557
257,406 2609
3771,2934 3911
306,545 7048
112,440 1525
2243,1530 5226
277,264 3018
46,110 5860
493,272 4839
115,99 1464
112,116 515
291,732 1017
1174,112 6169
102,500 1767
461,990 2852
2912,910 3689
292,111 1708
68,576 4886
122,97 6382
386,4264 5429
3721,473 7605
300,289 3566
3810,673 5436
99,2643 7412
411,2354 8103
842,314 2017
2461,1738 3416
743,743 865
1645,269 3578
1776,1597 7571
286,4858 5974
272,1181 4652
286,511 816
298,652 5094
84,2453 3705
268,1542 4860
2731,690 6985
296,108 7638
305,4671 6275
271,267 3265
110,280 3840
481,2961 6989
268,1153 1439
657,100 1631
302,121 2433
424,115 2090
32,68 398
4030,121 5298
274,102 2256
416,53 3236
106,275 1693
360,518 3769
479,4480 7885
866,860 7832
398,870 2733
398,352 7813
1182,351 1328
414,846 905
702,263 3241
1308,779 5880
70,403 2003
1549,112 4713
1085,734 4899
3686,779 5308
70,67 7851
3776,68 8089
290,2265 5186
4471,351 6963
4296,259 8187
411,109 2710
326,1262 3720
55,55 4384
1926,546 7541
103,259 1855
462,339 7512
1864,273 5908
537,309 2243
57,55 6635
874,2101 7883
316,609 2532
68,101 5599
2853,115 4095
474,263 646
2804,322 6556
258,110 282
365,280 2474
5217,299 6080
121,97 7923
509,336 2974
318,274 1715
85,841 1777
297,635 3322
274,121 4920
829,4498 8152
32,69 411
32,90 1933
398,847 2849
283,276 3824
326,1130 5844
404,114 612
309,722 8131
6212,275 7647
61,92 3697
4985,2077 5551
478,1438 3243
974,321 6650
341,263 2165
411,562 4766
294,4596 5947
310,1143 4363
82,67 1355
851,421 3580
73,109 5656
5613,65 6139
302,118 623
271,3636 7344
342,1114 3076
4012,628 4442
105,101 1214
787,689 5739
573,831 7877
3884,594 4641
32,65 328
537,483 7873
2029,734 6423
4812,768 8063
83,104 3650
309,546 5034
435,1706 5966
543,347 6880
1513,1123 4789
32,277 317
258,503 674
98,553 6173
2672,394 5277
1035,309 3479
569,1966 4798
276,514 3810
3067,454 5521
2293,272 7461
2897,3415 5881
338,99 5895
1165,501 2616
97,312 1423
871,263 3928
1394,263 6642
539,427 4263
4941,4941 7915
359,296 404
653,273 2028
948,321 3675
101,102 870
298,371 3941
310,275 6357
463,1519 6943
1510,1519 2823
763,654 6265
543,280 1988
338,3670 7788
303,595 7898
598,272 977
40,1101 5520
617,993 5597
84,83 5272
435,269 7055
274,320 758
694,111 4296
383,62 1267
476,280 844
728,870 5939
261,608 7217
2176,285 7427
274,530 7166
365,546 4907
257,659 3895
3537,121 6582
316,522 1913
318,104 829
97,295 539
98,274 1229
58,387 1655
279,97 6290
1199,1135 3172
316,325 1443
1546,1312 4645
921,1070 4597
462,2271 4856
1086,1272 5645
337,500 2079
105,473 6482
398,1198 4271
654,1202 6670
355,115 1075
273,101 2075
32,126 7675
382,121 2591
349,1573 3708
273,366 833
445,102 4190
459,3415 7296
481,454 5434
112,115 888
259,321 1672
258,355 2630
3691,1414 6160
101,2528 7663
302,1080 3764
327,109 2462
360,1042 4024
104,331 7997
257,325 4878
32,76 459
3480,409 5132
398,3320 5746
119,1630 4651
3515,604 6473
6350,301 7210
1615,288 4986
268,117 475
270,5134 5699
1900,370 6017
536,261 1019
2466,1399 3405
289,280 6167
1062,321 6383
382,267 970
1460,1430 1606
437,2931 6703
102,545 626
322,97 3902
52,50 5287
300,409 6728
95,103 7563
1458,280 7569
111,110 264
350,321 1567
466,51 3602
461,3456 4434
437,900 6826
431,116 4629
377,112 851
49,52 1440
405,1040 1545
97,98 372
360,311 6899
100,1544 7661
54,50 7973
294,101 402
2004,115 4777
327,828 2643
45,68 6196
328,80 6057
76,331 4175
816,877 1008
568,103 2357
278,492 1623
3012,860 4037
310,264 1465
845,312 5229
121,115 794
296,3807 3973
399,2245 5768
356,424 6413
2659,2914 3034
99,301 6979
1474,117 2269
573,273 2412
1394,347 6891
1557,115 5317
1835,321 7357
65,503 8022
268,1230 8056
3885,1950 8148
1092,553 2203
5802,722 7454
1091,280 7095
4562,804 7009
1365,89 4825
4475,561 6609
115,119 1624
328,450 1779
1611,393 3006
1934,823 3642
58,34 5248
4990,415 6734
316,482 1615
279,403 448
99,274 3434
4580,499 6493
829,289 6592
497,2417 7359
309,121 1135
257,388 1549
1730,280 5058
40,502 4058
32,1441 1782
1128,105 3337
398,682 4879
45,511 6599
32,105 1353
266,109 832
435,419 2938
896,324 6192
305,700 778
1662,116 3944
3923,366 6602
80,83 4875
119,584 6200
484,670 4025
290,390 6661
4242,101 7858
1809,1053 2790
103,97 7347
1629,1351 3798
67,79 2600
110,993 2888
1280,366 6814
2253,2871 3075
278,267 1185
6008,325 7710
50,55 2363
65,100 1207
462,687 5056
78,68 1378
328,76 6807
1458,2329 4380
294,272 797
289,1053 7904
1182,2137 5245
265,438 2448
267,626 4312
268,259 6956
3100,6682 7549
3899,280 7747
1917,347 7790
3598,362 6389
83,112 6544
497,297 881
923,280 1457
306,121 1467
535,146 2657
1676,285 3524
508,1377 4098
398,635 2382
118,285 1597
267,656 2138
4603,384 6212
617,1123 3520
283,350 4371
326,314 2047
429,36 5938
1126,301 2484
1623,1530 3187
1306,1139 5486
1156,1136 3260
1660,2256 5924
326,635 7534
73,450 3333
653,300 1769
1730,370 7059
310,689 7136
497,104 3643
365,374 3626
99,542 4282
392,350 7506
98,611 1101
301,289 6593
333,819 1449
365,264 3954
1356,2083 4483
459,372 7292
913,1877 8135
475,304 4044
598,280 2792
269,280 3919
276,393 701
257,1249 2141
105,114 357
1115,272 4814
783,1641 2721
4578,3150 6306
296,114 547
478,1272 2969
288,109 1294
304,114 7894
1189,263 3912
114,109 2759
1084,820 7179
263,393 3409
1445,285 6812
392,110 3554
5312,2221 6561
370,110 529
390,595 3215
1853,115 3421
116,115 1057
549,499 6239
266,121 647
100,301 3922
577,430 7133
1119,6568 7508
267,409 940
335,1123 8050
484,104 6619
297,1057 7607
277,272 2752
1337,1988 3476
195,169 3956
333,800 1952
682,285 4480
616,276 7776
103,115 4623
286,100 967
2014,5810 7559
461,120 4410
1795,5428 7042
595,515 5097
5850,3590 7673
310,861 3013
523,112 3639
296,110 3327
1305,4413 6575
257,1974 4913
289,101 561
465,791 3251
1733,802 3363
318,394 3680
466,55 2701
1444,394 2857
264,115 793
476,285 994
276,115 823
780,89 5557
308,115 2675
48,57 5112
108,280 1322
267,373 1377
290,301 4300
2269,4421 7065
3159,454 7926
981,654 7318
759,731 8098
695,4924 7260
327,99 1218
866,750 6533
1240,118 6934
618,357 5432
4247,351 7019
303,104 558
323,39 2681
1011,2049 7458
2243,520 5567
103,3509 3604
309,115 814
67,65 6590
1621,483 6765
276,1271 6762
45,92 5783
316,966 1853
114,699 2088
1728,758 5763
3833,431 6836
112,699 5001
829,2961 6347
798,115 4196
728,120 3346
1513,324 2690
2122,6436 7237
2045,320 4134
111,112 497
648,2493 5482
959,499 3300
391,744 5334
3613,909 7728
935,601 1309
329,121 5382
279,2462 5619
5393,421 6924
36,45 8124
576,84 1628
4583,320 7116
264,304 3614
115,272 5428
2259,639 5820
413,400 554
437,111 2344
725,2328 7035
32,64 597
261,115 739
460,100 4509
3793,1637 7636
105,100 322
1391,272 5582
1793,336 3768
1673,115 7671
3280,1670 6313
463,263 4294
4131,957 5744
1403,272 3948
259,295 4495
1077,1077 2195
32,96 599
261,354 969
1003,1093 1367
57,57 3135
101,1075 4903
103,103 1416
2444,115 7981
268,421 6414
934,1818 2353
105,275 1399
3941,1070 5564
2550,324 5813
618,614 1986
1740,1766 2044
65,115 5323
978,2888 5610
111,636 7083
1746,347 6001
298,1138 4670
377,4691 6283
312,418 771
380,2577 2693
288,112 6507
874,261 3508
305,6201 6803
306,4692 5021
4054,394 8154
302,533 2929
722,519 3592
278,101 835
2382,2700 3814
759,3677 6402
3480,1102 8144
278,104 960
537,114 5710
102,419 723
298,1959 4998
100,627 6274
775,412 1359
340,472 5233
117,103 1658
105,111 1162
5207,2329 6129
829,5635 5946
1555,105 5587
32,106 694
318,260 4243
832,3193 3716
109,97 956
39,261 3990
279,3748 4904
734,276 2711
4707,590 5937
1776,312 2415
294,346 2683
2503,2496 4210
684,285 1738
46,930 5516
80,430 6066
356,263 3095
67,68 7437
302,267 4038
459,101 2368
1717,666 3223
1452,301 2019
1235,705 4354
1763,321 8160
1604,275 3321
115,389 3657
349,109 2898
66,2419 5708
391,263 7830
309,370 1906
271,301 1107
445,110 1502
1103,1034 7703
2436,1202 4199
2095,275 4144
1308,285 5797
797,99 1629
2618,275 6230
1349,595 1957
4577,907 6170
333,3050 6669
103,1017 3850
5244,758 7124
676,334 6300
278,97 1820
918,320 6706
345,272 4096
32,114 462
2846,263 5151
762,528 6386
469,100 2446
508,774 6219
4164,145 7024
333,1742 5674
46,2428 7142
274,909 4553
302,490 5922
702,491 5189
4282,338 5870
2010,280 7526
115,1130 8058
694,547 7246
379,446 506
1369,339 5142
120,120 6783
1832,327 6491
746,524 1508
749,749 2424
326,338 5343
869,108 2897
913,112 5976
97,605 5907
349,910 1246
66,553 4877
2858,1254 7490
313,3020 4501
2347,301 7323
268,338 3194
115,113 3313
268,109 1069
45,103 4527
273,97 4280
375,97 1609
480,4760 7371
845,2457 4133
2421,284 5191
111,109 301
1449,285 3818
2697,823 5042
411,108 4057
380,108 625
98,101 2351
291,332 1641
374,272 3283
339,273 6199
279,614 3961
461,101 1137
588,734 4993
755,363 3197
365,640 3576
729,98 5228
40,41 707
65,67 2927
54,53 3145
80,104 6588
3087,3848 4518
45,101 4453
330,2675 6363
268,301 1666
32,424 2762
274,285 4852
103,2114 4637
1149,297 6404
2247,1479 6857
3107,624 7255
297,116 2153
52,49 5816
1212,427 2905
258,304 3709
32,327 873
1191,796 6307
649,520 7334
328,102 2764
709,329 856
69,84 1891
294,687 4564
32,101 302
377,973 2183
783,1114 3032
326,273 4639
428,100 4174
304,430 6843
725,1988 5546
117,114 311
268,3172 4487
318,582 4536
4284,7294 8046
1646,3683 8170
32,264 343
290,660 3440
105,420 706
105,103 339
5976,1491 6813
261,99 2275
41,61 5391
437,420 1287
257,1230 7014
123,100 6510
386,107 2954
2547,3443 5218
1556,284 2296
1056,320 4830
972,280 5779
390,114 1276
1947,373 2477
337,1000 3180
340,728 6655
755,107 8002
40,13 2580
303,114 6484
258,533 2680
1370,115 2768
86,571 3548
1773,409 7590
309,104 862
306,604 4663
1103,299 1763
3709,1097 6898
115,259 5680
1864,1438 7406
34,532 1962
271,655 4393
638,499 7098
413,2937 4682
1632,916 3873
258,5110 5733
5289,1630 6610
433,280 7044
32,104 306
801,285 6253
462,624 3557
424,284 1173
342,3077 5611
3311,299 5884
618,1966 6108
392,557 2931
568,546 3411
32,75 730
32,91 1195
1226,117 2804
494,261 3105
318,261 4471
1583,2487 5698
360,5286 6938
281,419 708
276,820 6832
271,701 5075
292,120 5757
117,525 6586
484,3307 5861
697,1856 4007
4209,627 4512
1835,285 4567
422,644 3388
99,108 1714
5961,5480 7261
632,987 1146
291,670 4957
296,1219 6304
307,438 7539
258,357 1956
392,263 3644
411,1083 5778
1504,347 7895
303,825 2928
46,103 2879
3423,3423 7965
349,782 1686
117,5522 7550
667,1363 7853
968,1384 2147
437,1382 2589
82,73 1559
1722,351 3110
108,285 1895
264,103 621
265,32 471
2303,409 3044
101,110 269
276,3047 3784
109,101 1175
3264,115 7413
322,401 6070
287,102 954
273,103 687
2742,121 3951
68,796 6700
97,414 1269
1165,2676 7576
268,433 696
3738,347 7119
117,341 587
1349,1617 5715
4387,3674 5198
44,587 7240
45,98 1578
2779,320 6645
900,280 7835
1595,2786 5500
462,522 1406
73,1565 2083
857,331 1194
100,291 3718
349,312 6467
290,267 1239
1063,1063 5025
360,440 5769
101,274 8168
300,272 1105
32,108 316
407,101 1054
606,561 6972
1938,312 4130
1456,793 7996
599,1168 1318
69,76 4953
1379,322 3785
1156,347 4737
228,184 7614
318,72 6011
2341,65 7364
315,45 4253
507,331 1445
301,309 2634
316,1125 1482
91,39 7460
303,119 3809
274,101 957
335,109 974
848,1171 2882
5187,5382 6643
468,1858 2598
781,115 988
414,263 3382
345,115 4392
428,2542 5959
1834,501 7181
101,261 419
111,117 296
267,311 5012
1310,284 3332
740,1291 1789
258,1017 1661
1217,1053 3673
641,1566 2086
530,297 6133
326,1090 4901
830,1293 3428
336,1214 2763
1406,115 3217
303,3233 3334
505,109 1907
421,301 3082
507,440 2371
2639,639 7999
339,110 605
674,439 1095
2105,1803 4086
4361,432 6798
445,431 3211
662,2566 3432
105,118 397
117,366 4313
292,1130 6060
1222,97 2686
1596,546 3108
538,4259 7697
1363,585 1920
5368,490 6818
103,280 4700
746,1163 3267
328,67 6886
326,111 1759
572,1215 2288
1916,6481 7310
79,431 8010
116,116 1232
268,308 4061
3448,280 6175
392,115 7150
1036,300 3412
1114,284 5509
283,1286 7848
114,624 4785
4771,4958 5460
337,1855 2393
3474,355 4200
268,388 5383
2275,1991 5470
429,3328 3804
3128,321 6577
1324,274 2729
311,394 2187
32,103 333
653,2593 2972
414,285 6986
258,120 6269
422,272 1966
453,61 5101
2227,353 4378
259,624 6278
104,101 260
281,259 6141
1151,101 7991
298,2926 4310
459,562 5925
1292,430 6744
268,309 921
327,366 4643
1115,285 2962
296,401 1542
1663,320 7407
34,58 3628
398,105 3910
399,660 4192
32,363 676
4117,4153 5328
277,104 804
82,65 2731
48,50 3791
67,72 1333
3211,524 5249
2982,285 4303
365,388 6627
102,276 7939
616,109 6852
523,115 2605
271,109 6892
257,4706 7951
576,86 6335
607,1111 1694
1073,3787 5945
294,264 1651
347,284 2140
300,285 1999
112,518 7623
110,347 2493
264,949 4674
418,99 4975
2041,1745 4072
259,111 2973
318,79 1689
95,1042 7020
852,121 4274
281,3396 6147
763,98 4773
32,117 313
990,346 1342
452,115 574
117,368 1090
1848,501 2890
114,99 6242
487,156 717
347,264 1100
764,68 7760
1677,347 3161
290,339 5370
461,4736 5711
310,276 7112
2929,2518 4428
1639,101 5375
1665,2643 5110
397,322 1564
1769,1102 4781
1100,274 6791
100,520 669
103,105 1785
283,4735 7639
331,110 627
67,84 1233
330,285 7666
290,121 1427
2099,284 3499
3144,2410 4217
659,107 4933
268,101 461
329,363 3077
97,519 1876
283,280 6137
110,285 941
345,100 2163
1238,2748 4425
284,274 1407
107,101 457
533,289 1455
1556,637 2902
267,115 2021
257,2298 2989
316,97 3301
1193,274 6967
268,1529 3174
2386,409 4515
95,70 7595
1552,501 6990
1120,1582 2061
3877,409 5951
829,2077 4334
1569,280 7243
1578,744 2998
1907,3593 3958
314,97 7071
294,351 2641
1164,103 7402
32,95 426
1823,274 2915
316,1211 4078
724,384 3749
41,41 1488
1035,346 6713
456,101 7093
675,628 3586
1128,116 3939
461,2257 6400
109,425 4988
96,532 7477
565,107 972
2461,439 6337
1015,1180 6228
318,314 1862
121,272 6612
298,1993 5817
309,263 2133
114,562 3803
46,102 6233
99,553 7651
80,69 5943
290,115 1870
672,486 4073
3093,67 6298
1024,668 1607
306,1706 3056
333,454 5538
294,2357 2850
104,415 685
617,295 781
1239,370 3731
1819,329 6448
878,3384 4439
32,280 1280
1537,280 6248
333,111 1115
1790,84 4299
3711,396 6398
584,339 5338
3489,1593 3603
748,432 7641
775,914 1868
1874,321 2673
2474,4060 7500
103,111 3679
722,107 7690
1389,442 4615
102,339 6444
2762,510 5602
3871,867 6403
512,111 788
311,490 2205
340,704 1166
333,327 1240
2012,289 4469
119,677 5471
311,274 1109
1079,2361 3518
653,267 6463
122,308 7400
95,5379 6657
47,109 5643
390,1021 4035
268,276 1992
302,720 1238
305,659 1346
69,78 2212
732,263 6711
572,112 5626
1667,347 6604
294,530 3795
267,280 473
365,430 6558
32,109 290
294,432 8065
32,299 1043
104,341 7680
269,491 4679
327,1175 4749
955,309 1282
98,102 4479
513,49 904
257,2559 2990
279,660 1308
302,297 7111
276,284 520
3195,5648 7687
32,195 7867
109,109 3876
103,110 2413
4600,1889 4699
778,555 2891
105,280 2125
297,670 4450
410,2302 7330
290,374 843
501,320 1129
1365,72 5848
114,351 1304
103,273 1000
257,1747 3429
40,34 1082
650,329 3177
85,690 3652
456,107 3964
4826,2714 6193
290,901 7204
1239,3419 6851
72,421 6183
739,112 2845
413,519 6340
41,13 2172
268,336 6501
272,529 3247
51,52 3842
1543,693 3357
48,54 4644
110,264 7765
1857,421 3905
660,263 6549
457,121 4173
535,132 5292
310,2856 3793
95,123 1562
36,46 3235
809,887 2881
67,73 3979
2082,347 6229
290,691 955
1509,1598 5005
617,324 3139
1296,285 3507
1340,701 3937
1560,522 7139
2034,440 3460
81,117 6548
537,1865 3879
975,888 3811
117,272 936
694,117 7947
549,115 2907
411,1141 4723
89,83 8039
290,1130 1462
1614,553 1983
1140,635 2176
2401,115 5965
290,4348 8044
1234,401 1897
5185,409 8107
73,70 7497
356,357 1642
749,307 6827
45,104 3797
3459,750 4039
460,1268 4752
350,351 4678
55,48 2789
85,80 2934
112,109 7920
1668,491 3273
45,80 6790
314,272 3120
303,101 1816
549,99 2121
3352,693 5617
271,499 6259
2858,312 3972
2960,1771 7584
294,441 2151
3076,115 6271
73,83 1790
261,670 5247
274,117 2996
365,263 7354
729,1477 7493
3571,3571 4989
32,976 4941
2712,555 5923
53,50 7326
39,83 7538
109,285 2815
6864,805 7709
702,280 2831
304,351 3753
32,113 6023
377,99 3699
797,5001 8110
119,609 4594
565,464 1264
69,89 4972
618,5544 6909
98,121 1476
99,1051 3160
2350,561 5067
271,900 6024
307,32 2392
684,115 6514
289,285 4976
114,105 728
4113,501 5239
2578,1961 4775
3596,2112 6910
306,449 958
268,584 2615
1686,115 3880
3311,731 8116
326,3058 3225
298,345 1296
507,3318 8053
2570,5099 6291
470,2456 4585
316,2801 6738
334,1710 7328
3211,666 6764
275,432 6246
319,1626 2709
573,3381 5494
622,256 6809
1064,48 4241
118,347 3183
276,546 3372
492,276 5302
330,263 5622
323,36 7881
377,539 3831
1246,596 2241
4429,267 7401
476,1180 2388
91,95 1366
309,97 4171
5337,1187 7001
648,121 5221
258,1075 4871
359,528 712
1630,392 4165
266,110 999
2169,2575 4456
305,831 1317
410,309 1740
2543,644 5313
326,688 7927
401,868 2361
40,1364 4836
98,406 7395
1667,115 6249
309,116 7783
673,284 3098
69,401 7917
279,2205 2631
105,492 5265
32,357 3822
459,1969 4576
1533,299 1835
32,325 505
58,58 1522
45,115 1649
492,99 7695
340,635 2124
258,332 724
301,109 542
281,1423 6208
340,3669 3942
1443,823 6946
1573,272 4314
558,414 5488
334,274 1843
2393,941 4340
318,542 1509
1513,2489 5873
678,280 6695
3726,2039 5017
303,497 8004
95,80 5045
539,263 1735
349,670 2467
447,682 3894
102,614 1134
294,469 4003
328,357 5010
470,3692 5671
349,102 1603
3222,276 4429
603,4884 6297
454,280 1851
716,300 4891
269,870 1709
278,1081 6344
4397,3207 5256
281,2606 6276
52,52 4245
397,280 1681
104,463 2777
463,114 1701
333,274 6753
260,304 3219
302,99 6878
326,1279 7372
1292,2511 7909
933,347 6925
117,101 441
729,714 6069
32,88 2320
437,2948 4407
2395,441 4438
1928,115 4320
268,363 2481
69,780 8172
1108,325 6658
298,2020 3629
76,65 6272
267,263 609
290,1113 1387
318,439 2058
112,728 2360
2992,401 4492
2881,320 6327
95,104 4197
349,2360 7175
77,69 2364
1349,2447 3208
85,112 3931
1043,1021 3992
399,659 6660
97,104 1811
271,1593 4355
946,1995 5606
1701,546 2108
440,4198 4329
465,274 8059
4847,41 5188
843,361 2362
1060,772 2644
442,300 7145
3679,285 5920
120,280 877
4415,1710 4605
278,430 648
101,735 1943
880,109 3384
897,285 4533
1128,1057 5006
1055,352 7957
112,330 947
724,1199 2087
33,33 7149
2317,121 3707
32,517 6085
1923,680 5568
2826,4317 5321
462,351 2048
103,269 2555
1417,4040 5100
296,329 1706
83,1644 3084
348,157 715
324,1293 1599
912,54 5905
2327,412 5038
361,482 5377
342,2085 6312
435,101 1152
122,122 5522
32,98 283
399,964 6569
102,539 1243
294,114 1646
324,1681 6570
374,101 961
305,2150 3309
3749,353 6768
480,339 5023
874,4656 6913
67,264 1662
326,1698 8092
1236,157 6978
676,3218 4291
1833,334 8011
5456,71 6053
5021,115 7582
49,56 912
32,116 257
69,2354 4179
2613,2613 4807
697,114 3256
673,414 7905
95,304 6026
809,4035 5904
1048,1048 6850
3197,322 4729
475,533 3817
292,498 710
271,534 1521
268,500 3929
103,121 4516
328,2458 3184
108,1028 6174
1925,5503 6724
108,108 714
352,1501 2402
327,98 6227
2246,520 2352
580,280 859
365,334 7769
316,621 1208
345,97 2601
326,285 8133
1648,13 8083
300,107 2442
70,84 3839
356,594 3781
32,63 4214
32,45 453
271,111 1151
93,502 5581
115,997 6757
374,121 1383
638,2181 3600
398,351 5964
479,2626 4458
402,640 2958
998,274 4289
592,297 2222
763,276 2005
3001,336 3572
111,312 830
125,61 7308
398,1536 3988
264,329 2795
271,101 3595
283,2391 4339
415,633 1991
46,104 5654
1518,269 1979
73,102 5874
538,112 1396
80,291 1996
389,456 518
1975,412 4446
864,124 2783
730,101 3537
423,48 769
538,1698 5530
1947,3219 4540
4355,5907 6787
475,3982 4774
112,108 652
77,67 7236
118,1301 1418
1864,1851 7494
316,530 2170
76,325 7807
276,277 4952
428,355 444
1315,347 2094
261,553 8169
281,483 8106
271,297 1388
257,639 790
573,1939 6500
65,295 6168
297,295 720
46,67 5093
348,166 3550
1642,116 2084
276,504 4551
342,1345 2554
391,905 2679
2503,1202 5396
857,627 1753
2218,272 6769
84,111 891
2174,115 6839
97,121 364
475,2342 2401
2764,722 2981
1010,1010 1695
603,1573 5640
632,346 2607
55,423 6255
829,668 4486
111,103 530
283,905 1052
283,414 6351
478,3803 6760
4702,1333 7794
1954,1057 8143
3621,1147 6338
50,54 2348
263,116 721
437,334 2290
40,97 3066
3613,1582 5009
104,300 8066
1035,4120 4868
1090,320 1299
1997,280 6074
305,800 4142
338,116 5693
1226,522 6890
56,55 7096
3690,347 7188
465,718 1836
67,83 6415
278,1310 3874
926,473 4805
925,1169 7819
4248,1209 6646
409,115 1102
1025,2020 7457
281,3955 7928
1091,1056 7465
116,121 909
41,45 4894
603,99 1154
3601,1794 7908
747,559 1664
4105,275 5237
340,497 4620
437,275 6903
906,61 2071
492,699 6261
100,473 7304
658,116 4826
100,285 2542
365,1365 3736
110,115 6360
313,692 740
573,101 6781
3021,183 7008
2916,3411 3504
300,263 5853
478,454 2886
926,274 1804
53,56 5887
82,796 4747
2495,3263 6064
32,99 271
2907,409 3872
32,263 4215
45,100 2178
117,120 6050
294,397 1156
259,351 4189
2632,269 6867
2242,1852 6681
530,110 2365
1154,439 6923
810,750 3490
333,334 4350
66,274 4009
374,285 6135
5094,3345 8087
328,510 3340
76,69 889
42,42 591
49,48 752
2965,472 3202
398,309 4050
2218,2112 5387
827,1089 5755
104,1706 4447
299,104 6820
294,322 1837
2253,99 7017
2408,280 5255
114,392 5585
2981,97 4717
275,868 6201
2637,491 5989
5576,624 7818
1500,1771 1971
397,2137 7929
1513,355 6206
2355,297 6748
109,264 3481
549,7252 7472
274,4788 6355
32,259 286
32,9 911
283,1735 3884
310,961 5251
365,4348 6453
105,115 277
481,3779 7495
487,148 2274
852,488 6318
56,53 3783
3301,4027 7066
547,2805 3381
119,3016 7770
279,2432 4186
271,492 5865
267,289 2565
269,285 3455
48,56 5050
661,264 1344
956,120 4897
799,3772 6835
99,486 7948
85,82 2791
842,299 4628
533,504 902
271,2345 7358
1138,115 2530
301,121 5927
422,260 4662
294,105 1035
32,297 479
1120,909 2404
1055,325 5049
2165,3815 6975
1035,280 5948
383,61 1044
397,285 1742
2395,936 3567
3299,267 5840
614,6742 6800
46,41 2951
310,522 4573
388,515 3163
311,969 3118
46,2889 3552
352,121 1554
39,541 2485
1174,559 3722
1607,285 2747
1646,2933 7030
257,104 305
1213,601 2319
289,105 4055
342,304 775
2497,1854 3625
402,99 874
2056,3372 4403
103,285 5230
259,103 285
91,58 5523
80,76 4388
98,261 6058
1282,285 3757
6405,304 7654
573,338 7919
903,320 2713
912,56 5819
79,330 4659
329,101 3542
5478,280 7861
4055,546 6419
99,321 3207
279,424 7566
412,115 1038
99,1351 2099
1864,4328 7032
399,547 7285
101,280 4233
274,107 2606
110,111 5254
509,120 1918
1348,115 6678
1649,104 7498
97,433 2516
792,840 1469
105,102 352
410,2685 6964
1087,3858 4494
2018,463 5592
703,264 2491
340,545 7528
2834,285 7097
662,3171 3999
300,99 4029
2180,882 4923
538,3200 5954
304,677 7992
1667,285 3684
32,561 4845
340,1978 2660
1275,941 2248
326,325 3610
642,13 4176
306,2030 4216
274,636 4706
4104,6133 7414
1031,280 2279
291,112 2060
748,321 2379
919,2052 4969
97,357 1192
980,309 2298
3114,320 6845
445,464 6317
493,3307 5201
638,1718 5372
314,289 3278
558,6325 7476
1773,3366 5766
1092,1999 3114
350,102 5083
32,78 437
365,691 6376
391,105 5652
111,557 2685
267,1162 4278
273,100 421
361,329 5856
290,1542 4519
3103,3790 5336
2001,408 2814
112,492 1573
398,101 1058
313,116 2315
93,44 2968
1087,4314 4402
76,80 7743
346,285 7215
121,1286 4708
105,877 3030
356,288 6479
429,5491 7429
816,120 3766
3556,321 4754
894,321 2932
2041,396 3128
330,409 2193
283,117 1024
4978,108 7015
839,121 3350
316,1028 3046
4013,5349 7916
276,263 6115
45,70 6529
364,353 6992
290,3030 8155
49,513 4945
294,352 838
873,119 5773
125,1562 5533
845,1020 1638
101,103 688
105,106 7163
97,1075 2861
1505,84 6920
298,116 434
658,782 2235
3333,1036 4285
276,280 840
346,98 4624
277,321 6518
67,104 2979
4507,4427 8147
281,408 7106
1737,280 4366
1526,2159 7943
73,115 5660
415,101 7634
268,311 1073
334,101 1382
3441,320 4264
397,321 8034
5578,308 6902
268,2985 7045
2442,97 7955
3096,1041 6583
1627,115 2873
462,2947 4664
410,345 7374
4529,744 5525
653,442 1987
728,101 4751
459,966 5630
455,114 6665
271,868 6916
116,284 5170
384,284 4575
657,301 1878
801,121 1414
1151,274 5690
480,2125 6856
97,355 1877
77,309 6554
319,1088 2445
2466,105 5235
105,309 4688
821,739 1533
2778,731 3739
1357,115 3760
98,115 2129
108,263 2309
695,630 1391
348,148 2013
1761,1371 2871
792,276 7381
48,51 4756
316,1973 7976
265,265 307
827,985 1023
125,46 4368
361,272 5314
5369,6046 8173
479,828 2760
285,117 5628
1154,1622 2421
687,280 5803
979,433 1586
445,311 4119
73,690 6316
342,669 1193
5080,5061 5263
45,45 315
1079,592 4049
363,430 6436
2417,1981 6623
268,605 1084
267,101 351
109,2030 4853
728,280 3385
710,115 1241
335,401 4915
2396,802 3599
274,401 850
577,267 7567
77,582 7871
544,2103 8080
32,82 410
397,269 1325
380,500 879
333,357 5809
959,604 2148
114,121 595
283,4752 6184
100,102 6292
5611,2244 7879
1043,469 3122
32,92 262
407,1630 7005
667,115 4460
1158,116 1351
871,280 1343
93,91 2699
1076,699 7312
333,291 8082
1181,102 1852
4298,2171 5499
4155,2187 8182
1165,4060 6002
306,325 2242
2185,99 3966
756,330 1272
97,636 1747
880,511 4496
783,608 2173
694,3381 5789
353,115 628
4895,5753 5940
2216,115 7478
337,285 1331
2208,637 7554
1313,280 2874
954,289 3199
1016,320 1430
77,1494 3425
514,285 2885
1752,1102 5444
455,105 1199
1736,870 6457
391,300 7167
298,588 2809
279,3338 8090
1196,1332 1432
616,660 2855
327,103 1209
2145,267 6904
3841,823 7376
1436,259 3904
349,118 747
1388,288 2779
496,13 7115
991,285 3016
278,314 1112
1115,820 5717
407,1089 6443
319,114 7720
3730,3730 7806
3826,633 5052
481,980 5125
2145,275 6999
1097,116 3695
3253,2112 7002
264,101 689
278,409 1307
505,112 563
307,307 749
407,104 852
589,982 1802
371,329 2867
108,331 500
290,277 5412
469,115 6096
301,300 6325
32,77 365
283,288 3535
122,269 5607
387,387 1010
4248,4643 6831
845,7680 8067
99,347 5461
340,590 3304
435,655 3986
327,601 4808
39,115 489
1121,332 2563
271,4258 5852
279,259 1076
1860,888 2346
306,331 848
101,269 985
670,735 2052
915,557 4602
1140,121 2168
1554,285 5427
268,2146 6547
108,384 1718
97,122 2409
104,1232 5859
300,284 6745
97,322 1153
852,267 1248
111,119 331
356,276 4578
2130,5561 6140
745,3538 5824
292,5563 7906
459,111 4351
328,115 1067
466,54 3091
103,327 880
459,528 4251
281,486 6333
271,497 6664
3467,297 6546
1217,120 2608
1320,116 3703
303,1650 1703
79,102 1373
1043,263 3162
4188,285 7946
325,98 7338
44,34 1984
340,473 7841
851,3358 7353
480,441 1251
292,1634 2622
1531,1028 7205
580,449 5175
3932,299 7203
69,83 841
352,102 3816
456,276 6223
108,482 1266
276,432 3692
259,947 6171
338,103 2801
279,422 1510
573,79 4433
924,1080 7601
268,111 679
303,639 6134
845,288 4308
5870,2676 6682
2744,3451 3482
101,99 796
1120,320 5493
352,1129 5225
316,331 1466
114,101 261
32,83 326
1232,347 6144
365,1486 6311
281,364 1273
682,272 2626
125,92 2162
1552,1129 4121
32,61 383
289,519 2545
279,3695 4815
603,101 1614
533,533 6746
1005,1617 2651
87,101 3232
276,273 5869
3195,6477 7386
279,1022 1078
304,704 2015
878,782 5262
103,288 3982
1887,289 4916
257,114 480
695,1637 5862
53,52 7434
472,353 1352
1124,1846 7780
679,828 2238
326,101 1448
1302,561 2706
526,527 2887
1918,2092 3744
399,545 3808
650,644 2391
3117,1159 4327
618,299 5543
537,3079 7940
41,94 6324
2170,289 4091
1298,949 3748
111,336 4885
661,276 4031
402,803 872
279,350 3890
269,100 396
356,334 4431
713,332 1228
1304,103 1909
3111,6245 8075
463,765 2375
333,108 2515
1618,110 2586
99,492 3926
2315,765 5399
326,69 1500
924,320 2558
1769,1871 6537
679,297 6252
281,469 4855
104,285 3307
1728,768 6868
309,1057 6794
1758,353 2214
87,4151 7842
283,421 7345
377,613 834
49,53 1064
1607,779 5044
290,425 634
728,263 6189
435,966 7900
268,108 2261
550,397 1182
303,1843 5390
558,267 2625
849,121 3786
97,457 932
4218,314 4473
1746,263 2592
1322,366 2810
661,421 4539
311,491 2039
117,280 2110
274,329 1755
337,103 5337
537,5138 5712
1448,1631 6117
1194,2810 3168
2671,1961 3477
51,49 1453
278,640 2911
32,312 1682
77,65 4124
1784,1628 1822
303,4861 5616
777,111 6231
618,2518 7485
331,115 3590
316,830 4646
694,510 1224
429,92 6161
65,110 5843
114,285 704
2970,308 3414
2568,2003 6216
3151,321 8055
298,4365 5165
1298,100 1680
114,473 2786
459,5583 6061
589,299 8016
396,280 1745
98,1383 7650
946,900 3448
122,121 6392
1848,289 5467
411,100 3832
79,79 5325
1108,285 6756
32,125 451
343,324 2930
390,491 3200
550,639 8129
343,101 643
799,629 3061
273,121 446
271,330 3040
306,2668 4947
109,439 1859
697,336 3390
780,75 7834
330,272 2749
292,917 968
99,100 4076
107,121 4555
698,389 7164
618,704 5401
111,120 2229
2076,297 3252
795,115 4001
2282,748 4491
349,880 1200
2999,394 5181
1226,267 6808
407,277 7504
32,457 1140
4048,501 5425
4284,99 6439
45,3605 3849
313,2876 5636
95,115 3002
407,408 3693
114,289 722
286,3896 5269
308,272 4234
2250,1041 7902
6207,308 8177
382,301 6837
99,527 3947
385,1541 1823
461,388 4023
283,2923 4755
290,4459 5506
5548,1416 6331
509,2055 2833
112,263 431
281,1294 4188
356,1136 5883
739,1677 4671
294,388 1857
1170,2040 2658
303,260 344
95,3298 4590
86,69 5770
4547,472 6044
46,82 7123
277,115 826
1005,595 1850
314,500 1022
711,299 3875
333,1327 6154
4739,115 6221
298,539 6872
456,473 7610
271,7272 8077
2523,115 3827
3201,840 3611
842,4974 6747
95,110 3859
733,280 2963
335,596 3788
2310,3919 8126
1222,273 1904
4174,5991 6915
455,414 2065
78,576 7199
479,751 7702
105,99 289
1897,320 6704
6030,1414 7315
343,272 4634
1024,2803 3620
469,295 1198
281,660 2827
298,443 1513
515,284 2366
327,1075 7761
2830,559 3000
1802,1777 1812
1108,2749 3987
298,433 5340
289,115 876
1385,107 1711
68,635 6668
300,115 630
268,1169 3737
55,1393 2267
1608,561 6343
6673,1407 8161
96,41 5705
98,327 4011
258,263 7297
2821,373 5216
573,1989 2936
490,110 3807
279,760 1204
801,272 2244
327,716 1727
309,347 3790
1783,339 6122
377,276 7620
299,432 1684
971,396 3932
54,54 5402
281,5364 7056
4970,276 6495
268,1262 1616
259,644 4021
411,118 7711
340,100 3761
281,4957 5347
508,101 2201
662,947 2884
3979,982 6536
5618,414 6016
294,301 2585
815,561 1826
57,54 5240
1715,1167 4185
1679,45 6885
324,2309 5815
377,652 1864
411,288 2534
50,51 2254
294,510 7933
1121,497 6071
32,72 435
607,2995 7591
935,109 6188
1240,511 5894
447,850 1071
3275,394 3837
1300,115 2864
399,425 6059
100,280 3391
6751,5557 6801
461,99 1773
901,263 4304
1087,336 1940
998,103 5104
459,3985 7226
981,2863 5673
278,1230 5956
46,68 5553
281,412 1683
73,71 4386
3117,4984 6097
116,263 370
4067,680 7758
372,1322 5301
1403,1020 7333
1951,304 4180
1413,1413 1692
279,276 3802
569,3149 5027
275,98 5648
292,2530 4417
1445,280 6127
549,1517 1792
657,115 3410
960,1294 5984
420,1089 4726
649,939 8085
1380,261 7398
1510,765 4408
365,3519 7548
459,621 7475
4251,110 7833
576,67 1088
1174,721 7241
503,384 1186
1417,1041 3868
305,259 7076
1028,101 5635
105,108 308
359,272 6828
558,3773 6557
112,291 1472
4139,1242 5273
102,2245 3562
111,314 611
32,311 4792
274,441 571
495,92 1481
522,115 3909
52,51 6178
1024,121 3900
759,4637 5184
784,784 1512
365,101 3376
283,274 898
328,83 2919
97,533 2946
577,704 4927
650,431 5950
435,1423 7822
508,98 4869
645,591 858
1112,121 5573
260,850 6478
3881,264 4445
1891,72 3665
289,498 7537
316,1303 1663
440,338 2255
257,1977 2880
1270,1016 7069
48,48 423
2554,280 4395
105,299 633
2195,2195 5369
271,274 1124
1614,1105 4219
854,427 3745
310,4329 6528
3157,628 7335
555,115 8012
283,3866 4224
95,3175 8151
873,100 2190
1635,353 2236
2450,464 2986
328,368 3123
1635,628 6796
278,1424 8007
85,76 2838
299,1371 4375
5507,5754 6740
112,112 368
1940,744 4844
1238,291 7282
72,65 7028
298,99 686
340,2946 5162
612,1852 5452
767,689 3439
259,524 6157
290,3202 4276
270,515 1561
32,272 2253
264,121 4820
116,100 5583
3511,280 7631
122,101 1794
3639,1493 6416
306,4313 6031
104,655 1677
107,115 644
294,327 4476
1748,628 4672
1124,99 6541
2570,501 4345
424,280 3338
481,1303 5071
360,4680 5565
3966,768 7366
700,116 4237
302,2215 3701
580,735 2349
607,1879 7016
109,263 882
1060,652 5505
316,427 3257
257,584 3192
308,108 424
263,99 1263
226,148 2796
275,401 1725
3224,280 6944
32,36 495
95,322 1412
913,539 7286
365,630 5180
2347,346 4596
672,114 2830
2018,3670 7036
4066,86 5649
115,685 7327
115,115 332
733,272 2627
365,1397 7782
290,97 509
576,69 1829
759,111 3530
640,285 4890
46,2508 3577
79,76 3776
2143,3813 5496
340,914 1752
268,112 618
4857,285 7023
85,1233 6597
117,601 2640
78,67 8049
1431,1871 6244
9,587 6065
73,69 5489
114,621 1978
397,274 2820
257,261 1965
48,52 4948
3251,273 5300
279,804 3445
563,2215 4390
266,3851 5139
279,110 7952
723,100 5158
45,1472 4968
641,2297 2611
283,406 3408
1119,504 5478
111,297 1931
1396,1286 5988
278,261 572
605,280 2410
79,474 2396
118,273 4522
1720,5703 6707
117,109 392
54,51 7979
300,280 744
770,2125 7103
102,370 1006
445,98 5376
40,642 7109
299,121 5498
45,119 3763
116,289 3723
340,430 1348
316,105 755
1463,280 3977
300,793 4365
298,629 4697
3831,320 5274
365,534 3369
3327,1123 5612
2778,299 5683
1894,401 6667
101,112 635
267,414 4102
526,261 1092
770,393 3124
978,1219 3752
894,524 4977
276,274 1203
2585,3653 4862
302,363 948
289,473 6480
461,2002 4212
1910,263 5079
607,4673 6145
414,280 4883
333,1939 5348
761,297 3305
402,103 2826
399,2664 4295
271,104 481
507,2561 7811
3113,860 7321
45,71 7977
295,656 4270
1212,115 3057
302,109 763
455,432 1867
943,5901 7759
73,949 7886
271,853 2570
3743,1652 5406
118,1050 1831
1400,499 2653
627,263 1284
1441,275 7644
901,121 1281
278,440 2130
1992,117 3227
606,321 3540
3128,524 7134
871,285 7189
73,82 7270
318,83 8027
1185,633 2903
270,371 672
3891,683 4236
270,102 287
303,1799 2775
110,116 354
1261,115 3688
480,2640 6503
80,65 4181
116,393 1582
2540,334 8112
1231,688 6370
271,800 3666
46,322 6853
572,99 3113
278,454 3065
110,263 1258
112,430 2097
2520,259 7003
5526,369 6672
294,847 1250
102,504 3662
398,339 7603
1191,2416 5691
1456,264 6838
945,969 1142
69,82 576
609,432 1429
526,895 2217
1781,100 5566
2635,73 6425
124,124 2139
1344,320 5160
316,693 4621
352,393 5365
275,107 1089
257,392 6428
79,67 6563
294,299 7171
89,296 7276
298,4987 7766
2581,6119 6873
852,699 7094
1581,309 5532
109,272 7696
445,1455 6611
326,107 7688
281,853 1676
298,297 4529
69,735 5037
523,692 4315
2838,84 6926
2167,341 4940
4389,285 6377
65,714 6013
1965,473 5934
326,389 2722
259,324 1206
695,510 7545
368,285 1094
299,274 1726
511,102 5195
111,433 2668
2412,2726 2943
2024,285 5983
3609,432 6077
477,122 6663
487,162 1225
648,1258 4556
116,373 490
271,1269 1932
112,483 2744
268,107 1410
116,560 1319
318,486 7450
4598,1407 7575
911,1077 8145
257,2442 4753
340,1909 2317
2331,320 5219
825,588 1033
819,115 3143
801,961 5750
271,273 468
1297,1297 2541
112,261 3934
2319,115 7186
101,108 361
117,336 1130
318,3648 7564
310,111 866
271,582 1360
269,101 1327
4333,1362 7425
282,103 3467
334,1051 5096
97,101 3134
3337,2244 6512
948,1881 2072
279,2131 6598
101,120 1036
1035,2867 7449
2422,1229 3106
98,486 6717
69,690 7556
91,105 3597
333,1211 4152
6592,5454 7356
450,5971 7159
340,267 1887
265,256 1018
45,116 2259
278,273 4705
589,274 4543
391,2924 4734
404,1948 2654
519,115 2937
1263,432 2228
41,59 532
391,598 8162
1337,482 2308
2683,472 3935
360,739 2993
336,110 987
648,115 2842
3575,1584 7361
724,392 3747
1792,274 3255
549,103 1337
356,3335 4067
98,3591 4537
3515,285 7839
727,927 1941
305,277 485
316,1029 2010
121,109 3094
2910,299 3649
300,116 562
115,117 2369
1011,3536 6735
45,102 1866
921,116 4002
45,329 6741
1340,2676 5857
314,100 655
1434,1221 3799
589,706 7809
289,111 3674
5033,274 6519
1119,2307 3331
275,115 656
1048,46 8158
98,264 2705
2014,6545 7368
2958,115 7714
270,464 1910
108,105 702
107,263 5123
279,482 6090
1076,274 3501
503,774 4514
2178,6254 7082
298,3742 6686
277,637 3070
410,101 1025
4543,2935 7316
97,115 300
327,295 560
1770,630 3641
32,112 278
118,408 2456
399,440 8041
494,714 4614
1625,347 5741
282,2101 4309
4571,116 5823
410,488 6591
275,110 1501
118,731 5806
32,60 906
68,309 7986
1292,351 7040
326,3973 6366
791,482 5260
103,104 531
365,288 3167
365,488 4531
283,1383 1707
283,5939 7160
496,47 1386
509,1094 1447
598,432 1398
1049,115 2070
2746,2510 6580
333,718 926
268,314 845
281,362 381
622,757 7403
34,502 1842
290,522 1967
1840,289 4817
333,114 1975
40,1721 6063
77,79 7157
334,115 1973
327,794 7713
1467,112 5190
105,112 415
45,418 8088
1190,341 3364
32,206 5910
2563,272 7953
306,345 986
97,368 3310
309,393 6952
316,334 2953
698,585 942
828,1479 6532
32,32 256
1940,553 3170
925,1259 3281
279,547 1894
275,819 3949
479,1105 6472
1350,714 3887
2671,4020 6969
538,390 6640
343,665 6679
278,3131 7469
273,336 3254
267,1129 4929
330,284 867
318,264 919
398,114 2670
2634,595 6455
1866,659 7745
112,272 5814
3728,2771 5380
68,6597 7736
278,534 2042
333,309 962
3529,2906 5793
1167,272 7294
598,1051 7174
535,128 5419
365,439 6387
279,346 1497
301,115 1675
572,116 6148
402,635 4080
411,1355 1468
3024,397 6552
515,637 7239
437,5755 7140
3958,320 5168
49,55 1419
603,3435 6146
280,594 4493
466,48 4619
5380,876 8102
108,347 7878
2840,2328 8190
271,506 1674
528,115 5176
102,684 5126
3711,1924 5662
264,100 1286
264,289 6373
259,699 6499
114,393 1617
39,532 2397
107,105 8120
263,312 2159
589,777 7868
1793,5528 5588
326,997 6260
276,122 7006
32,79 445
398,860 7505
899,272 6226
391,330 1548
4467,409 5129
851,369 3755
1595,347 3853
73,78 964
111,98 1235
310,3533 4559
2956,280 5926
91,93 2098
549,868 2502
447,522 4876
1292,4102 7698
95,98 5555
4995,1162 5647
572,100 2837
45,66 5197
724,605 5182
1324,5413 7936
1360,422 3275
121,285 6106
411,88 5332
5267,285 8043
78,551 3041
422,285 5978
286,529 2755
721,454 1311
1476,1040 2451
268,414 4769
1085,2003 3141
487,166 6352
696,5550 7090
3206,501 4077
1222,442 5095
257,654 7446
266,590 3622
108,275 2664
1339,689 5411
271,5684 7562
111,99 455
2697,276 4802
577,1045 3062
789,789 1568
54,55 6166
725,352 7863
365,3532 5362
724,390 5063
4787,2140 7956
407,660 5850
324,714 3971
324,108 6143
2750,115 4912
377,2777 5296
480,463 6758
365,275 7479
269,110 2301
275,546 5916
303,3412 3645
97,330 2237
83,1299 1384
260,261 1630
563,1080 1569
1653,121 3601
2288,284 8097
565,401 6081
328,112 6861
1127,3241 5571
724,3200 8057
713,341 1300
93,1366 6041
538,2159 5179
318,2574 6535
119,853 6795
2365,1530 7264
65,83 1814
462,277 1385
886,61 3422
111,101 4376
100,100 5043
290,273 725
638,99 3587
2308,1734 4761
303,2453 5605
333,585 4391
724,2410 7474
1472,1345 7258
1309,285 6906
376,1852 3378
326,117 3833
486,331 3190
105,2745 6785
2238,1479 2708
282,100 293
283,760 4201
285,115 779
3943,772 7611
258,295 854
391,291 5279
46,715 1699
410,1819 4572
6520,284 7496
46,1420 5882
337,269 818
2017,312 5957
509,103 6104
290,4304 6715
902,427 6475
49,50 989
6535,1772 7540
851,492 4467
2127,1199 3556
1520,758 3386
1752,409 3071
2262,284 5060
67,274 7392
1229,491 2807
1708,107 3844
544,115 3195
2056,107 6158
1183,280 2967
288,97 5584
100,397 7266
286,116 512
261,116 1491
82,420 4206
371,909 7751
565,644 2636
45,304 4160
97,336 629
275,366 6119
507,5194 7653
40,45 7580
109,276 1809
99,121 4344
1736,101 1938
97,1450 3431
1682,104 3529
112,1873 8117
5056,285 8125
32,269 549
37,37 4676
269,115 673
271,527 2619
475,2370 5442
256,13 4374
300,529 5667
365,422 6815
278,1100 1324
623,2996 3151
319,86 7068
110,331 2985
290,308 2056
465,114 4824
292,1138 5625
671,273 6256
308,276 5821
2816,1111 7963
40,110 5019
76,101 3459
2155,1157 5999
919,102 8008
915,590 1177
271,856 2134
3157,353 6865
73,65 7488
1776,1254 6217
1547,887 3672
2234,285 4595
356,2140 3146
360,430 1003
1627,329 2835
299,320 1872
372,105 6565
296,2009 5578
7175,5034 7612
723,1219 1972
584,285 4485
447,345 2122
289,104 488
279,654 3877
306,276 6919
383,737 4918
508,850 7921
115,264 3271
108,339 5901
2091,3425 3930
274,108 486
346,983 5658
258,1903 2200
2972,1402 5200
398,264 4322
65,68 3175
318,1311 8159
505,472 3398
746,473 5295
421,525 1580
422,99 1893
492,112 2030
2385,2545 2793
100,272 4404
268,273 5556
2360,351 2909
96,44 3461
1868,280 8078
100,111 4482
310,101 580
1141,441 6263
57,53 3882
2097,432 7492
99,99 503
290,322 4545
363,101 4738
275,121 590
2117,2255 2999
792,1780 2064
851,3274 5623
298,110 6151
95,367 7875
1231,1099 2332
1934,5724 7725
49,54 1188
966,483 3228
1246,109 1898
1601,301 7662
1215,1407 6394
972,347 4900
465,655 6698
342,118 4787
104,267 5919
302,5294 6241
5580,5580 7486
830,734 2862
426,367 3543
258,103 759
388,121 6420
328,261 4135
1096,1106 1571
671,1351 4297
4251,941 6502
342,1111 3906
1315,263 2944
694,460 5678
259,491 7464
1389,1020 7435
4293,1271 7311
2467,259 4967
318,621 5526
52,55 4636
6881,6794 6950
722,116 2487
257,260 266
352,545 5650
2886,263 8165
565,949 2704
73,79 4139
363,469 608
435,331 1150
125,1679 4213
277,596 4477
1996,2100 5443
3862,409 5892
723,354 7441
104,97 4800
291,345 6983
674,384 1786
2736,56 7185
402,274 3282
1286,264 5796
80,68 2435
271,418 1627
388,115 2002
47,2655 2901
1536,274 3023
1204,280 6553
40,4138 7845
398,111 2537
73,76 4079
32,35 753
325,351 1016
330,101 1477
920,61 1602
1164,1610 1796
564,101 5351
340,2564 5559
697,109 7267
1646,1176 7348
318,2711 8006
108,117 2307
114,273 6073
283,101 337
1526,1678 6538
1695,1695 3038
319,450 1632
46,101 3154
402,98 3269
67,379 6078
377,431 1128
1870,103 1901
258,401 7859
68,351 4881
728,371 7089
2514,285 6970
326,346 7291
1137,636 8164
298,608 675
298,103 809
335,1138 4231
326,121 1605
573,3457 3767
99,263 1858
1364,1145 3965
276,121 394
360,291 878
2977,280 6391
874,559 8163
117,1243 1335
340,388 7815
525,115 2499
326,1542 2703
523,83 2341
298,100 2940
350,272 2947
1270,325 3107
494,312 4689
399,1830 5704
435,527 5953
843,1551 2698
276,285 2799
1531,482 2224
3296,3296 6600
959,1135 2822
46,44 1326
893,524 2441
111,332 3043
297,355 2257
294,325 4437
267,284 321
2174,280 4604
465,4933 7004
117,604 7173
6344,1732 7208
1031,347 7281
1540,115 2642
5596,6222 8153
330,499 7216
267,590 2324
1543,441 5518
105,346 4153
83,65 4742
279,308 1730
300,104 991
359,309 3503
58,92 6647
964,71 2765
720,280 2652
2978,3366 5501
300,644 4865
306,2406 3347
4216,6832 7993
492,269 6243
3923,543 7869
815,766 1257
356,559 3148
1239,336 3846
1011,5069 5574
263,118 606
337,4592 6534
283,689 5994
407,288 3055
4823,1414 5294
278,3594 7198
109,515 1601
308,100 668
2232,121 3851
108,846 6542
316,372 2095
545,274 2322
1998,1819 6513
702,457 3115
465,108 6847
289,297 1921
476,472 5271
523,116 6197
461,3126 7086
276,321 3153
1562,92 7959
1951,605 4544
286,115 1174
1035,543 6397
108,412 4254
309,670 6103
3970,940 6921
117,361 3125
1137,107 6399
110,2322 7891
119,525 1138
2008,308 2270
618,1381 3710
116,272 1040
101,288 528
459,688 6458
607,1496 1810
1415,117 3515
109,116 3573
1570,2110 4468
1682,1268 4127
82,69 1096
3024,1681 5335
1155,103 1914
109,115 596
4709,628 6860
620,272 1184
390,289 2719
1379,117 7346
342,2222 3523
352,105 923
40,95 1144
774,280 6353
3537,635 7253
1690,524 2878
878,118 5638
445,1219 4896
829,2646 3101
279,275 335
371,472 1903
51,54 3608
32,771 7524
328,1378 1930
276,867 3536
46,47 3328
1585,304 2192
304,264 6719
686,542 2041
108,804 1824
1181,1361 3193
117,274 600
276,499 4260
697,116 1428
497,289 5915
319,354 1231
2478,273 4444
260,108 5297
112,1524 5529
329,108 1181
2501,1872 5624
780,84 4288
119,101 2649
459,296 5310
110,99 2009
975,112 1091
32,46 1216
429,64 3549
317,110 4542
6554,5451 7627
316,364 3284
477,357 4227
43,92 6494
3151,351 5706
5316,109 7778
263,115 347
342,371 4101
281,2626 7838
101,101 1009
257,826 3835
4632,1162 5561
32,97 258
40,112 5070
1504,372 7972
2144,388 3234
318,547 4571
686,299 3121
277,284 1136
1170,1007 1620
283,1023 1047
32,41 1648
1076,1398 2164
1069,111 4100
95,66 7443
2868,1530 7456
563,440 875
2479,41 5675
372,765 1202
4070,680 5782
260,3723 6367
365,114 5676
1084,748 1890
350,280 7074
101,98 1929
98,276 3869
101,345 1838
445,839 2126
2541,2541 5591
316,1742 3473
398,79 7693
3056,1677 6125
1154,2862 5224
869,264 5670
342,106 7865
512,688 1595
310,831 5807
509,888 7618
310,331 1535
3430,3430 6396
523,329 3487
356,1382 6270
2034,518 6379
318,299 2093
279,4441 5088
97,103 543
792,284 5569
2031,1259 5208
360,389 7062
357,100 2150
333,418 2422
109,534 2848
4295,3902 4463
3313,2925 4103
326,311 5642
1938,1361 3393
33,1082 6440
1107,285 5800
855,115 1534
268,1206 1696
351,714 4841
267,370 3344
911,9 3551
257,101 632
517,517 789
801,280 3277
495,2123 7057
97,341 2971
116,285 1070
73,86 3527
3505,500 6007
271,2035 4074
1560,421 4804
523,75 6132
399,1688 1744
2981,273 5107
4228,491 6186
93,46 2118
107,110 4209
41,367 502
357,321 7289
1003,2493 4943
340,1157 8096
544,555 738
5432,276 6779
73,1088 3342
270,100 8184
2014,2304 4381
270,330 662
290,101 653
763,515 7162
1073,118 3924
32,118 356
402,102 925
305,1230 7051
276,370 6202
40,587 938
279,339 3480
380,529 3696
6637,285 7740
845,322 5792
263,110 1099
32,1301 6293
616,285 6374
459,5417 7021
294,277 603
290,1397 1538
98,111 6543
1907,338 8014
333,300 1600
362,109 3253
1662,1319 3354
694,1524 3563
267,336 2345
32,110 310
1277,669 3959
326,260 3270
1531,1259 5403
102,1680 6540
81,85 6684
2433,101 3963
323,95 6052
333,101 2650
821,440 1557
269,99 801
257,499 2465
40,3330 7131
873,2007 6690
78,334 5089
290,341 3048
2596,69 3370
271,314 869
2058,5055 5774
418,345 3220
3436,3248 6736
261,267 800
283,5011 6362
268,1867 2273
258,1006 1197
267,259 5417
973,427 6245
109,300 7777
277,499 6254
3278,121 7128
686,2365 3096
919,2312 7319
465,1338 3315
1067,594 6110
32,107 616
382,699 3433
288,100 525
649,3482 4821
325,392 2092
2692,1038 6180
407,5848 6407
572,990 6469
843,2271 5677
862,374 1397
3011,4866 5986
1062,666 4710
650,2325 3866
2952,766 8025
118,706 2020
465,374 3189
2865,274 4033
340,499 7220
40,541 3867
125,95 8076
316,2892 3907
40,944 1791
632,735 2381
83,116 1292
478,560 795
271,5041 6622
437,682 7984
324,273 3661
85,69 7604
945,6871 7967
334,373 1245
278,334 1800
973,280 6937
478,259 1415
919,1319 5145
268,1678 3368
1086,3163 4071
550,341 1458
267,116 2780
2261,522 5897
299,284 2265
294,339 2539
32,40 323
398,277 3615
267,285 666
276,2457 5069
290,826 4719
2332,861 3484
365,2983 7058
874,1136 3633
271,430 7880
273,324 491
1095,285 7108
333,1641 7990
2433,272 4658
46,3364 5598
3222,823 6882
756,867 1818
774,263 4342
361,500 4167
3279,115 5407
283,327 6209
267,1109 1806
2474,501 5973
316,2391 5363
2973,277 5753
298,2994 4724
270,490 602
279,314 7201
2806,115 6889
95,1420 2904
308,116 2803
1128,325 3311
102,111 4413
2100,2555 5134
687,297 4163
41,46 642
1458,285 6866
712,115 1027
948,524 5537
1164,6670 7632
1583,2913 4744
268,4841 5641
5619,4726 8061
340,421 4669
65,4172 8064
276,409 6345
258,116 458
83,69 2960
843,1099 3687
1231,263 5688
1190,561 5700
121,1714 6637
5186,280 7043
1201,263 7924
95,100 4235
115,116 304
2031,1672 4610
461,1007 4250
873,261 5103
1183,285 5780
360,534 4106
118,299 1215
109,299 353
125,94 6786
108,1459 1854
32,102 279
297,628 2215
715,46 5164
271,3648 5022
371,121 1083
465,1042 3771
271,584 1647
2255,3173 6579
301,98 4047
364,115 805
3767,3892 6676
112,114 1190
45,3230 4703
49,989 6266
809,284 2420
430,353 2700
290,263 3997
3005,259 6960
1354,1354 2613
696,280 3685
41,36 2740
114,104 7910
413,118 1608
302,666 4846
1360,3486 7767
1808,394 4420
257,4865 6120
1415,936 5730
356,274 1379
1112,7323 7968
365,364 2378
797,2446 5595
620,1976 4149
314,312 7433
419,304 1117
958,320 3861
399,773 2667
87,104 3299
258,108 380
459,309 3387
258,1807 2975
397,351 6111
3874,1102 7821
3410,259 8045
411,354 7222
388,1927 6617
268,285 2026
1240,716 3359
356,4652 5339
2095,361 5608
278,350 5463
1750,4254 6123
278,5223 8134
281,2165 5440
109,1598 2995
513,50 1411
59,13 367
350,524 4335
365,2440 6594
509,2413 3596
288,366 1303
116,297 1539
110,384 1271
342,7774 8017
268,116 340
676,1230 3349
1431,847 3470
98,98 3229
607,3662 5305
264,274 5914
437,79 5933
109,546 5512
648,393 6281
117,121 6505
544,765 3052
4185,351 5614
2978,2187 6095
99,264 657
268,263 1611
301,269 1732
838,102 2385
695,1016 3191
4364,482 7231
327,259 1883
411,443 4397
494,115 619
991,284 7678
322,394 1020
114,524 6995
465,327 5114
749,32 7672
79,83 5013
537,264 2778
268,4524 6485
328,1148 1222
258,98 544
100,369 400
257,408 1347
302,1878 2135
534,289 7907
5998,299 7872
641,719 855
1011,486 3511
2093,1408 6116
3606,3215 7573
108,116 3020
475,1186 1405
569,412 2276
291,121 4866
422,1051 3772
337,4708 5252
1184,110 3031
336,111 2797
283,928 1283
368,291 1450
294,2739 3286
418,601 2419
302,629 931
275,472 2511
53,423 2663
69,71 5183
392,112 3131
268,99 671
618,396 4360
763,901 3691
724,2304 5288
67,273 6699
104,372 5527
385,274 6205
340,325 6421
748,524 7969
105,414 3889
2807,1373 4138
984,628 3176
398,388 6793
271,483 1499
742,111 811
328,503 2461
458,116 1086
339,321 3927
729,345 5740
306,534 5074
465,111 4104
39,59 3140
283,300 1487
271,2862 5508
316,351 3915
40,109 7635
356,1893 4364
874,3070 5341
1746,285 7649
281,1038 7843
3100,3634 4810
119,860 2510
4082,4838 6525
55,53 2959
365,2780 7857
1140,4514 6694
725,3109 7685
1074,3098 7932
454,285 1576
713,275 4238
3803,5374 6568
4541,353 6437
316,421 1764
1146,3579 4627
302,2370 4725
68,111 7983
340,101 3165
50,56 2339
114,114 4105
65,76 982
696,774 6465
2821,1705 4400
974,267 4694
239,188 7901
638,276 3658
2513,114 5851
360,1959 4569
2997,524 6692
410,272 1526
97,325 1950
99,101 324
481,2748 6417
99,483 4347
40,99 2294
3362,3362 7322
481,3177 4653
600,320 1180
399,539 6113
1292,704 4962
2190,2562 6076
302,1994 2318
298,274 1587
746,666 2300
116,639 5465
318,6902 7187
649,2995 5462
294,4187 6237
461,103 2429
121,719 4657
297,353 1080
346,259 3150
878,1345 3724
481,491 5788
105,604 1050
39,58 7041
5897,320 7022
346,956 6893
365,454 5784
278,269 5549
1127,110 5818
2969,280 7543
298,115 538
41,123 4377
943,782 1928
40,98 2264
1603,276 5838
346,1672 7945
291,117 581
288,1856 7184
288,115 1486
278,389 2494
796,272 5754
897,115 1888
303,72 2596
330,114 2856
3997,336 5393
346,101 551
340,351 984
944,2717 3458
550,1399 3466
67,67 4499
638,4512 7594
437,264 6927
316,831 7866
278,1192 3678
1238,722 2672
1729,2759 5152
495,36 1237
32,115 268
289,116 1310
257,269 3998
289,274 501
316,562 1656
1236,172 5580
77,83 5392
32,38 1026
746,624 3863
1220,115 7363
417,4069 7804
78,420 5115
119,483 1479
1261,285 5105
1200,109 1475
298,5038 5665
1925,614 5725
3165,361 5283
260,100 890
481,288 1937
318,483 6560
365,3202 7039
95,112 4613
79,114 4914
263,114 1441
1115,274 4283
104,346 5111
435,288 4490
111,118 900
1238,114 4048
3323,272 6452
283,339 3015
276,1322 7290
53,54 5547
632,297 3100
346,263 5041
46,80 5077
40,33 7332
1605,719 2158
4144,2324 7583
5120,850 7855
107,269 498
339,104 449
97,498 2559
510,301 1201
365,99 4665
279,114 5731
47,112 6527
316,534 4396
380,5238 7331
475,99 4600
283,1883 2723
419,100 1021
461,280 6928
294,309 981
343,320 727
398,361 2695
1487,277 3025
411,720 4042
125,13 4069
682,97 4319
1076,491 6349
303,1033 2106
317,314 6908
5668,121 7975
4127,1760 6431
2645,2645 5008
258,115 386
816,2472 2910
2093,263 3617
56,423 5135
310,863 6015
334,116 2923
6964,116 8069
1499,263 7676
380,689 5723
306,497 7744
51,56 4157
268,699 2866
298,1877 5837
318,3118 6282
629,414 6881
280,1902 2432
445,3661 7078
99,260 5032
609,274 4917
262,92 5560
263,103 901
102,1218 1544
289,291 2440
111,561 5469
308,280 6572
114,300 7600
319,115 1832
995,280 3741
257,263 1911
326,112 1925
369,284 2277
44,92 5276
1523,320 3245
407,275 2450
1768,1768 4017
278,114 550
40,96 6101
2001,263 3933
322,366 3640
1668,285 8191
2109,69 7516
413,2867 7482
4377,13 8123
314,322 2480
294,408 3011
105,2244 5464
1928,427 7455
95,109 4818
278,518 540
278,1873 2569
691,309 3532
418,332 5148
321,115 524
117,888 6531
92,92 3829
311,285 847
4699,280 5751
257,327 810
1155,1517 5033
360,108 1751
70,275 3086
716,689 3634
268,682 3686
290,2131 6539
271,299 1189
1121,273 4158
582,273 3457
296,370 7445
98,347 1516
2067,734 3637
1739,120 4854
104,656 5448
1561,325 5306
65,65 7994
261,100 734
1396,2795 3375
577,351 1748
105,412 6515
121,528 3230
283,553 2500
376,388 4207
291,714 2846
2197,115 2655
1527,346 3103
3747,280 7826
99,314 4423
32,315 1341
428,949 4177
799,120 1460
526,678 733
111,322 1908
118,280 1254
426,59 8074
576,982 5061
1911,596 2525
1011,491 4419
1400,628 7230
32,559 1915
724,721 2373
307,622 2737
271,2060 7756
65,1450 6810
271,300 6959
632,4887 5304
465,2519 5367
290,519 1555
896,4344 6996
6364,392 8119
1820,341 4226
346,772 1032
377,1032 1532
271,261 1062
1608,412 4547
3437,280 7509
1146,501 5593
569,442 4704
50,53 416
2687,562 7823
874,1266 8068
97,100 345
6877,314 6948
286,304 1011
422,107 693
1701,1563 7342
310,940 3463
4663,285 7558
582,347 5223
374,364 4861
3841,276 5388
1078,115 4436
514,263 5212
278,415 4740
3169,590 4938
380,2361 4698
549,4712 5147
1835,280 5949
67,69 3588
279,728 3711
998,121 5545
105,120 1529
80,1192 7011
50,423 1066
348,147 2950
305,2933 4863
45,75 4770
95,259 5342
1923,285 3329
657,116 3005
102,440 4730
410,3396 6310
399,677 4843
2310,673 5921
783,739 6973
466,57 615
399,2432 3920
279,2863 6487
268,1002 2291
729,1973 6905
360,4288 5709
1155,99 8081
45,1266 4971
356,721 5849
4744,1038 6977
365,446 3407
278,497 1547
290,384 5490
924,2590 5586
1862,297 5970
279,108 1226
32,291 729
514,321 1362
842,408 1369
109,321 6346
261,109 5872
351,103 2557
310,482 7314
290,980 6662
1639,582 7645
291,301 3671
259,285 1731
360,263 3008
316,4021 6705
270,474 933
596,103 944
417,13 556
739,104 4612
357,264 1301
461,2652 4693
1595,2359 7712
2657,2657 3430
416,48 5718
263,1134 3324
99,562 4454
303,499 6993
276,472 6782
1901,2717 7262
46,5750 5866
1789,285 3404
308,393 4426
1949,363 2501
326,605 7287
45,72 7411
9,3562 4642
121,110 2347
462,488 5834
281,424 586
302,300 1702
2016,1541 6941
912,55 6976
112,396 2472
80,576 6879
93,59 3392
356,347 5315
933,115 4118
5184,351 6315
694,1235 3584
399,732 4145
1660,660 4336
971,2700 5651
115,585 7077
1236,144 3571
3887,280 6777
671,890 6945
382,4367 8181
97,261 483
1836,274 2043
267,104 640
300,264 1778
328,295 2286
92,110 4950
839,101 5046
2017,1361 5822
2977,285 6091
288,336 1007
336,454 7502
105,1083 5360
971,2277 6759
2791,78 7941
4242,285 6656
281,609 1068
480,105 5930
117,100 460
34,93 7029
294,2060 7585
37,44 5661
79,84 2948
1522,1522 5003
898,977 1749
5809,4148 7463
425,115 3917
340,624 2694
1774,394 6156
433,295 973
268,3079 7250
5060,820 6204
481,486 3117
316,1884 2155
3942,401 5102
3580,280 6723
40,92 3502
5490,1157 7608
648,1093 2941
39,109 4528
103,369 3319
1108,2092 3991
688,97 7624
4609,2555 7750
346,97 4635
707,41 7438
95,3574 7918
275,109 545
2201,644 4834
919,304 4123
41,40 4166
492,277 3248
2569,115 3735
1608,2792 4980
2952,561 4525
115,309 2538
261,309 4750
98,297 910
304,101 5519
326,1867 6771
258,322 7221
105,334 5081
117,116 330
46,555 5558
1936,766 3914
1035,2390 3436
297,273 2325
97,324 614
411,2790 6607
1074,560 6802
653,412 7027
809,525 2982
2105,427 7616
108,460 678
676,907 4440
313,450 4549
111,115 492
869,720 3659
465,269 6019
316,1004 2587
1645,609 2808
2827,331 7305
303,111 1205
1509,264 3308
342,2312 3102
696,99 822
372,297 499
57,48 2772
277,280 2007
316,276 1712
437,331 3374
1949,280 6350
7162,121 7677
310,3283 6086
1885,3960 7018
1446,115 6634
310,392 745
3284,263 6176
812,527 2142
356,546 5243
1714,3492 7686
266,357 593
377,346 2169
84,101 4686
682,300 7808
493,561 5906
465,101 2581
271,1274 3080
2332,309 5303
95,95 784
2356,439 6411
1394,115 6755
49,57 466
288,819 4239
1724,320 6997
6743,13 7597
1025,345 3925
273,644 3773
4874,604 8070
333,551 3913
302,1416 4849
391,1012 1713
117,295 6585
45,1880 6614
2293,883 4505
4168,3603 7764
338,100 732
308,105 2730
1980,1352 3453
3027,321 4732
1191,652 6559
304,388 719
728,273 7974
279,1755 2078
1489,1849 2107
1062,351 2080
3227,321 4909
340,524 7125
3169,1846 6348
4523,1136 5381
492,272 5629
119,1081 8128
84,1843 6849
631,1745 7394
399,3116 6258
591,591 1484
2494,1854 3244
69,110 4497
929,79 1798
1340,394 2595
99,299 1111
632,3237 5028
946,830 4261
290,446 992
326,682 7144
391,364 6309
538,519 897
371,116 2085
397,347 1295
32,85 523
292,464 5398
97,112 582
51,57 3732
326,606 2350
1857,3614 3936
1052,272 3561
32,84 303
73,100 1145
336,273 2593
279,562 4301
1937,1735 2573
119,684 4338
283,1906 2132
729,301 5062
3513,116 5299
314,288 5952
1035,101 6653
110,289 6691
294,683 996
328,366 7589
121,401 3881
507,486 6524
1550,714 7664
116,1033 2568
1795,116 6854
6298,6418 6894
279,4294 7080
306,1232 1860
649,1877 3521
333,814 5029
116,3654 6047
276,361 4256
470,102 6573
271,311 945
447,525 7339
46,4940 5207
411,735 5845
354,263 4202
66,3566 5808
2522,280 7468
302,116 2177
2835,320 7161
449,116 522
1416,408 2342
41,47 8130
391,121 2372
451,13 579
868,116 5118
1112,289 2742
67,542 7533
311,121 1670
281,2345 6089
339,259 1541
893,321 7961
336,833 2416
382,314 2588
2217,473 2603
492,280 2720
3500,473 4827
39,41 4016
763,334 4598
109,273 1879
268,440 5166
569,414 6789
729,121 6933
59,59 7442
110,272 5047
32,62 920
32,81 1474
2401,280 6823
271,1105 2533
312,108 750
391,2380 2389
1869,274 2023
258,114 697
266,2759 5833
294,3212 6390
550,561 2059
398,390 4110
466,56 1376
4516,515 6474
920,62 5977
948,2820 5217
77,1330 7622
349,813 1133
319,102 922
481,668 1014
309,4165 4286
3336,261 5738
281,299 5236
813,275 8023
2143,1089 2841
280,285 6320
2956,524 7849
377,2416 4267
954,561 3295
874,4096 6165
1207,100 4768
1450,1227 2458
339,269 4874
544,297 2154
111,104 1618
116,280 1053
512,2120 2819
4246,409 6628
261,108 2702
1841,115 3475
2317,289 7517
1577,263 2610
46,65 5149
380,4473 5146
194,160 976
1340,2895 4888
271,3964 6651
259,100 660
1495,562 5772
707,96 7551
1417,1362 4379
32,789 5441
2677,1384 3449
562,289 3149
263,321 6951
2018,105 5502
445,295 2839
66,67 6731
288,103 980
280,115 3126
822,1457 3852
1754,941 4584
933,802 3506
1475,2815 5431
1640,432 2211
649,588 1085
111,116 334
435,263 4848
2819,1123 4994
1403,101 2181
2992,949 5466
1405,1056 3216
292,1268 2504
326,392 6020
507,627 3570
380,2037 2505
260,601 1847
722,6384 6871
362,389 3509
279,101 899
799,1254 4266
3390,4551 5185
912,52 7574
318,3964 8040
47,1088 4503
7524,6496 8062
105,870 4498
511,99 3743
479,1423 5091
264,116 2983
481,111 2952
310,2322 3085
65,108 3505
102,486 7085
445,70 2662
365,121 4178
256,32 757
278,291 349
325,272 1249
306,339 1947
1936,561 4570
95,99 2356
543,115 4763
3823,3922 7519
32,378 5450
319,73 2635
310,321 4019
95,84 4489
2313,2313 4526
1410,2090 3266
2551,1969 3074
32,33 1723
598,121 3268
294,689 2859
475,336 808
480,121 2234
258,902 2174
981,2400 4302
119,362 4959
68,69 5828
110,97 4831
301,285 3589
69,69 5980
116,260 937
512,1117 1261
259,546 3210
2840,472 5554
2368,750 7914
1275,110 1997
475,4260 6883
303,79 4506
1491,406 2623
69,120 2633
900,272 6780
4015,3109 5960
73,110 1305
114,1038 7581
1073,1190 5987
277,890 1459
390,299 7989
98,421 8042
1759,6532 7459
960,334 2942
919,116 2520
2534,401 3214
761,329 4018
1256,415 2692
494,116 1401
365,97 4997
1092,744 2741
1729,3229 4764
32,5174 6460
277,3179 4066
2306,600 4332
616,3338 7719
2369,412 3858
598,263 6825
755,371 7753
1623,520 2444
95,500 7718
4143,501 7831
2262,1407 4059
283,640 8175
97,308 654
111,107 3069
989,56 5511
1679,92 8032
273,107 1012
283,105 2050
326,1206 3155
810,601 3856
271,425 4991
119,104 2802
397,272 1211
300,101 553
465,300 5157
45,259 3426
267,1539 4735
455,1961 6401
361,105 5912
507,483 1370
1860,112 4474
543,272 1157
263,594 5099
747,322 1031
290,350 4647
6038,3361 7121
109,259 1390
686,1991 2684
349,3319 4589
351,320 3173
1356,5273 7966
328,109 3289
671,1221 3064
1763,280 5435
2145,332 5267
100,277 3969
1717,624 5799
399,259 1520
869,2257 4330
101,109 388
286,118 842
119,110 474
720,275 7692
410,361 3721
616,308 6752
97,108 274
2201,107 2894
47,591 6743
290,424 4478
1081,115 4765
301,112 379
297,121 2935
50,48 513
288,116 430
291,109 403
435,277 4088
277,370 3632
365,309 5777
1025,608 4012
326,109 3598
289,482 4060
652,614 2994
306,372 3222
291,108 3789
328,118 5002
326,3462 5154
1084,940 6235
326,3409 6450
116,104 401
873,860 6422
1236,154 7568
283,108 1543
4536,1203 5801
9,9 1077
2177,99 3073
3311,1726 7325
61,36 8127
377,390 1923
303,408 5150
1127,401 4065
589,780 1687
481,6948 8019
98,2924 5627
290,309 1504
281,1978 5137
316,384 1456
1979,285 7626
2441,685 2750
381,3196 4579
282,1245 1787
79,3635 7054
1073,1017 4857
1276,412 1849
380,103 3616
112,269 3635
261,119 4648
330,104 4760
276,297 1974
4737,394 8028
1239,3346 4822
1156,322 2977
1237,92 2883
288,983 1990
2755,861 3619
626,321 939
270,431 746
764,77 1626
3111,793 6426
54,423 5210
306,288 4684
1320,336 6109
117,329 2103
725,1258 6288
328,103 2111
399,339 6884
259,473 3897
1037,115 3198
67,793 7232
286,370 913
955,814 2367
3032,280 7105
331,263 1004
912,53 6697
4009,491 5082
1146,3948 4279
5202,6028 7169
443,304 1172
314,108 2900
459,97 4937
325,299 5663
1862,3401 6010
319,714 4895
1431,1102 5090
1722,473 6326
32,348 487
119,1089 5570
826,936 5438
1031,272 1946
483,100 1865
45,118 7238
365,322 7592
304,2602 7817
271,419 7730
974,280 3081
259,115 1187
292,311 6774
67,506 3152
338,336 4027
111,304 534
298,112 821
333,1325 1669
303,327 3078
79,82 1830
2974,1028 6689
2239,412 3609
1191,2777 7073
410,111 5716
291,457 6862
47,96 7047
274,115 820
360,101 3464
271,568 5596
2509,482 5944
275,285 3514
2377,1985 2380
257,791 1970
289,432 5724
99,379 6526
365,519 4990
287,1118 1654
1196,4244 7483
2980,731 5812
1151,684 4803
292,112 1840
69,4202 5481
121,297 2564
339,956 5997
7808,2099 8174
1601,1675 2297
2480,473 3263
32,71 465
49,423 1290
50,52 1762
350,288 887
1547,1567 2560
689,121 2794
391,3566 6043
445,490 2746
340,932 7249
257,1760 7958
415,353 1881
298,312 4507
279,1192 4928
120,116 735
99,384 813
53,55 5968
114,442 825
445,104 4995
1621,331 7196
279,3125 4362
273,115 442
48,53 3821
110,100 450
1025,118 5993
480,432 7183
493,101 4513
276,104 362
326,274 6824
114,339 5143
577,101 5707
322,263 3373
40,3399 3967
298,2085 5211
95,105 5495
725,472 5542
62,40 7824
356,455 7887
302,2797 3495
279,4612 5410
418,98 6504
5679,77 6751
417,125 7816
1164,1908 3026
119,364 1807
290,330 4046
270,503 1546
333,269 2218
1666,309 3878
981,504 3899
1210,595 4521
306,392 1389
65,77 5031
1595,1408 6987
1555,415 2076
318,3636 5087
2026,297 2284
2282,1110 3729
1751,273 4720
281,309 6639
326,336 5078
99,350 1167
547,115 2406
105,347 6210
3045,320 7962
282,1652 3485
303,932 7233
95,2428 7209
2850,115 4932
80,79 7118
3795,115 6981
265,757 2614
1733,499 2987
809,1567 7596
268,2196 2738
44,44 5242
713,7751 7772
292,119 6775
117,112 1312
87,87 5669
98,288 7521
55,56 4981
298,102 1625
1682,1976 5051
46,99 1452
283,1012 3182
111,111 650
305,414 4457
443,355 5655
85,78 6442
1484,1484 2645
321,274 861
97,259 454
100,364 1634
1370,100 6102
2578,4020 7722
878,116 6749
114,666 5333
68,272 8141
631,621 2258
812,551 2782
56,57 7351
697,103 2578
1653,1899 2604
259,97 2077
1432,546 2326
290,439 4893
110,121 7158
291,115 5899
349,2100 7191
1443,840 2321
399,101 6750
266,329 817
514,280 1041
294,390 934
5359,321 6841
4126,1050 6092
99,756 4244
298,354 5014
268,409 2773
278,309 4385
447,108 975
306,390 1604
294,691 5084
270,98 943
32,37 3083
1174,2039 3137
351,371 7889
310,545 5244
283,345 4574
32,260 447
318,793 2495
99,961 5196
2207,115 5479
1608,491 7529
37,46 6918
372,309 3525
318,288 2529
1581,101 7466
346,2575 4524
301,101 527
114,264 1097
1487,289 2716
404,401 7615
737,737 1297
289,768 2906
828,121 6177
333,1017 3051
268,396 3883
1024,4623 7723
1885,504 2522
298,329 1170
1095,280 5615
410,688 1489
649,2861 5858
116,1843 2677
580,371 3017
290,1598 5839
273,393 2051
261,304 5657
115,392 5309
272,115 384
978,354 1131
1917,285 7619
2135,289 3360
323,41 6203
110,802 1093
98,3343 7229
108,276 5544
278,693 2840
3331,680 5517
83,101 4828
105,442 2423
261,269 2519
2272,280 3582
268,805 2398
290,269 2455
1445,115 3465
269,263 718
99,394 6496
322,280 4656
271,108 695
1124,464 3891
365,826 4873
632,629 5701
1560,7174 7754
306,97 477
357,285 3780
418,103 2260
1840,876 6714
1570,441 3568
268,559 2800
974,3624 5222
271,551 3734
1126,5448 6523
870,425 5169
2517,2517 5213
432,320 1371
93,367 3297
267,347 5364
114,274 1408
270,112 1518
2855,115 7349
365,273 1980
108,346 2922
463,320 5327
259,121 5603
2190,1162 5416
577,624 1612
98,116 6641
1079,500 6792
1261,280 6238
2194,285 6630
893,339 4126
4372,321 5497
410,69 3029
399,1022 6770
118,571 892
352,101 1125
47,5438 5720
1025,274 7837
2396,499 5231
1188,53 5322
1896,1063 6341
279,420 1935
461,371 1869
810,1731 3559
305,273 726
838,723 978
5696,1734 8180
311,321 3212
290,534 918
576,83 4032
68,70 6876
115,101 329
116,101 670
276,373 1994
2429,353 3547
763,4891 5258
350,108 1424
4633,115 6130
106,504 782
84,67 6962
360,267 4715
784,95 6079
3894,121 5692
345,683 5451
100,115 949
346,280 3533
2898,334 5355
477,1597 2751
3835,936 8111
112,104 716
4779,522 6124
1676,1118 2920
298,1778 2767
306,275 4352
372,275 3415
466,53 3865
73,77 2757
530,269 6022
110,103 1948
72,4511 4992
1702,983 3660
100,388 5672
283,331 7588
995,115 7731
349,1525 6470
3240,1568 3888
272,394 8171
32,532 3800
259,107 1176
77,640 1514
271,439 1005
291,119 819
271,547 1795
809,1407 5687
783,345 6038
80,84 6155
82,688 3606
318,961 6939
117,297 2271
125,1048 3834
316,1636 2964
328,110 998
879,280 2063
463,297 883
109,112 5163
118,263 371
121,101 6767
1189,1670 2945
1140,515 7586
759,3592 4502
629,285 3237
108,393 2590
32,387 496
1360,1203 2572
580,103 2540
871,115 5253
1073,1134 2844
4626,3860 4859
538,606 4311
319,68 4240
263,274 1902
90,7663 7890
3498,275 7214
1897,115 3204
340,460 770
111,102 1880
32,261 298
282,116 2018
322,272 2146
729,330 4382
285,263 6911
110,420 1993
1212,1803 6185
4531,6199 6616
1231,1117 6062
3008,626 7985
290,388 915
676,699 4272
679,264 4816
1864,454 4870
110,334 1302
4289,1899 5354
479,750 1049
1783,456 5893
330,115 6236
368,280 2745
304,263 5955
105,267 5802
730,4972 5771
67,439 3285
1640,105 5108
2198,280 6033
327,121 1856
271,575 1160
82,272 3805
390,115 1110
278,630 1737
83,67 7637
1666,420 7070
667,320 8093
898,491 1285
1893,439 3330
443,297 5621
310,1725 4926
1189,347 5016
703,100 3500
960,794 1848
569,351 8073
4954,1442 7536
418,374 5889
330,427 3443
72,991 4982
97,311 2913
4182,2088 4626
271,394 2647
308,121 983
459,932 6901
2435,88 3058
111,533 4305
109,288 5153
1596,1990 2403
4502,1109 6409
318,111 2687
375,110 6659
318,1571 3585
1108,275 6303
108,97 5909
581,112 1338
111,121 2302
1215,284 4666
279,267 3564
543,111 5454
616,322 6330
711,519 5437
1720,322 4082
2615,115 5831
507,415 5876
6148,909 7155
468,1302 2338
278,330 2207
195,151 5430
271,2557 3169
477,312 516
869,3554 4538
911,2614 6267
967,289 1717
383,2541 7177
1639,2787 4230
40,548 610
73,116 2144
536,110 741
298,1972 3288
2501,1414 4455
51,423 3713
303,82 7302
2167,561 3367
703,1493 3444
108,289 456
1348,285 4996
843,1457 7706
391,4052 4373
1467,3718 4609
926,758 2798
1729,4479 6194
894,107 5423
309,639 7800
340,1491 7870
360,104 1833
835,881 950
372,320 2496
326,1644 2336
762,1089 2526
1347,285 4203
408,285 6049
1434,633 6334
3269,116 5204
914,275 7825
329,1132 3441
411,629 3750
349,1601 4232
2156,285 3774
275,116 440
83,99 3706
301,259 5085
45,3115 6039
283,2150 7409
303,2301 7640
3522,3424 8100
98,1029 4961
3276,136 6468
787,2774 4587
258,99 783
1043,595 5975
114,276 853
125,36 1765
564,320 4517
256,438 6522
51,50 1288
96,96 1168
290,1726 4667
340,689 7988
46,46 570
745,557 952
924,440 1537
410,388 4955
1730,109 5935
282,121 787
365,1356 4702
307,471 4979
1059,678 4242
730,425 7555
32,100 294
388,557 1995
385,100 3738
745,263 6488
2182,277 6613
260,562 6638
2293,2375 5241
342,102 1783
1805,1829 2027
80,261 7773
569,614 1942
569,4312 5098
1256,887 2045
3874,409 5458
279,1680 2553
271,1311 1515
268,1032 2387
573,350 5760
1689,3652 4424
435,421 6842
3906,2359 7602
649,1525 3027
288,105 777
111,334 2081
675,115 3756
391,288 4799
835,614 6955
937,2334 5776
1943,1827 7313
1388,273 2161
958,3156 7156
278,263 607
109,341 3908
785,390 6035
5037,1827 6359
105,297 705
3609,1371 5735
110,346 7970
112,831 3060
32,34 429
810,511 4504
1702,121 3497
1285,1373 2057
283,291 1813
736,1056 4081
326,104 1621
2757,982 6418
658,115 1196
278,364 1400
641,354 5639
537,3946 7691
919,669 6365
3102,280 5594
349,1123 3862
32,396 995
4029,887 7426
224,164 7784
316,280 4109
258,119 8113
785,121 1116
267,1211 3258
311,98 2976
581,888 2727
1391,3671 5886
2355,392 6405
570,47 3830
3939,860 6947
1107,4730 6930
2484,4929 5449
326,79 7570
73,354 2384
117,546 2726
577,4750 6574
1463,285 4461
258,2763 2858
3363,3637 3717
812,2184 4786
935,2278 2788
407,3247 5474
1625,720 4568
283,704 3264
77,273 4015
1561,637 4099
4112,285 6121
1773,1491 7729
686,684 2046
340,369 3539
3525,272 4120
310,606 7652
1069,430 5898
102,314 4632
372,1519 3486
1781,115 3291
1369,353 2818
271,5950 8139
1011,568 3157
39,100 7762
671,633 2282
569,3345 5324
5641,699 6971
32,94 1953
294,627 1685
435,3527 6804
529,274 613
346,112 1593
261,346 2602
259,274 2689
79,646 927
2475,115 5057
1418,628 7252
2250,394 7514
45,77 6084
97,106 7786
3988,1622 6520
2648,277 4092
92,1772 5026
435,5280 6761
283,111 1739
398,397 4523
651,388 1922
447,464 3447
413,2035 4999
2498,546 3022
70,70 3730
620,285 3847
100,97 4399
290,1931 4284
350,1258 6088
98,105 7742
2539,1203 4262
1363,614 7856
259,99 1059
1339,2774 5073
1128,1221 2715
948,394 5284
65,84 1356
278,369 2303
105,300 5177
34,367 3491
377,813 4718
117,291 1801
412,394 8099
325,274 2101
316,352 4257
47,4179 4739
272,3542 7462
1325,384 6631
6290,362 7781
3478,83 7628
1119,2922 6521
893,863 3493
116,347 3419
3986,779 7739
71,69 4172
1692,1692 3296
1914,1179 4906
486,280 6128
2050,300 7370
804,285 6034
407,1081 1719
34,59 1511
32,408 1270
303,263 8138
77,80 3072
290,264 1234
422,636 7802
309,119 827
32,59 4184
1616,115 3995
340,288 5867
1938,1254 6218
290,275 4006
2742,393 5485
267,97 683
3498,590 4714
1603,384 2262
1526,528 3001
4003,355 4809
481,2394 5748
310,551 1039
283,1501 5086
1740,406 8101
1858,941 7774
65,1859 2053
2384,3324 4125
271,288 1210
537,2051 2285
306,277 963
109,280 2656
121,433 2453
259,116 341
32,89 762
268,119 1639
509,636 2188
632,862 4005
281,575 965
111,525 2924
461,355 3974
40,40 4041
46,115 698
281,1732 2206
408,284 4421
2467,355 4488
607,109 5721
350,97 3624
101,336 5550
268,364 2194
5981,515 7656
105,272 393
84,77 4601
1107,628 6471
2504,373 2507
40,2015 4582
290,259 1108
711,1110 4625
281,584 1046
319,690 929
770,731 1473
1087,3060 3864
2544,351 5420
108,621 4592
297,553 1959
92,2597 8037
462,666 5765
1060,2136 2470
360,403 5981
1998,364 7860
385,1000 1417
283,418 1213
279,406 5552
303,261 7944
57,56 5742
2163,114 6710
117,320 2828
111,114 275
277,285 2468
333,374 8001
226,128 348
119,805 2037
356,6088 6564
365,414 5492
409,100 1871
281,3247 7122
32,44 2376
111,329 831
3984,5621 7388
564,1524 6268
434,654 3147
5990,594 6433
512,932 7643
2754,5649 6608
313,329 736
418,115 4084
363,408 2926
337,99 812
346,1726 5991
116,472 6545
279,425 1951
56,48 2512
312,261 3456
68,390 7389
266,261 786
268,621 6834
843,1485 4346
308,2128 8108
447,261 1436
470,939 4225
65,764 1106
305,267 358
671,260 3984
340,364 4767
462,833 1960
111,431 5024
782,115 7827
1127,320 2160
2290,272 4532
5598,2329 6461
117,533 4193
878,910 7667
1769,409 2854
1765,46 7668
399,114 2637
971,430 8054
687,272 7013
1816,297 7031
259,110 6855
115,112 1363
319,83 3778
105,312 427
381,555 1643
461,720 4249
410,635 2034
334,260 7609
810,669 2865
302,401 3353
316,1969 7274
3553,4886 6506
279,261 1949
65,2458 5697
582,115 2917
44,13 1244
109,691 5311
1209,956 1579
294,111 620
618,585 1716
505,543 5234
328,332 2127
826,637 3036
302,108 1055
32,43 886
1213,374 2066
662,6636 7393
481,687 1463
1937,6302 6555
4849,115 6784
100,263 1147
1432,1563 2287
1801,433 2311
45,3205 3545
315,315 378
361,108 584
116,1249 5484
746,2138 7025
1932,272 3775
114,390 2646
114,594 8026
397,394 2851
1375,92 4772
4509,269 8003
302,2327 7896
406,115 1766
459,5796 6247
480,415 6358
1076,3664 6099
1103,680 5358
310,682 7146
607,626 1668
357,909 6932
674,1738 2661
6625,108 8079
349,112 5264
572,2413 5572
875,491 5054
381,259 1659
114,117 568
3471,3471 6605
882,289 1148
4097,4097 4722
345,111 5480
290,630 2691
2753,364 7797
671,425 2216
452,280 5232
286,373 7716
39,46 7734
443,295 1345
32,208 8183
322,105 1332
45,108 4022
305,114 7440
2017,1254 3714
40,42 4847
306,264 6164
589,571 7805
279,4359 5694
109,267 1657
268,3973 6624
258,460 4075
512,1745 6232
3698,353 4430
5310,277 5713
314,867 2548
1915,97 3302
61,34 4695
618,334 6462
330,637 2457
337,1139 1470
95,1721 7513
32,1034 1774
673,280 5877
391,5169 7180
507,575 1098
101,116 309
329,295 4858
1014,896 1437
5180,6950 7037
261,1175 1827
1833,308 7420
2515,630 5609
606,280 7547
2120,355 6432
2111,2333 3845
1890,412 2006
2155,472 2594
360,691 4290
1165,1442 5227
960,689 7218
2557,590 7384
361,115 1485
928,285 4924
413,669 1253
46,2260 3945
278,105 5507
268,1423 5885
333,525 4566
407,260 5368
334,427 6449
721,2971 7726
4110,2487 6654
1034,432 4154
3227,524 7026
2331,927 7532
1431,409 2513
913,1134 2068
84,260 1380
1560,3254 5728
344,357 5790
3197,1020 7404
6168,427 8140
478,299 3326
5588,594 5644
865,743 7033
112,288 990
2046,115 4867
377,796 2547
69,88 2725
284,101 8185
3251,446 5794
273,116 412
32,373 1451
1071,4347 6286
259,394 7405
121,108 3380
688,259 3591
1333,780 1697
943,115 2524
716,97 4788
295,284 355
278,560 1834
455,644 7657
79,110 5066
278,108 569
616,110 857
292,474 4746
3971,299 6410
2310,269 5847
32,42 395
696,295 4833
73,841 5729
320,285 2399
729,116 4944
259,492 7995
114,97 327
1337,472 6730
2680,2730 5576
286,1172 1349
270,114 385
3644,499 6322
47,100 7421
53,49 7168
278,288 1527
82,7445 7954
543,110 2390
564,456 1690
462,1377 3186
1159,401 1636
83,585 2717
509,112 4222
330,280 5356
82,79 1042
1728,274 2531
716,105 6858
295,289 6869
91,665 7892
1712,263 3970
3708,280 5913
361,102 2189
526,108 7375
277,109 1402
934,4495 5759
271,542 661
3120,370 6877
54,57 7165
3529,1921 5575
2317,393 5631
2847,605 7792
417,92 7101
272,116 408
103,101 366
2762,1271 5215
2084,600 2340
1733,280 7087
32,87 407
276,1477 3402
1149,1895 5357
569,364 1917
878,431 3613
46,92 6435
279,1377 5891
118,269 1141
470,99 1065
125,123 1375
297,828 2597
325,101 639
1400,353 5330
4628,590 7598
41,58 2343
6307,3443 7127
508,2129 4220
1810,115 5842
268,392 2180
971,1924 6551
257,396 4557
562,101 5167
274,2153 4151
300,370 2131
319,109 2305
2415,353 7307
259,384 846
268,997 2280
99,439 7299
398,683 3893
479,345 1394
1347,115 4418
2429,628 4946
770,121 1503
432,115 3978
461,1778 4094
1965,450 5534
671,269 5476
46,116 4168
335,116 8142
4685,594 5156
879,491 1775
2929,440 5394
273,110 2394
1915,300 4414
2166,4679 5535
480,510 2576
568,355 2049
275,103 2508
346,109 5722
1474,441 7212
282,99 3826
316,1176 3371
1276,321 3656
125,40 5601
638,1295 6517
384,472 1494
785,501 2204
84,72 3792
2649,522 5929
357,304 773
104,2917 4673
279,3573 4960
411,6474 6776
558,831 7544
933,280 2231
342,3183 7561
2860,392 7192
32,120 1329
325,820 1652
102,425 1139
350,116 519
385,1147 1671
1611,1050 4337
3878,1249 4010
2954,280 5068
333,655 5604
481,430 6150
872,115 6935
495,40 6257
277,99 1536
1527,7015 8030
278,1579 2383
294,455 2671
1005,263 7182
85,84 3317
52,56 4056
650,636 2892
261,101 659
107,259 6112
99,1705 7360
435,361 4840
116,269 1118
291,322 7317
357,116 6806
286,276 1640
76,482 3860
672,1767 1982
2186,320 4745
288,99 2040
437,1943 6162
305,1176 2191
564,2831 4466
283,693 1492
676,412 2860
344,121 1498
105,264 284
1220,275 4281
97,118 682
102,102 533
261,272 4317
294,1198 1523
1975,630 7387
497,121 2574
1078,285 1553
99,432 6222
302,120 377
306,338 7912
32,322 3940
649,626 3224
512,5338 6620
309,289 2112
1952,408 7708
462,860 5719
1839,276 4872
558,700 5268
306,301 4796
328,1186 6984
340,425 1781
1154,849 7092
538,4154 5290
1152,850 2836
1478,1478 1797
226,149 1236
5936,863 7735
279,659 2219
1715,2434 2617
3809,111 5415
573,510 5000
108,1125 5349
673,637 5785
226,136 5384
740,2399 5540
32,1568 3240
623,731 3400
41,44 541
108,101 297
617,355 2069
3107,473 4638
435,121 6179
815,285 7170
294,805 2323
2976,273 5174
356,571 806
328,78 5871
99,555 6811
1379,936 2249
2969,101 7052
1381,121 2577
323,96 3993
294,364 1558
4076,334 5473
407,424 4117
65,80 4481
330,501 6742
279,486 2806
360,288 3565
746,351 5421
3038,3038 6000
311,103 3343
305,3143 5941
2179,115 5736
3383,600 4316
906,60 2521
298,295 7903
896,103 3669
308,285 5682
557,103 7200
391,1029 7511
1642,414 4369
3959,758 5805
1059,415 1592
298,702 2436
1834,766 4324
46,13 754
418,3207 6296
1084,280 7300
785,393 3579
1505,964 2377
314,102 6105
437,3839 7795
104,677 3630
859,280 2872
290,3519 5015
6491,361 7251
476,347 3133
577,1580 3938
1086,560 5259
35,35 1063
462,3082 3918
2012,121 4183
328,86 5456
1666,2330 2443
6123,289 7934
1296,121 6459
261,345 1381
437,1814 5613
2743,115 5917
725,1335 1431
108,325 3812
487,152 2119
121,112 3323
46,892 5173
391,361 5433
345,400 548
581,531 700
1189,1408 4068
2809,734 4416
1934,276 4140
960,553 5836
508,522 2535
110,900 3896
721,748 3636
401,277 3399
435,346 8167
535,145 1413
1782,656 7298
49,752 7789
281,559 2674
68,683 2776
65,118 6819
946,1576 2832
268,274 3158
340,2602 5285
822,393 2252
120,105 5040
1868,275 2358
356,314 2014
65,114 6036
308,297 4159
289,264 7487
1758,628 7749
84,639 3039
32,123 417
9,2623 7279
569,273 1581
526,1051 7452
357,1167 7272
327,100 5346
416,54 436
286,939 1061
283,311 4780
1526,2937 6509
1054,98 6040
1720,559 5702
631,439 798
116,825 5524
2199,341 6601
339,351 7211
105,263 1955
110,551 1420
304,560 3534
1629,756 2272
310,3250 7010
4478,637 7847
774,272 1977
114,321 2359
1546,311 2029
73,67 2109
603,1825 2784
34,642 2439
1834,561 3395
359,4167 6936
648,289 1256
676,408 1556
603,115 6321
2536,277 8051
841,83 1985
557,116 8024
36,36 1048
45,83 5072
109,309 6004
32,122 1314
340,2511 3351
1646,1742 7689
276,656 3921
278,311 1087
410,408 6840
350,473 4677
2495,3373 7284
2692,351 7775
305,819 4743
1270,372 2497
2634,1249 7293
356,422 8095
77,341 3442
275,1000 4333
459,325 3201
2121,296 4248
418,121 1480
638,115 3144
1200,596 3063
271,264 342
479,116 1900
445,114 2016
799,312 2918
5757,289 7418
3610,2136 7741
279,773 884
535,136 743
658,304 2239
589,277 6685
411,450 6596
497,269 2659
893,473 2089
318,311 6829
391,274 7288
276,275 2463
695,1950 2743
598,285 3664
72,101 5120
275,274 6763
119,582 3179
282,6589 7431
4564,3538 6688
308,701 1519
6010,594 7248
1086,2265 4090
111,264 3663
1055,329 1372
340,321 5896
268,2189 2582
5731,3254 7306
286,626 5064
4256,390 4367
1748,353 6195
852,705 2732
845,867 2811
314,121 7757
4093,5130 5633
290,276 6149
2449,119 4411
268,1279 1788
934,1272 2208
2993,1034 3983
45,112 2813
105,368 5039
283,121 405
276,388 7049
843,1554 8091
363,3780 4987
1774,1554 3740
602,115 2314
116,274 917
368,263 2876
1896,35 5734
407,3016 4415
4327,272 6025
1909,121 6356
6569,1919 6929
493,280 6912
112,267 6032
275,393 1846
481,833 1741
483,115 4318
110,274 2805
101,100 280
288,114 3702
82,1931 6498
979,112 1552
271,296 3943
407,584 5786
325,321 8038
45,76 2551
83,957 6118
617,2489 5632
620,4270 7897
3464,881 5209
334,104 928
268,325 1060
413,3607 7397
328,304 7565
271,519 2386
460,101 3047
105,327 7510
3986,285 8121
1074,327 4465
5339,115 7428
32,1574 3306
32,124 864
1071,121 3339
278,1471 6649
869,2652 6674
283,1173 3704
2573,3272 6082
365,274 6739
117,355 6603
479,562 2316
1564,600 1756
1415,441 3138
258,261 375
45,67 5127
279,2714 7489
268,104 507
105,321 2562
105,371 1819
1463,272 2220
401,285 2774
1428,1921 3130
777,273 5116
45,110 6213
97,119 966
342,839 3474
3178,345 7280
1577,1021 3049
1395,2845 3782
294,1845 3843
507,582 5835
70,1009 3855
361,2334 6214
1647,115 2452
1449,401 2471
271,2711 3544
269,1399 5378
645,42 3541
97,644 5136
112,101 433
288,107 691
476,272 2210
1286,285 4114
386,973 4633
345,916 6481
281,104 382
118,277 4617
1497,983 2240
352,350 6028
268,299 3035
301,272 2184
271,849 2991
47,47 387
466,52 3828
79,87 5373
274,297 4978
357,109 3981
1074,1745 6954
1510,5821 7553
2637,598 6846
278,280 7380
119,408 5171
40,120 2624
281,677 4034
271,121 4963
810,1455 6466
3835,441 4951
344,261 1306
1042,77 1688
799,2909 3099
1512,1512 3362
271,611 4398
83,309 5035
46,1268 6778
105,274 432
396,285 1471
821,1192 7572
76,1045 7503
674,379 5931
297,120 3033
2281,297 4258
66,121 4563
1839,883 7154
263,121 907
1205,498 3142
4757,408 6280
2873,280 5131
39,312 4654
318,379 2000
2047,1020 3089
3980,594 5246
407,1732 7752
1820,431 2483
411,120 1191
1504,274 4660
4044,454 4580
1800,4375 6833
1360,499 7737
2124,115 3794
3431,312 4588
1944,263 4208
762,309 8188
105,1094 6446
56,56 2736
2161,285 4500
729,297 2735
3199,432 7665
302,522 4783
573,420 4562
1523,275 6958
85,77 3462
4668,13 4806
572,2744 7520
328,99 3178
297,288 3365
1992,272 4349
3289,621 7828
1813,474 8020
376,115 578
310,7329 7876
397,308 3648
271,5436 6578
72,331 6618
509,341 2166
102,116 828
2484,6449 7844
1714,414 4691
418,1229 6087
573,272 5618
114,415 1158
297,750 3574
34,541 1743
290,830 2227
69,67 5092
410,1622 5144
623,2548 5918
5634,67 5903
505,2328 8036
399,2205 6378
650,107 1029
277,101 860
275,321 4328
310,1939 3751
46,95 5371
372,722 4441
1793,1566 4546
313,112 703
111,457 6412
287,588 2156
783,5815 6447
352,289 748
306,421 1149
599,95 4115
271,1641 4028
2632,297 3519
100,1845 3196
319,1242 1784
257,119 742
342,99 2096
274,394 1321
261,702 6550
421,263 6805
289,321 2895
105,107 2486
108,100 464
572,115 1103
310,827 2143
653,309 2824
851,418 3336
455,107 1045
318,108 1770
51,48 1265
333,117 1720
268,1698 2665
352,116 3318
95,68 6581
279,568 3841
1533,731 4353
2939,1551 3014
550,325 1596
395,47 807
872,285 3472
105,457 3985
3148,111 3719
2605,263 7481
1395,2418 3045
912,57 6037
286,1258 8115
511,118 885
121,1981 4511
257,800 1635
260,110 1081
258,366 1815
1142,320 2756
392,101 2304
1239,2771 4143
1161,532 4530
762,547 3488
1062,624 6305
110,324 1219
3655,263 5764
1119,4903 6441
479,6144 6606
4716,1053 7670
303,311 7971
279,2065 2198
1031,285 3618
279,291 6308
728,275 7447
318,837 5459
410,841 8178
118,4159 4931
2158,115 4748
322,680 2460
530,1727 2012
1668,280 5048
290,280 1165
535,147 1478
101,363 3607
278,1157 4759
2350,766 3777
377,1110 5007
111,108 314
120,322 6940
326,309 3996
49,1064 5911
318,301 7117
872,353 1572
657,304 5350
311,393 4581
3903,1855 4685
375,300 1964
345,101 1113
41,502 3053
284,115 637
69,5237 6430
267,427 863
78,84 690
3321,501 5331
2974,482 4611
558,277 663
109,117 7277
447,267 3348
3043,883 7046
95,116 2639
280,2128 3593
2006,320 5172
279,352 7060
114,111 291
83,84 6093
839,735 5404
281,361 7352
112,1579 2728
349,431 1120
356,277 1839
702,347 7369
1728,297 8072
269,324 680
32,74 573
347,685 802
3493,320 5250
1076,758 7072
306,300 566
398,1106 3994
290,900 2408
1026,38 2283
1269,280 3594
323,33 7067
1443,276 3668
2796,128 4097
326,116 577
1112,108 3871
391,327 5982
520,115 5366
705,116 5563
4433,964 4616
2615,285 6875
296,100 4905
1385,644 4910
271,1201 1315
32,66 391
85,1559 2893
967,1756 1841
101,295 504
915,1516 3418
350,115 6968
687,117 1884
1097,289 2748
2524,606 2956
425,100 3226
854,600 3870
478,1576 4409
2087,473 2707
1685,3220 7613
414,272 8179
396,115 1924
1774,1457 5409
271,961 1594
875,412 1454
649,108 6725
302,7000 7578
454,115 1438
260,116 6136
365,79 8176
1828,280 6644
851,2277 4966
54,52 2438
337,2237 5202
1270,351 3796
1557,280 3854
110,361 5413
517,378 3287
105,116 276
1492,3850 6294
1210,3385 6191
114,322 7950
465,1325 8166
377,1889 5278
1086,3388 7882
279,539 1220
333,1377 7793
301,97 4655
573,2828 3394
869,297 3923
39,714 5140
47,115 4341
117,108 350
117,628 4020
365,259 3379
356,1908 5902
1823,758 6332
288,644 6562
388,289 3361
2826,659 4554
115,121 1793
437,309 8156
3631,510 4921
41,92 5344
257,291 4650
745,1516 2374
724,309 4964
322,115 1757
573,263 5187
290,274 6240
3836,1266 6727
319,110 470
6007,491 8000
279,2081 3454
34,41 930
306,547 5864
2315,308 4014
263,351 4690
926,321 4934
268,966 5477
109,121 3765
108,562 6701
274,272 1279
709,531 3513
1509,338 4054
650,650 7138
453,62 4608
4042,722 6988
298,98 7228
891,498 1037
971,401 6773
297,103 2544
102,1755 7340
279,1424 2233
1107,353 6075
117,99 1143
289,644 6965
3199,347 8052
70,539 4707
105,314 3335
273,804 5503
2185,289 3962
2454,1838 7343
478,539 3528
112,320 3136
117,261 409
730,285 3823
324,515 1114
101,121 5472
108,121 320
396,263 585
422,748 4680
305,868 1954
1464,425 5379
99,272 993
105,361 1298
257,338 7738
492,520 3946
2272,272 7682
733,101 1483
338,107 7269
445,78 3185
97,350 5286
3103,2133 5737
260,345 4728
391,853 3159
349,115 6982
346,115 5361
361,259 2437
302,112 4675
283,1029 2430
316,289 5109
288,393 1563
2581,2508 5990
117,115 414
99,285 2489
1848,876 7320
309,373 5854
119,991 7700
5040,1135 6589
523,110 792
2543,636 4089
112,322 3516
82,101 2405
1084,115 5439
271,895 4435
283,1709 1934
334,289 6897
349,1880 5206
671,2519 4973
851,5426 6014
279,463 6702
1107,98 2031
1220,590 6732
3159,804 4150
1500,84 7707
282,110 2306
3337,3277 5787
290,414 2185
604,320 4701
289,524 2676
100,351 1493
283,486 6114
43,43 2479
6072,284 7527
926,666 6490
1739,534 7874
326,1761 4361
1657,289 7408
1146,2181 4889
279,3030 4776
283,261 1495
946,1438 4898
380,2848 3483
261,332 369
1839,600 5161
2121,439 7642
465,2212 5080
1226,543 6262
2402,594 2434
104,449 7120
360,1559 5679
360,1004 4965
2028,285 3762
279,418 2145
4220,699 4949
111,371 849
1062,473 2718
32,58 1392
52,48 2038
2175,2758 4026
45,84 8035
79,78 1565
117,107 5220
291,443 2120
271,486 871
711,322 1577
97,366 472
374,280 7674
732,734 4692
328,114 1320
32,73 319
41,1048 6273
279,288 2492
32,384 2753
310,273 7227
319,116 651
296,450 760
268,957 2620
360,261 2877
5878,2468 7491
483,354 1873
306,2184 4837
1277,118 7172
1256,768 6299
1389,273 1863
310,1806 2062
1604,590 2266
100,683 2428
391,111 7377
302,1083 1339
54,48 2074
267,272 624
46,34 1161
437,101 2955
311,701 3366
462,338 1754
291,297 6364
45,401 5747
434,4751 7148
475,368 924
539,347 6302
684,263 3435
1348,280 4051
102,403 1368
822,748 1912
340,1580 2004
879,285 6395
98,693 3424
3926,4657 7000
257,389 7382
809,637 5193
395,13 1289
114,115 2908
72,449 4864
2961,553 7234
1165,594 3754
1874,861 5445
105,363 1403
2674,320 6153
408,115 6339
389,297 7195
271,421 5515
665,498 1364
1521,115 3129
1207,400 1704
333,427 2552
580,1801 6250
319,70 7422
98,108 4850
657,949 4736
32,67 318
258,109 631
564,528 2475
573,111 6566
492,285 5345
459,331 7448
392,272 7796
258,2097 5804
294,595 2579
507,2516 4811
729,119 4550
1133,285 3700
118,272 1361
470,1172 4394
47,6363 7998
661,338 1340
2017,1597 7535
356,562 7820
392,888 8122
2454,3402 4448
459,1125 4942
294,473 7309
543,263 3109
346,439 1721
45,4687 5791
290,3663 7942
1280,1143 1874
415,115 2556
2999,701 4607
3340,1408 3980
261,280 5192
61,61 737
299,115 731
67,2791 7840
298,109 946
333,677 1506
257,111 292
807,13 953
925,259 3188
2695,3228 3446
1277,1390 6567
465,800 5076
478,1851 6098
372,553 3848
1998,5360 5781
459,2108 7337
2183,280 3389
662,3947 7295
307,265 622
308,492 5659
661,3277 7799
123,92 2123
858,13 1013
2208,280 4470
258,325 4782
278,472 2984
1133,272 4343
1305,3712 4449
2386,1109 5590
267,275 1163
538,973 2105
759,272 7283
111,275 6693
277,102 5130
291,2555 7350
442,284 5426
1677,263 6067
2421,280 6486
257,5299 7471
437,861 2102
3101,916 6220
279,655 7779
99,116 295
466,49 4194
340,1486 6737
564,291 799
486,115 3955
36,44 3694
1238,1097 5270
679,582 7053
65,78 1919
893,666 7110
2734,115 6571
97,110 273
2540,863 3403
1683,280 6729
114,412 4128
589,314 5447
2235,115 7733
505,1157 4510
279,469 3377
356,299 4246
4300,299 5059
45,1312 5266
2481,483 2988
487,147 1030
437,1725 2488
259,5942 6687
121,100 7367
373,110 4198
1107,272 3438
258,100 413
105,98 463
272,101 3892
97,99 422
873,308 6626
268,110 4287
342,115 711
314,1254 5695
298,108 893
360,1524 7925
3584,115 7705
759,454 1585
278,3768 4599
4363,3365 5846
686,3786 7207
268,655 2213
365,65 3968
118,820 7648
1552,272 2263
107,297 7507
1569,321 2113
1455,633 2370
125,754 6361
1074,3358 6900
815,280 4983
40,532 2829
348,153 494
427,320 1803
281,97 4273
316,2108 2583
290,454 1724
114,510 1799
361,116 5932
274,322 4974
943,1831 6666
851,2720 6896
658,3077 5985
1086,3742 7715
926,351 5745
299,114 8149
314,1020 6830
2486,415 8137
263,285 1734
102,1966 3815
294,361 1998
461,97 4640
266,425 5316
508,288 7525
259,280 1259
4832,5644 5689
2050,2204 7542
260,1657 2771
257,121 979
407,362 2223
306,334 3314
428,99 7922
85,115 3655
461,1631 1926
465,117 3510
257,2556 6709
815,272 6380
316,1681 6726
279,705 2724
1234,2463 4389
261,4765 5138
2854,353 7273
1932,280 3646
599,34 7522
311,116 5666
318,273 1916
1031,263 6187
109,269 6336
2949,510 3494
1814,69 7617
105,97 594
934,491 3558
2588,320 3003
433,99 1761
3371,280 6372
333,1423 6018
322,101 559
3706,425 5888
108,115 4148
328,108 1079
675,100 2116
40,2451 4045
909,433 3298
402,118 1936
294,263 3024
4143,876 7190
1911,853 6029
1085,3599 6508
1069,486 1421
2513,2908 4649
338,101 1989
290,510 1507
785,1110 6287
336,285 7577
32,86 589
2135,121 5418
54,56 6371
97,361 7379
809,350 2997
1581,941 5531
1979,280 6712
45,1464 7515
275,112 837
338,670 5810
333,2727 2957
673,272 3274
456,321 4141
340,424 1886
2839,2685 3413
326,99 1434
1214,324 4758
53,48 1178
533,1009 7546
3890,320 4618
360,314 4063
115,104 2473
324,280 1889
4006,941 7416
1112,276 3206
356,5469 6848
589,263 8105
95,102 3857
899,309 3097
292,928 5320
402,5420 7829
402,345 3836
80,108 5761
715,44 6251
65,66 1425
269,329 1169
954,766 3555
47,1364 5637
398,796 3916
399,4357 4936
869,656 6991
313,110 638
270,308 2226
797,605 1313
264,272 2427
812,856 1252
356,777 959
899,280 3522
281,264 3621
1228,5327 7893
95,1472 5841
391,108 3352
4486,896 5868
967,1198 7178
7504,8045 8189
739,519 7579
337,104 1660
294,296 2912
470,304 2454
95,1493 3009
294,269 4036
1729,3434 6375
105,735 6671
1689,3072 7088
873,324 5829
360,369 6799
328,100 1277
34,46 3262
837,275 895
413,106 3631
45,261 6159
277,373 6456
105,351 2128
45,114 5758
259,6177 6408
117,98 389
365,425 3356
269,366 4984
2096,1099 3437
269,116 299
411,110 1155
84,1033 2067
288,370 3218
686,1872 4422
413,2085 5878
1925,704 7864
1646,427 6009
356,1203 7301
1502,320 6301
313,341 467
461,1075 8094
105,261 469
296,116 555
1228,883 1461
275,370 7259
1515,320 8048
283,114 1560
2733,482 3901
411,3792 6966
5970,366 6516
377,6410 7245
445,330 4593
6024,347 8150
365,1330 7390
318,275 5992
1448,355 7791
32,111 270
34,34 5491
1862,275 5961
349,443 617
1278,1278 2517
58,13 3546
328,354 4111
2327,1136 4887
710,927 6368
434,406 452
382,705 1422
440,103 2965
925,482 3801
106,2302 4712
1154,415 7630
654,499 1610
1260,1260 2313
283,408 2115
1660,682 2466
444,1321 4784
3216,320 6816
310,528 2186
281,668 4013
411,363 4107
48,49 1958
328,66 5408
366,4011 5238
2229,559 6766
616,424 7141
105,109 325
1455,105 4823
1833,794 4882
3188,520 4169
1538,115 3238
971,1480 5385
326,3172 6083
279,1209 7499
494,109 8031
1816,987 3681
786,1476 7931
760,115 3079
88,88 6434
97,276 7978
476,263 1247
3969,1825 4771
380,621 2251
1058,803 3698
4446,280 6285
1124,1167 1722
4101,1053 7763
1690,321 3623
276,427 1530
1425,889 1650
32,700 7235
2009,121 3451
573,2586 3019
103,108 7960
69,68 2599
623,269 1358
2130,284 4661
275,100 684
319,80 7646
279,3043 7202
289,97 4741
445,474 1733
271,114 2536
9,13 6046
291,474 3050
111,390 4459
78,78 4321
105,273 916
40,102 5257
2209,941 6445
107,285 636
117,304 510
112,1480 1817
289,272 766
514,524 4040
1392,61 3820
786,1139 4443
47,99 8047
290,668 7888
783,322 4711
1785,1327 1981
115,559 2566
350,392 6384
1314,1613 2025
1347,280 5875
652,364 1825
431,940 1927
925,1876 3059
912,48 5159
271,553 1426
105,105 2770
289,1169 1969
1155,1281 4108
64,64 1260
328,1658 2949
1191,112 4733
4684,2456 7113
78,65 3320
290,1429 1540
1084,274 5653
465,1374 4541
369,280 6576
99,104 336
514,272 3221
271,1029 7436
444,115 2268
710,1145 4269
268,814 3975
194,176 5405
268,527 767
297,118 2327
98,2229 7982
305,285 3770
2469,320 5053
49,49 1323
589,357 3903
327,341 7219
286,99 526
97,117 709
322,299 1034
509,457 1122
4719,285 7365
413,100 1183
859,115 2299
78,83 1242
279,721 6207
897,280 7341
328,1006 2875
313,115 476
342,116 478
1887,414 3667
282,1624 2082
2308,347 6587
514,264 4801
3595,297 5312
568,295 914
298,304 1583
263,111 1613
1561,284 3825
73,1626 2812
116,109 6625
810,2542 6788
274,116 5620
1220,656 2817
335,882 4472
108,259 5020
46,109 4116
399,403 3452
278,1153 4797
52,54 4794
2837,1310 5487
311,336 2961
298,324 1589
286,106 3280
1086,693 4819
759,1414 7265
829,288 4812
1782,275 2091
402,112 971
1764,1464 6859
45,99 1875
274,280 4427
3819,115 6048
3158,116 6863
283,330 681
306,1294 4326
67,1847 7484
72,1814 8118
674,311 4247
40,39 3953
407,668 8029
269,103 1159
4410,600 7176
72,419 2036
2016,1000 6012
259,666 7378
1218,297 5400
370,121 7852
268,551 1334
981,791 1531
105,110 259
670,101 6870
108,321 4631
305,779 2337
46,100 6181
326,1009 2230
307,256 3231
290,1245 4630
3349,320 4452
1193,115 1963
317,1179 6907
1188,48 7081
470,115 3726
312,121 3787
52,423 4591
57,423 7419
997,1514 1644
684,347 4884
108,272 768
462,285 7681
2702,473 4687
109,640 1729
437,69 7836
572,109 4954
290,2794 3512
360,67 7275
391,3050 7659
290,1529 6172
34,44 1433
459,390 5353
495,123 4325
102,350 1056
295,275 1976
565,100 3004
2182,274 4586
3968,88 4911
286,102 1119
711,392 1944
51,51 3292
98,275 4129
96,754 6323
85,83 1505
32,70 399
306,527 1882
392,98 3401
865,1236 4164
2166,1576 7803
298,4132 7152
1009,107 6677
118,274 1227
3888,3287 4668
577,635 6393
1694,472 4565
340,327 4779
40,1284 5541
1884,472 7153
302,562 7444
4311,272 6895
97,116 267
1550,309 7755
32,502 4323
852,111 7911
305,604 4298
261,103 2114
2640,121 7467
93,45 5562
478,291 1350
899,361 2514
100,117 443
4435,351 5685
393,116 8015
580,813 2498
5141,734 6615
1146,1116 2157
1497,4426 4791
2585,454 7034
1495,774 2696
1231,3324 8021
328,98 2712
108,421 1179
44,715 2054
32,285 5141
108,4522 5528
537,288 5293
2262,275 6530
98,114 2221
6258,1356 6497
104,421 7683
259,636 2933
1917,263 7263
271,991 3420
278,4758 5414
52,53 2870
1907,1989 5727
257,5603 7501
3157,1075 5979
279,2193 2335
46,2568 7587
1917,280 7812
1003,1258 4268
976,976 3471
82,351 4229
286,613 951
360,114 2199
752,49 7099
70,65 5128
1421,263 4406
971,492 2697
51,55 3838
2618,284 6006
1595,263 5389
391,101 2571
104,991 6797
509,1693 1808
410,269 7268
422,121 2137
73,73 4401
114,325 4043
311,110 406
2605,285 4520
288,412 5703
899,101 3989
391,89 2766
38,38 5600
326,84 4053
711,3263 4829
1189,4581 7679
822,432 1892
661,2228 2431
1240,443 5199
408,280 6094
771,112 803
435,390 3498
466,50 4223
392,259 6042
118,101 312
895,321 1274
1073,103 4577
256,256 265
40,100 4790
80,263 2816
3782,4114 5036
83,389 5133
103,272 4062
85,66 5972
325,673 6673
497,115 3647
5087,624 6914
538,1678 2921
77,374 6817
294,291 7247
728,472 7724
307,757 4211
47,4286 5113
48,55 5203
372,768 1760
112,105 4204
313,354 2008
310,334 493
395,42 5122
537,673 8060
812,3589 6142
114,441 3654
304,2564 4958
108,390 6424
91,944 2202
65,116 7012
1179,115 3733
316,455 894
794,277 1899
462,389 5775
1932,285 6211
822,5225 6511
278,297 7432
334,97 5446
1415,2110 4919
335,324 3517
437,5352 5832
277,107 4731
279,500 2225
4755,301 5969
83,83 7130
104,121 2417
110,504 2312
45,3014 3068
3508,553 6198
268,389 658
422,813 7063
1632,594 4358
116,1974 2899
568,515 4696
268,260 1550
292,314 2523
275,644 3813
1570,936 3037
1497,6354 7132
32,352 583
854,1180 3042
1253,274 2292
111,341 1524
1832,1179 6289
711,3540 6055
52,57 4534
1185,529 3279
943,116 3067
1773,2187 3569
328,68 6182
755,457 903
273,99 598
1467,1981 3088
459,482 8114
344,110 3164
326,527 2459
319,100 5998
101,355 2464
670,120 7732
563,539 2482
723,2888 4132
783,2352 2734
478,1943 3727
3280,4581 7771
333,1374 1758
281,300 484
459,530 6021
1717,473 7531
392,273 5280
296,531 868
46,2163 7193
275,716 6100
67,108 3885
83,121 6429
894,274 2033
322,731 4259
364,263 6721
91,34 7599
403,101 5971
447,2561 6949
340,568 5548
759,659 4709
3696,863 5119
461,363 4070
306,2256 3242
2898,1382 6942
97,102 751
101,371 1171
108,522 3156
603,652 6864
283,273 2543
1060,3136 3417
303,800 7518
457,4514 7787
1611,371 7625
424,285 3683
97,114 288
2424,2424 6675
263,604 3538
125,44 3715
426,95 4925
1091,285 7084
1702,1955 5514
382,111 761
298,1141 2395
1287,115 7075
109,374 5958
335,993 5664
638,102 5483
290,1173 1435
751,101 997
116,97 2334
1277,100 5205
399,760 5359
103,309 1268
73,68 1528
2436,499 7197
114,116 2925
1448,97 7399
336,611 1262
711,390 2834
125,125 2628
370,109 3605
437,689 6716
455,314 3960
263,109 791
537,330 1746
479,553 5513
101,115 272
549,1281 1633
569,1038 2688
632,422 2821
523,78 4195
843,101 6051
1119,2464 4462
570,570 1278
278,347 3111
1227,322 3712
399,108 6427
566,104 6974
435,449 4265
2634,722 7658
